ISO-10303-21;
HEADER;
FILE_DESCRIPTION(('KiCad electronic assembly'),'2;1');
FILE_NAME('Pedal_pcb.step','2026-09-22T18:53:44',('Pcbnew'),('Kicad'),
  'Open CASCADE STEP processor 7.9','KiCad to STEP converter','Unknown'
  );
FILE_SCHEMA(('AUTOMOTIVE_DESIGN { 1 0 10303 214 1 1 1 1 }'));
ENDSEC;
DATA;
#1 = APPLICATION_PROTOCOL_DEFINITION('international standard',
  'automotive_design',2000,#2);
#2 = APPLICATION_CONTEXT(
  'core data for automotive mechanical design processes');
#3 = SHAPE_DEFINITION_REPRESENTATION(#4,#10);
#4 = PRODUCT_DEFINITION_SHAPE('','',#5);
#5 = PRODUCT_DEFINITION('design','',#6,#9);
#6 = PRODUCT_DEFINITION_FORMATION('','',#7);
#7 = PRODUCT('Pedal_pcb 1','Pedal_pcb 1','',(#8));
#8 = PRODUCT_CONTEXT('',#2,'mechanical');
#9 = PRODUCT_DEFINITION_CONTEXT('part definition',#2,'design');
#10 = SHAPE_REPRESENTATION('',(#11,#15,#19,#23,#27,#31,#35,#39,#43,#47,
    #51,#55,#59,#63,#67,#71,#75),#79);
#11 = AXIS2_PLACEMENT_3D('',#12,#13,#14);
#12 = CARTESIAN_POINT('',(0.,0.,0.));
#13 = DIRECTION('',(0.,0.,1.));
#14 = DIRECTION('',(1.,0.,-0.));
#15 = AXIS2_PLACEMENT_3D('',#16,#17,#18);
#16 = CARTESIAN_POINT('',(155.44,-65.805,1.595));
#17 = DIRECTION('',(0.,-0.,1.));
#18 = DIRECTION('',(1.110223024625E-16,1.,0.));
#19 = AXIS2_PLACEMENT_3D('',#20,#21,#22);
#20 = CARTESIAN_POINT('',(139.42,-52.705,1.595));
#21 = DIRECTION('',(0.,0.,1.));
#22 = DIRECTION('',(1.,0.,0.));
#23 = AXIS2_PLACEMENT_3D('',#24,#25,#26);
#24 = CARTESIAN_POINT('',(139.42,-41.495,1.595));
#25 = DIRECTION('',(0.,0.,1.));
#26 = DIRECTION('',(1.,0.,0.));
#27 = AXIS2_PLACEMENT_3D('',#28,#29,#30);
#28 = CARTESIAN_POINT('',(129.024888,-38.039888,1.595));
#29 = DIRECTION('',(0.,0.,1.));
#30 = DIRECTION('',(1.,0.,0.));
#31 = AXIS2_PLACEMENT_3D('',#32,#33,#34);
#32 = CARTESIAN_POINT('',(129.024888,-44.589888,1.595));
#33 = DIRECTION('',(0.,0.,1.));
#34 = DIRECTION('',(1.,0.,0.));
#35 = AXIS2_PLACEMENT_3D('',#36,#37,#38);
#36 = CARTESIAN_POINT('',(161.,-52.495,1.595));
#37 = DIRECTION('',(0.,0.,1.));
#38 = DIRECTION('',(1.,0.,0.));
#39 = AXIS2_PLACEMENT_3D('',#40,#41,#42);
#40 = CARTESIAN_POINT('',(129.024888,-51.139888,1.595));
#41 = DIRECTION('',(0.,0.,1.));
#42 = DIRECTION('',(1.,0.,0.));
#43 = AXIS2_PLACEMENT_3D('',#44,#45,#46);
#44 = CARTESIAN_POINT('',(161.,-46.495,1.595));
#45 = DIRECTION('',(0.,0.,1.));
#46 = DIRECTION('',(1.,0.,0.));
#47 = AXIS2_PLACEMENT_3D('',#48,#49,#50);
#48 = CARTESIAN_POINT('',(139.42,-47.995,1.595));
#49 = DIRECTION('',(0.,0.,1.));
#50 = DIRECTION('',(1.,0.,0.));
#51 = AXIS2_PLACEMENT_3D('',#52,#53,#54);
#52 = CARTESIAN_POINT('',(140.97,-57.785,1.595));
#53 = DIRECTION('',(0.,0.,1.));
#54 = DIRECTION('',(1.,0.,0.));
#55 = AXIS2_PLACEMENT_3D('',#56,#57,#58);
#56 = CARTESIAN_POINT('',(161.,-40.495,1.595));
#57 = DIRECTION('',(0.,0.,1.));
#58 = DIRECTION('',(1.,0.,0.));
#59 = AXIS2_PLACEMENT_3D('',#60,#61,#62);
#60 = CARTESIAN_POINT('',(161.,-34.995,1.595));
#61 = DIRECTION('',(0.,0.,1.));
#62 = DIRECTION('',(1.,0.,0.));
#63 = AXIS2_PLACEMENT_3D('',#64,#65,#66);
#64 = CARTESIAN_POINT('',(125.19,-62.045,1.595));
#65 = DIRECTION('',(0.,0.,1.));
#66 = DIRECTION('',(1.,0.,0.));
#67 = AXIS2_PLACEMENT_3D('',#68,#69,#70);
#68 = CARTESIAN_POINT('',(125.19,-58.495,1.595));
#69 = DIRECTION('',(0.,0.,1.));
#70 = DIRECTION('',(1.,0.,0.));
#71 = AXIS2_PLACEMENT_3D('',#72,#73,#74);
#72 = CARTESIAN_POINT('',(139.42,-35.495,1.595));
#73 = DIRECTION('',(0.,0.,1.));
#74 = DIRECTION('',(1.,0.,0.));
#75 = AXIS2_PLACEMENT_3D('',#76,#77,#78);
#76 = CARTESIAN_POINT('',(0.,0.,0.));
#77 = DIRECTION('',(0.,0.,1.));
#78 = DIRECTION('',(1.,0.,-0.));
#79 = ( GEOMETRIC_REPRESENTATION_CONTEXT(3) 
GLOBAL_UNCERTAINTY_ASSIGNED_CONTEXT((#83)) GLOBAL_UNIT_ASSIGNED_CONTEXT(
(#80,#81,#82)) REPRESENTATION_CONTEXT('Context #1',
  '3D Context with UNIT and UNCERTAINTY') );
#80 = ( LENGTH_UNIT() NAMED_UNIT(*) SI_UNIT(.MILLI.,.METRE.) );
#81 = ( NAMED_UNIT(*) PLANE_ANGLE_UNIT() SI_UNIT($,.RADIAN.) );
#82 = ( NAMED_UNIT(*) SI_UNIT($,.STERADIAN.) SOLID_ANGLE_UNIT() );
#83 = UNCERTAINTY_MEASURE_WITH_UNIT(LENGTH_MEASURE(2.E-06),#80,
  'distance_accuracy_value','confusion accuracy');
#84 = PRODUCT_RELATED_PRODUCT_CATEGORY('part',$,(#7));
#85 = SHAPE_DEFINITION_REPRESENTATION(#86,#92);
#86 = PRODUCT_DEFINITION_SHAPE('','',#87);
#87 = PRODUCT_DEFINITION('design','',#88,#91);
#88 = PRODUCT_DEFINITION_FORMATION('','',#89);
#89 = PRODUCT('DIP-8_W7.62mm','DIP-8_W7.62mm','',(#90));
#90 = PRODUCT_CONTEXT('',#2,'mechanical');
#91 = PRODUCT_DEFINITION_CONTEXT('part definition',#2,'design');
#92 = SHAPE_REPRESENTATION('',(#11,#93),#97);
#93 = AXIS2_PLACEMENT_3D('',#94,#95,#96);
#94 = CARTESIAN_POINT('',(0.,0.,0.));
#95 = DIRECTION('',(0.,0.,1.));
#96 = DIRECTION('',(1.,0.,-0.));
#97 = ( GEOMETRIC_REPRESENTATION_CONTEXT(3) 
GLOBAL_UNCERTAINTY_ASSIGNED_CONTEXT((#101)) GLOBAL_UNIT_ASSIGNED_CONTEXT
((#98,#99,#100)) REPRESENTATION_CONTEXT('Context #1',
  '3D Context with UNIT and UNCERTAINTY') );
#98 = ( LENGTH_UNIT() NAMED_UNIT(*) SI_UNIT(.MILLI.,.METRE.) );
#99 = ( NAMED_UNIT(*) PLANE_ANGLE_UNIT() SI_UNIT($,.RADIAN.) );
#100 = ( NAMED_UNIT(*) SI_UNIT($,.STERADIAN.) SOLID_ANGLE_UNIT() );
#101 = UNCERTAINTY_MEASURE_WITH_UNIT(LENGTH_MEASURE(1.E-07),#98,
  'distance_accuracy_value','confusion accuracy');
#102 = CONTEXT_DEPENDENT_SHAPE_REPRESENTATION(#103,#105);
#103 = ( REPRESENTATION_RELATIONSHIP('','',#92,#10) 
REPRESENTATION_RELATIONSHIP_WITH_TRANSFORMATION(#104) 
SHAPE_REPRESENTATION_RELATIONSHIP() );
#104 = ITEM_DEFINED_TRANSFORMATION('','',#11,#15);
#105 = PRODUCT_DEFINITION_SHAPE('Placement','Placement of an item',#106
  );
#106 = NEXT_ASSEMBLY_USAGE_OCCURRENCE('2','U1','',#5,#87,$);
#107 = PRODUCT_RELATED_PRODUCT_CATEGORY('part',$,(#89));
#108 = SHAPE_DEFINITION_REPRESENTATION(#109,#115);
#109 = PRODUCT_DEFINITION_SHAPE('','',#110);
#110 = PRODUCT_DEFINITION('design','',#111,#114);
#111 = PRODUCT_DEFINITION_FORMATION('','',#112);
#112 = PRODUCT('DIP-8_W7.62mm','DIP-8_W7.62mm','',(#113));
#113 = PRODUCT_CONTEXT('',#2,'mechanical');
#114 = PRODUCT_DEFINITION_CONTEXT('part definition',#2,'design');
#115 = ADVANCED_BREP_SHAPE_REPRESENTATION('',(#11,#116),#4888);
#116 = MANIFOLD_SOLID_BREP('',#117);
#117 = CLOSED_SHELL('',(#118,#158,#251,#274,#361,#378,#408,#438,#469,
    #500,#531,#562,#593,#624,#655,#678,#702,#732,#763,#794,#825,#856,
    #887,#918,#949,#966,#996,#1054,#1112,#1142,#1200,#1217,#1242,#1292,
    #1323,#1381,#1439,#1470,#1528,#1545,#1570,#1620,#1651,#1674,#1698,
    #1756,#1814,#1844,#1902,#1919,#1977,#1994,#2025,#2083,#2141,#2172,
    #2230,#2247,#2305,#2322,#2353,#2370,#2427,#2446,#2495,#2519,#2566,
    #2578,#2597,#2614,#2663,#2687,#2729,#2746,#2763,#2782,#2847,#2871,
    #2934,#2946,#3011,#3035,#3098,#3115,#3129,#3146,#3163,#3512,#3563,
    #3582,#3631,#3655,#3702,#3714,#3768,#3792,#3834,#3853,#3865,#3882,
    #3899,#3918,#3935,#4000,#4024,#4082,#4104,#4169,#4193,#4251,#4265,
    #4282,#4299,#4316,#4345,#4362,#4379,#4391,#4408,#4425,#4437,#4454,
    #4471,#4488,#4505,#4517,#4534,#4551,#4568,#4585,#4597,#4625,#4636,
    #4653,#4670,#4682,#4699,#4716,#4728,#4745,#4762,#4779,#4796,#4808,
    #4825,#4842,#4859,#4876));
#118 = ADVANCED_FACE('',(#119),#153,.T.);
#119 = FACE_BOUND('',#120,.F.);
#120 = EDGE_LOOP('',(#121,#131,#139,#147));
#121 = ORIENTED_EDGE('',*,*,#122,.T.);
#122 = EDGE_CURVE('',#123,#125,#127,.T.);
#123 = VERTEX_POINT('',#124);
#124 = CARTESIAN_POINT('',(6.661276356577,-8.121276356577,0.38));
#125 = VERTEX_POINT('',#126);
#126 = CARTESIAN_POINT('',(6.661276356577,0.501276356577,0.38));
#127 = LINE('',#128,#129);
#128 = CARTESIAN_POINT('',(6.661276356577,-8.121276356577,0.38));
#129 = VECTOR('',#130,1.);
#130 = DIRECTION('',(-4.440892098501E-16,1.,0.));
#131 = ORIENTED_EDGE('',*,*,#132,.T.);
#132 = EDGE_CURVE('',#125,#133,#135,.T.);
#133 = VERTEX_POINT('',#134);
#134 = CARTESIAN_POINT('',(0.958723643423,0.501276356577,0.38));
#135 = LINE('',#136,#137);
#136 = CARTESIAN_POINT('',(6.661276356577,0.501276356577,0.38));
#137 = VECTOR('',#138,1.);
#138 = DIRECTION('',(-1.,-4.440892098501E-16,0.));
#139 = ORIENTED_EDGE('',*,*,#140,.T.);
#140 = EDGE_CURVE('',#133,#141,#143,.T.);
#141 = VERTEX_POINT('',#142);
#142 = CARTESIAN_POINT('',(0.958723643423,-8.121276356577,0.38));
#143 = LINE('',#144,#145);
#144 = CARTESIAN_POINT('',(0.958723643423,0.501276356577,0.38));
#145 = VECTOR('',#146,1.);
#146 = DIRECTION('',(4.440892098501E-16,-1.,0.));
#147 = ORIENTED_EDGE('',*,*,#148,.T.);
#148 = EDGE_CURVE('',#141,#123,#149,.T.);
#149 = LINE('',#150,#151);
#150 = CARTESIAN_POINT('',(0.958723643423,-8.121276356577,0.38));
#151 = VECTOR('',#152,1.);
#152 = DIRECTION('',(1.,4.440892098501E-16,0.));
#153 = PLANE('',#154);
#154 = AXIS2_PLACEMENT_3D('',#155,#156,#157);
#155 = CARTESIAN_POINT('',(6.661276356577,-8.121276356577,0.38));
#156 = DIRECTION('',(-0.,0.,-1.));
#157 = DIRECTION('',(-0.551628171486,0.834090139268,0.));
#158 = ADVANCED_FACE('',(#159),#246,.T.);
#159 = FACE_BOUND('',#160,.T.);
#160 = EDGE_LOOP('',(#161,#162,#169,#177,#185,#193,#201,#209,#217,#225,
    #233,#241));
#161 = ORIENTED_EDGE('',*,*,#122,.T.);
#162 = ORIENTED_EDGE('',*,*,#163,.T.);
#163 = EDGE_CURVE('',#125,#164,#166,.T.);
#164 = VERTEX_POINT('',#165);
#165 = CARTESIAN_POINT('',(6.985,0.825,1.903));
#166 = B_SPLINE_CURVE_WITH_KNOTS('',1,(#167,#168),.UNSPECIFIED.,.F.,.F.,
  (2,2),(0.,1.),.PIECEWISE_BEZIER_KNOTS.);
#167 = CARTESIAN_POINT('',(6.661276356577,0.501276356577,0.38));
#168 = CARTESIAN_POINT('',(6.985,0.825,1.903));
#169 = ORIENTED_EDGE('',*,*,#170,.F.);
#170 = EDGE_CURVE('',#171,#164,#173,.T.);
#171 = VERTEX_POINT('',#172);
#172 = CARTESIAN_POINT('',(6.985,0.2285,1.903));
#173 = LINE('',#174,#175);
#174 = CARTESIAN_POINT('',(6.985,-8.445,1.903));
#175 = VECTOR('',#176,1.);
#176 = DIRECTION('',(-4.440892098501E-16,1.,0.));
#177 = ORIENTED_EDGE('',*,*,#178,.F.);
#178 = EDGE_CURVE('',#179,#171,#181,.T.);
#179 = VERTEX_POINT('',#180);
#180 = CARTESIAN_POINT('',(6.985,-0.762,1.903));
#181 = LINE('',#182,#183);
#182 = CARTESIAN_POINT('',(6.985,-8.445,1.903));
#183 = VECTOR('',#184,1.);
#184 = DIRECTION('',(-4.440892098501E-16,1.,0.));
#185 = ORIENTED_EDGE('',*,*,#186,.F.);
#186 = EDGE_CURVE('',#187,#179,#189,.T.);
#187 = VERTEX_POINT('',#188);
#188 = CARTESIAN_POINT('',(6.985,-1.778,1.903));
#189 = LINE('',#190,#191);
#190 = CARTESIAN_POINT('',(6.985,-8.445,1.903));
#191 = VECTOR('',#192,1.);
#192 = DIRECTION('',(-4.440892098501E-16,1.,0.));
#193 = ORIENTED_EDGE('',*,*,#194,.F.);
#194 = EDGE_CURVE('',#195,#187,#197,.T.);
#195 = VERTEX_POINT('',#196);
#196 = CARTESIAN_POINT('',(6.985,-3.302,1.903));
#197 = LINE('',#198,#199);
#198 = CARTESIAN_POINT('',(6.985,-8.445,1.903));
#199 = VECTOR('',#200,1.);
#200 = DIRECTION('',(-4.440892098501E-16,1.,0.));
#201 = ORIENTED_EDGE('',*,*,#202,.F.);
#202 = EDGE_CURVE('',#203,#195,#205,.T.);
#203 = VERTEX_POINT('',#204);
#204 = CARTESIAN_POINT('',(6.985,-4.318,1.903));
#205 = LINE('',#206,#207);
#206 = CARTESIAN_POINT('',(6.985,-8.445,1.903));
#207 = VECTOR('',#208,1.);
#208 = DIRECTION('',(-4.440892098501E-16,1.,0.));
#209 = ORIENTED_EDGE('',*,*,#210,.F.);
#210 = EDGE_CURVE('',#211,#203,#213,.T.);
#211 = VERTEX_POINT('',#212);
#212 = CARTESIAN_POINT('',(6.985,-5.842,1.903));
#213 = LINE('',#214,#215);
#214 = CARTESIAN_POINT('',(6.985,-8.445,1.903));
#215 = VECTOR('',#216,1.);
#216 = DIRECTION('',(-4.440892098501E-16,1.,0.));
#217 = ORIENTED_EDGE('',*,*,#218,.F.);
#218 = EDGE_CURVE('',#219,#211,#221,.T.);
#219 = VERTEX_POINT('',#220);
#220 = CARTESIAN_POINT('',(6.985,-6.858,1.903));
#221 = LINE('',#222,#223);
#222 = CARTESIAN_POINT('',(6.985,-8.445,1.903));
#223 = VECTOR('',#224,1.);
#224 = DIRECTION('',(-4.440892098501E-16,1.,0.));
#225 = ORIENTED_EDGE('',*,*,#226,.F.);
#226 = EDGE_CURVE('',#227,#219,#229,.T.);
#227 = VERTEX_POINT('',#228);
#228 = CARTESIAN_POINT('',(6.985,-7.8485,1.903));
#229 = LINE('',#230,#231);
#230 = CARTESIAN_POINT('',(6.985,-8.445,1.903));
#231 = VECTOR('',#232,1.);
#232 = DIRECTION('',(-4.440892098501E-16,1.,0.));
#233 = ORIENTED_EDGE('',*,*,#234,.F.);
#234 = EDGE_CURVE('',#235,#227,#237,.T.);
#235 = VERTEX_POINT('',#236);
#236 = CARTESIAN_POINT('',(6.985,-8.445,1.903));
#237 = LINE('',#238,#239);
#238 = CARTESIAN_POINT('',(6.985,-8.445,1.903));
#239 = VECTOR('',#240,1.);
#240 = DIRECTION('',(-4.440892098501E-16,1.,0.));
#241 = ORIENTED_EDGE('',*,*,#242,.F.);
#242 = EDGE_CURVE('',#123,#235,#243,.T.);
#243 = B_SPLINE_CURVE_WITH_KNOTS('',1,(#244,#245),.UNSPECIFIED.,.F.,.F.,
  (2,2),(0.,1.),.PIECEWISE_BEZIER_KNOTS.);
#244 = CARTESIAN_POINT('',(6.661276356577,-8.121276356577,0.38));
#245 = CARTESIAN_POINT('',(6.985,-8.445,1.903));
#246 = B_SPLINE_SURFACE_WITH_KNOTS('',1,1,(
    (#247,#248)
    ,(#249,#250
    )),.UNSPECIFIED.,.F.,.F.,.F.,(2,2),(2,2),(0.,9.27),(0.,1.),
  .PIECEWISE_BEZIER_KNOTS.);
#247 = CARTESIAN_POINT('',(6.661276356577,-8.121276356577,0.38));
#248 = CARTESIAN_POINT('',(6.985,-8.445,1.903));
#249 = CARTESIAN_POINT('',(6.661276356577,0.501276356577,0.38));
#250 = CARTESIAN_POINT('',(6.985,0.825,1.903));
#251 = ADVANCED_FACE('',(#252),#269,.T.);
#252 = FACE_BOUND('',#253,.T.);
#253 = EDGE_LOOP('',(#254,#255,#262,#268));
#254 = ORIENTED_EDGE('',*,*,#132,.T.);
#255 = ORIENTED_EDGE('',*,*,#256,.T.);
#256 = EDGE_CURVE('',#133,#257,#259,.T.);
#257 = VERTEX_POINT('',#258);
#258 = CARTESIAN_POINT('',(0.635,0.825,1.903));
#259 = B_SPLINE_CURVE_WITH_KNOTS('',1,(#260,#261),.UNSPECIFIED.,.F.,.F.,
  (2,2),(0.,1.),.PIECEWISE_BEZIER_KNOTS.);
#260 = CARTESIAN_POINT('',(0.958723643423,0.501276356577,0.38));
#261 = CARTESIAN_POINT('',(0.635,0.825,1.903));
#262 = ORIENTED_EDGE('',*,*,#263,.F.);
#263 = EDGE_CURVE('',#164,#257,#264,.T.);
#264 = LINE('',#265,#266);
#265 = CARTESIAN_POINT('',(6.985,0.825,1.903));
#266 = VECTOR('',#267,1.);
#267 = DIRECTION('',(-1.,-4.440892098501E-16,0.));
#268 = ORIENTED_EDGE('',*,*,#163,.F.);
#269 = B_SPLINE_SURFACE_WITH_KNOTS('',1,1,(
    (#270,#271)
    ,(#272,#273
    )),.UNSPECIFIED.,.F.,.F.,.F.,(2,2),(2,2),(0.,6.35),(0.,1.),
  .PIECEWISE_BEZIER_KNOTS.);
#270 = CARTESIAN_POINT('',(6.661276356577,0.501276356577,0.38));
#271 = CARTESIAN_POINT('',(6.985,0.825,1.903));
#272 = CARTESIAN_POINT('',(0.958723643423,0.501276356577,0.38));
#273 = CARTESIAN_POINT('',(0.635,0.825,1.903));
#274 = ADVANCED_FACE('',(#275),#356,.T.);
#275 = FACE_BOUND('',#276,.T.);
#276 = EDGE_LOOP('',(#277,#278,#285,#293,#301,#309,#317,#325,#333,#341,
    #349,#355));
#277 = ORIENTED_EDGE('',*,*,#140,.T.);
#278 = ORIENTED_EDGE('',*,*,#279,.T.);
#279 = EDGE_CURVE('',#141,#280,#282,.T.);
#280 = VERTEX_POINT('',#281);
#281 = CARTESIAN_POINT('',(0.635,-8.445,1.903));
#282 = B_SPLINE_CURVE_WITH_KNOTS('',1,(#283,#284),.UNSPECIFIED.,.F.,.F.,
  (2,2),(0.,1.),.PIECEWISE_BEZIER_KNOTS.);
#283 = CARTESIAN_POINT('',(0.958723643423,-8.121276356577,0.38));
#284 = CARTESIAN_POINT('',(0.635,-8.445,1.903));
#285 = ORIENTED_EDGE('',*,*,#286,.F.);
#286 = EDGE_CURVE('',#287,#280,#289,.T.);
#287 = VERTEX_POINT('',#288);
#288 = CARTESIAN_POINT('',(0.635,-7.8485,1.903));
#289 = LINE('',#290,#291);
#290 = CARTESIAN_POINT('',(0.635,0.825,1.903));
#291 = VECTOR('',#292,1.);
#292 = DIRECTION('',(4.440892098501E-16,-1.,0.));
#293 = ORIENTED_EDGE('',*,*,#294,.F.);
#294 = EDGE_CURVE('',#295,#287,#297,.T.);
#295 = VERTEX_POINT('',#296);
#296 = CARTESIAN_POINT('',(0.635,-6.858,1.903));
#297 = LINE('',#298,#299);
#298 = CARTESIAN_POINT('',(0.635,0.825,1.903));
#299 = VECTOR('',#300,1.);
#300 = DIRECTION('',(4.440892098501E-16,-1.,0.));
#301 = ORIENTED_EDGE('',*,*,#302,.F.);
#302 = EDGE_CURVE('',#303,#295,#305,.T.);
#303 = VERTEX_POINT('',#304);
#304 = CARTESIAN_POINT('',(0.635,-5.842,1.903));
#305 = LINE('',#306,#307);
#306 = CARTESIAN_POINT('',(0.635,0.825,1.903));
#307 = VECTOR('',#308,1.);
#308 = DIRECTION('',(4.440892098501E-16,-1.,0.));
#309 = ORIENTED_EDGE('',*,*,#310,.F.);
#310 = EDGE_CURVE('',#311,#303,#313,.T.);
#311 = VERTEX_POINT('',#312);
#312 = CARTESIAN_POINT('',(0.635,-4.318,1.903));
#313 = LINE('',#314,#315);
#314 = CARTESIAN_POINT('',(0.635,0.825,1.903));
#315 = VECTOR('',#316,1.);
#316 = DIRECTION('',(4.440892098501E-16,-1.,0.));
#317 = ORIENTED_EDGE('',*,*,#318,.F.);
#318 = EDGE_CURVE('',#319,#311,#321,.T.);
#319 = VERTEX_POINT('',#320);
#320 = CARTESIAN_POINT('',(0.635,-3.302,1.903));
#321 = LINE('',#322,#323);
#322 = CARTESIAN_POINT('',(0.635,0.825,1.903));
#323 = VECTOR('',#324,1.);
#324 = DIRECTION('',(4.440892098501E-16,-1.,0.));
#325 = ORIENTED_EDGE('',*,*,#326,.F.);
#326 = EDGE_CURVE('',#327,#319,#329,.T.);
#327 = VERTEX_POINT('',#328);
#328 = CARTESIAN_POINT('',(0.635,-1.778,1.903));
#329 = LINE('',#330,#331);
#330 = CARTESIAN_POINT('',(0.635,0.825,1.903));
#331 = VECTOR('',#332,1.);
#332 = DIRECTION('',(4.440892098501E-16,-1.,0.));
#333 = ORIENTED_EDGE('',*,*,#334,.F.);
#334 = EDGE_CURVE('',#335,#327,#337,.T.);
#335 = VERTEX_POINT('',#336);
#336 = CARTESIAN_POINT('',(0.635,-0.762,1.903));
#337 = LINE('',#338,#339);
#338 = CARTESIAN_POINT('',(0.635,0.825,1.903));
#339 = VECTOR('',#340,1.);
#340 = DIRECTION('',(4.440892098501E-16,-1.,0.));
#341 = ORIENTED_EDGE('',*,*,#342,.F.);
#342 = EDGE_CURVE('',#343,#335,#345,.T.);
#343 = VERTEX_POINT('',#344);
#344 = CARTESIAN_POINT('',(0.635,0.2285,1.903));
#345 = LINE('',#346,#347);
#346 = CARTESIAN_POINT('',(0.635,0.825,1.903));
#347 = VECTOR('',#348,1.);
#348 = DIRECTION('',(4.440892098501E-16,-1.,0.));
#349 = ORIENTED_EDGE('',*,*,#350,.F.);
#350 = EDGE_CURVE('',#257,#343,#351,.T.);
#351 = LINE('',#352,#353);
#352 = CARTESIAN_POINT('',(0.635,0.825,1.903));
#353 = VECTOR('',#354,1.);
#354 = DIRECTION('',(4.440892098501E-16,-1.,0.));
#355 = ORIENTED_EDGE('',*,*,#256,.F.);
#356 = B_SPLINE_SURFACE_WITH_KNOTS('',1,1,(
    (#357,#358)
    ,(#359,#360
    )),.UNSPECIFIED.,.F.,.F.,.F.,(2,2),(2,2),(0.,9.27),(0.,1.),
  .PIECEWISE_BEZIER_KNOTS.);
#357 = CARTESIAN_POINT('',(0.958723643423,0.501276356577,0.38));
#358 = CARTESIAN_POINT('',(0.635,0.825,1.903));
#359 = CARTESIAN_POINT('',(0.958723643423,-8.121276356577,0.38));
#360 = CARTESIAN_POINT('',(0.635,-8.445,1.903));
#361 = ADVANCED_FACE('',(#362),#373,.T.);
#362 = FACE_BOUND('',#363,.T.);
#363 = EDGE_LOOP('',(#364,#365,#366,#372));
#364 = ORIENTED_EDGE('',*,*,#148,.T.);
#365 = ORIENTED_EDGE('',*,*,#242,.T.);
#366 = ORIENTED_EDGE('',*,*,#367,.F.);
#367 = EDGE_CURVE('',#280,#235,#368,.T.);
#368 = LINE('',#369,#370);
#369 = CARTESIAN_POINT('',(0.635,-8.445,1.903));
#370 = VECTOR('',#371,1.);
#371 = DIRECTION('',(1.,4.440892098501E-16,0.));
#372 = ORIENTED_EDGE('',*,*,#279,.F.);
#373 = B_SPLINE_SURFACE_WITH_KNOTS('',1,1,(
    (#374,#375)
    ,(#376,#377
    )),.UNSPECIFIED.,.F.,.F.,.F.,(2,2),(2,2),(0.,6.35),(0.,1.),
  .PIECEWISE_BEZIER_KNOTS.);
#374 = CARTESIAN_POINT('',(0.958723643423,-8.121276356577,0.38));
#375 = CARTESIAN_POINT('',(0.635,-8.445,1.903));
#376 = CARTESIAN_POINT('',(6.661276356577,-8.121276356577,0.38));
#377 = CARTESIAN_POINT('',(6.985,-8.445,1.903));
#378 = ADVANCED_FACE('',(#379),#403,.T.);
#379 = FACE_BOUND('',#380,.T.);
#380 = EDGE_LOOP('',(#381,#388,#389,#397));
#381 = ORIENTED_EDGE('',*,*,#382,.F.);
#382 = EDGE_CURVE('',#235,#383,#385,.T.);
#383 = VERTEX_POINT('',#384);
#384 = CARTESIAN_POINT('',(6.985,-8.445,2.157));
#385 = B_SPLINE_CURVE_WITH_KNOTS('',1,(#386,#387),.UNSPECIFIED.,.F.,.F.,
  (2,2),(0.,1.),.PIECEWISE_BEZIER_KNOTS.);
#386 = CARTESIAN_POINT('',(6.985,-8.445,1.903));
#387 = CARTESIAN_POINT('',(6.985,-8.445,2.157));
#388 = ORIENTED_EDGE('',*,*,#234,.T.);
#389 = ORIENTED_EDGE('',*,*,#390,.T.);
#390 = EDGE_CURVE('',#227,#391,#393,.T.);
#391 = VERTEX_POINT('',#392);
#392 = CARTESIAN_POINT('',(6.985,-7.8485,2.157));
#393 = LINE('',#394,#395);
#394 = CARTESIAN_POINT('',(6.985,-7.8485,1.9665));
#395 = VECTOR('',#396,1.);
#396 = DIRECTION('',(0.,0.,1.));
#397 = ORIENTED_EDGE('',*,*,#398,.F.);
#398 = EDGE_CURVE('',#383,#391,#399,.T.);
#399 = LINE('',#400,#401);
#400 = CARTESIAN_POINT('',(6.985,-8.445,2.157));
#401 = VECTOR('',#402,1.);
#402 = DIRECTION('',(-4.440892098501E-16,1.,0.));
#403 = PLANE('',#404);
#404 = AXIS2_PLACEMENT_3D('',#405,#406,#407);
#405 = CARTESIAN_POINT('',(6.985,-8.445,2.157));
#406 = DIRECTION('',(1.,4.440892098501E-16,0.));
#407 = DIRECTION('',(-4.440892098501E-16,1.,0.));
#408 = ADVANCED_FACE('',(#409),#433,.T.);
#409 = FACE_BOUND('',#410,.T.);
#410 = EDGE_LOOP('',(#411,#419,#420,#427));
#411 = ORIENTED_EDGE('',*,*,#412,.T.);
#412 = EDGE_CURVE('',#413,#171,#415,.T.);
#413 = VERTEX_POINT('',#414);
#414 = CARTESIAN_POINT('',(6.985,0.2285,2.157));
#415 = LINE('',#416,#417);
#416 = CARTESIAN_POINT('',(6.985,0.2285,2.157));
#417 = VECTOR('',#418,1.);
#418 = DIRECTION('',(1.035250531786E-30,-2.331176954594E-15,-1.));
#419 = ORIENTED_EDGE('',*,*,#170,.T.);
#420 = ORIENTED_EDGE('',*,*,#421,.T.);
#421 = EDGE_CURVE('',#164,#422,#424,.T.);
#422 = VERTEX_POINT('',#423);
#423 = CARTESIAN_POINT('',(6.985,0.825,2.157));
#424 = B_SPLINE_CURVE_WITH_KNOTS('',1,(#425,#426),.UNSPECIFIED.,.F.,.F.,
  (2,2),(0.,1.),.PIECEWISE_BEZIER_KNOTS.);
#425 = CARTESIAN_POINT('',(6.985,0.825,1.903));
#426 = CARTESIAN_POINT('',(6.985,0.825,2.157));
#427 = ORIENTED_EDGE('',*,*,#428,.F.);
#428 = EDGE_CURVE('',#413,#422,#429,.T.);
#429 = LINE('',#430,#431);
#430 = CARTESIAN_POINT('',(6.985,-8.445,2.157));
#431 = VECTOR('',#432,1.);
#432 = DIRECTION('',(-4.440892098501E-16,1.,0.));
#433 = PLANE('',#434);
#434 = AXIS2_PLACEMENT_3D('',#435,#436,#437);
#435 = CARTESIAN_POINT('',(6.985,-8.445,2.157));
#436 = DIRECTION('',(1.,4.440892098501E-16,0.));
#437 = DIRECTION('',(-4.440892098501E-16,1.,0.));
#438 = ADVANCED_FACE('',(#439),#464,.F.);
#439 = FACE_BOUND('',#440,.F.);
#440 = EDGE_LOOP('',(#441,#449,#450,#458));
#441 = ORIENTED_EDGE('',*,*,#442,.F.);
#442 = EDGE_CURVE('',#219,#443,#445,.T.);
#443 = VERTEX_POINT('',#444);
#444 = CARTESIAN_POINT('',(7.366,-6.858,1.903));
#445 = LINE('',#446,#447);
#446 = CARTESIAN_POINT('',(3.81,-6.858,1.903));
#447 = VECTOR('',#448,1.);
#448 = DIRECTION('',(1.,3.216245299353E-16,0.));
#449 = ORIENTED_EDGE('',*,*,#226,.F.);
#450 = ORIENTED_EDGE('',*,*,#451,.F.);
#451 = EDGE_CURVE('',#452,#227,#454,.T.);
#452 = VERTEX_POINT('',#453);
#453 = CARTESIAN_POINT('',(7.366,-7.8485,1.903));
#454 = LINE('',#455,#456);
#455 = CARTESIAN_POINT('',(7.747,-7.8485,1.903));
#456 = VECTOR('',#457,1.);
#457 = DIRECTION('',(-1.,-3.216245299353E-16,0.));
#458 = ORIENTED_EDGE('',*,*,#459,.T.);
#459 = EDGE_CURVE('',#452,#443,#460,.T.);
#460 = LINE('',#461,#462);
#461 = CARTESIAN_POINT('',(7.366,-7.8485,1.903));
#462 = VECTOR('',#463,1.);
#463 = DIRECTION('',(-3.216245299353E-16,1.,0.));
#464 = PLANE('',#465);
#465 = AXIS2_PLACEMENT_3D('',#466,#467,#468);
#466 = CARTESIAN_POINT('',(0.254,-6.858,1.903));
#467 = DIRECTION('',(0.,0.,1.));
#468 = DIRECTION('',(-4.440892098501E-16,1.,0.));
#469 = ADVANCED_FACE('',(#470),#495,.F.);
#470 = FACE_BOUND('',#471,.F.);
#471 = EDGE_LOOP('',(#472,#480,#481,#489));
#472 = ORIENTED_EDGE('',*,*,#473,.F.);
#473 = EDGE_CURVE('',#171,#474,#476,.T.);
#474 = VERTEX_POINT('',#475);
#475 = CARTESIAN_POINT('',(7.366,0.2285,1.903));
#476 = LINE('',#477,#478);
#477 = CARTESIAN_POINT('',(3.81,0.2285,1.903));
#478 = VECTOR('',#479,1.);
#479 = DIRECTION('',(1.,3.216245299353E-16,0.));
#480 = ORIENTED_EDGE('',*,*,#178,.F.);
#481 = ORIENTED_EDGE('',*,*,#482,.F.);
#482 = EDGE_CURVE('',#483,#179,#485,.T.);
#483 = VERTEX_POINT('',#484);
#484 = CARTESIAN_POINT('',(7.366,-0.762,1.903));
#485 = LINE('',#486,#487);
#486 = CARTESIAN_POINT('',(7.747,-0.762,1.903));
#487 = VECTOR('',#488,1.);
#488 = DIRECTION('',(-1.,-3.216245299353E-16,0.));
#489 = ORIENTED_EDGE('',*,*,#490,.F.);
#490 = EDGE_CURVE('',#474,#483,#491,.T.);
#491 = LINE('',#492,#493);
#492 = CARTESIAN_POINT('',(7.366,0.2285,1.903));
#493 = VECTOR('',#494,1.);
#494 = DIRECTION('',(3.216245299353E-16,-1.,0.));
#495 = PLANE('',#496);
#496 = AXIS2_PLACEMENT_3D('',#497,#498,#499);
#497 = CARTESIAN_POINT('',(0.254,0.2285,1.903));
#498 = DIRECTION('',(0.,0.,1.));
#499 = DIRECTION('',(-4.440892098501E-16,1.,0.));
#500 = ADVANCED_FACE('',(#501),#526,.T.);
#501 = FACE_BOUND('',#502,.T.);
#502 = EDGE_LOOP('',(#503,#511,#512,#520));
#503 = ORIENTED_EDGE('',*,*,#504,.T.);
#504 = EDGE_CURVE('',#505,#219,#507,.T.);
#505 = VERTEX_POINT('',#506);
#506 = CARTESIAN_POINT('',(6.985,-6.858,2.157));
#507 = LINE('',#508,#509);
#508 = CARTESIAN_POINT('',(6.985,-6.858,2.157));
#509 = VECTOR('',#510,1.);
#510 = DIRECTION('',(0.,0.,-1.));
#511 = ORIENTED_EDGE('',*,*,#218,.T.);
#512 = ORIENTED_EDGE('',*,*,#513,.T.);
#513 = EDGE_CURVE('',#211,#514,#516,.T.);
#514 = VERTEX_POINT('',#515);
#515 = CARTESIAN_POINT('',(6.985,-5.842,2.157));
#516 = LINE('',#517,#518);
#517 = CARTESIAN_POINT('',(6.985,-5.842,2.157));
#518 = VECTOR('',#519,1.);
#519 = DIRECTION('',(0.,0.,1.));
#520 = ORIENTED_EDGE('',*,*,#521,.F.);
#521 = EDGE_CURVE('',#505,#514,#522,.T.);
#522 = LINE('',#523,#524);
#523 = CARTESIAN_POINT('',(6.985,-8.445,2.157));
#524 = VECTOR('',#525,1.);
#525 = DIRECTION('',(-4.440892098501E-16,1.,0.));
#526 = PLANE('',#527);
#527 = AXIS2_PLACEMENT_3D('',#528,#529,#530);
#528 = CARTESIAN_POINT('',(6.985,-8.445,2.157));
#529 = DIRECTION('',(1.,4.440892098501E-16,0.));
#530 = DIRECTION('',(-4.440892098501E-16,1.,0.));
#531 = ADVANCED_FACE('',(#532),#557,.T.);
#532 = FACE_BOUND('',#533,.T.);
#533 = EDGE_LOOP('',(#534,#542,#543,#551));
#534 = ORIENTED_EDGE('',*,*,#535,.F.);
#535 = EDGE_CURVE('',#187,#536,#538,.T.);
#536 = VERTEX_POINT('',#537);
#537 = CARTESIAN_POINT('',(6.985,-1.778,2.157));
#538 = LINE('',#539,#540);
#539 = CARTESIAN_POINT('',(6.985,-1.778,2.157));
#540 = VECTOR('',#541,1.);
#541 = DIRECTION('',(0.,0.,1.));
#542 = ORIENTED_EDGE('',*,*,#186,.T.);
#543 = ORIENTED_EDGE('',*,*,#544,.F.);
#544 = EDGE_CURVE('',#545,#179,#547,.T.);
#545 = VERTEX_POINT('',#546);
#546 = CARTESIAN_POINT('',(6.985,-0.762,2.157));
#547 = LINE('',#548,#549);
#548 = CARTESIAN_POINT('',(6.985,-0.762,1.0785));
#549 = VECTOR('',#550,1.);
#550 = DIRECTION('',(0.,0.,-1.));
#551 = ORIENTED_EDGE('',*,*,#552,.F.);
#552 = EDGE_CURVE('',#536,#545,#553,.T.);
#553 = LINE('',#554,#555);
#554 = CARTESIAN_POINT('',(6.985,-8.445,2.157));
#555 = VECTOR('',#556,1.);
#556 = DIRECTION('',(-4.440892098501E-16,1.,0.));
#557 = PLANE('',#558);
#558 = AXIS2_PLACEMENT_3D('',#559,#560,#561);
#559 = CARTESIAN_POINT('',(6.985,-8.445,2.157));
#560 = DIRECTION('',(1.,4.440892098501E-16,0.));
#561 = DIRECTION('',(-4.440892098501E-16,1.,0.));
#562 = ADVANCED_FACE('',(#563),#588,.F.);
#563 = FACE_BOUND('',#564,.F.);
#564 = EDGE_LOOP('',(#565,#573,#574,#582));
#565 = ORIENTED_EDGE('',*,*,#566,.F.);
#566 = EDGE_CURVE('',#203,#567,#569,.T.);
#567 = VERTEX_POINT('',#568);
#568 = CARTESIAN_POINT('',(7.366,-4.318,1.903));
#569 = LINE('',#570,#571);
#570 = CARTESIAN_POINT('',(3.683,-4.318,1.903));
#571 = VECTOR('',#572,1.);
#572 = DIRECTION('',(1.,3.216245299353E-16,0.));
#573 = ORIENTED_EDGE('',*,*,#210,.F.);
#574 = ORIENTED_EDGE('',*,*,#575,.F.);
#575 = EDGE_CURVE('',#576,#211,#578,.T.);
#576 = VERTEX_POINT('',#577);
#577 = CARTESIAN_POINT('',(7.366,-5.842,1.903));
#578 = LINE('',#579,#580);
#579 = CARTESIAN_POINT('',(7.62,-5.842,1.903));
#580 = VECTOR('',#581,1.);
#581 = DIRECTION('',(-1.,-3.216245299353E-16,0.));
#582 = ORIENTED_EDGE('',*,*,#583,.T.);
#583 = EDGE_CURVE('',#576,#567,#584,.T.);
#584 = LINE('',#585,#586);
#585 = CARTESIAN_POINT('',(7.366,-5.842,1.903));
#586 = VECTOR('',#587,1.);
#587 = DIRECTION('',(-3.216245299353E-16,1.,0.));
#588 = PLANE('',#589);
#589 = AXIS2_PLACEMENT_3D('',#590,#591,#592);
#590 = CARTESIAN_POINT('',(0.254,-4.318,1.903));
#591 = DIRECTION('',(0.,0.,1.));
#592 = DIRECTION('',(-4.440892098501E-16,1.,0.));
#593 = ADVANCED_FACE('',(#594),#619,.F.);
#594 = FACE_BOUND('',#595,.F.);
#595 = EDGE_LOOP('',(#596,#604,#605,#613));
#596 = ORIENTED_EDGE('',*,*,#597,.F.);
#597 = EDGE_CURVE('',#187,#598,#600,.T.);
#598 = VERTEX_POINT('',#599);
#599 = CARTESIAN_POINT('',(7.366,-1.778,1.903));
#600 = LINE('',#601,#602);
#601 = CARTESIAN_POINT('',(3.683,-1.778,1.903));
#602 = VECTOR('',#603,1.);
#603 = DIRECTION('',(1.,3.216245299353E-16,0.));
#604 = ORIENTED_EDGE('',*,*,#194,.F.);
#605 = ORIENTED_EDGE('',*,*,#606,.F.);
#606 = EDGE_CURVE('',#607,#195,#609,.T.);
#607 = VERTEX_POINT('',#608);
#608 = CARTESIAN_POINT('',(7.366,-3.302,1.903));
#609 = LINE('',#610,#611);
#610 = CARTESIAN_POINT('',(7.62,-3.302,1.903));
#611 = VECTOR('',#612,1.);
#612 = DIRECTION('',(-1.,-3.216245299353E-16,0.));
#613 = ORIENTED_EDGE('',*,*,#614,.T.);
#614 = EDGE_CURVE('',#607,#598,#615,.T.);
#615 = LINE('',#616,#617);
#616 = CARTESIAN_POINT('',(7.366,-3.302,1.903));
#617 = VECTOR('',#618,1.);
#618 = DIRECTION('',(-3.216245299353E-16,1.,0.));
#619 = PLANE('',#620);
#620 = AXIS2_PLACEMENT_3D('',#621,#622,#623);
#621 = CARTESIAN_POINT('',(0.254,-1.778,1.903));
#622 = DIRECTION('',(0.,0.,1.));
#623 = DIRECTION('',(-4.440892098501E-16,1.,0.));
#624 = ADVANCED_FACE('',(#625),#650,.T.);
#625 = FACE_BOUND('',#626,.T.);
#626 = EDGE_LOOP('',(#627,#635,#636,#644));
#627 = ORIENTED_EDGE('',*,*,#628,.F.);
#628 = EDGE_CURVE('',#203,#629,#631,.T.);
#629 = VERTEX_POINT('',#630);
#630 = CARTESIAN_POINT('',(6.985,-4.318,2.157));
#631 = LINE('',#632,#633);
#632 = CARTESIAN_POINT('',(6.985,-4.318,2.157));
#633 = VECTOR('',#634,1.);
#634 = DIRECTION('',(0.,0.,1.));
#635 = ORIENTED_EDGE('',*,*,#202,.T.);
#636 = ORIENTED_EDGE('',*,*,#637,.T.);
#637 = EDGE_CURVE('',#195,#638,#640,.T.);
#638 = VERTEX_POINT('',#639);
#639 = CARTESIAN_POINT('',(6.985,-3.302,2.157));
#640 = LINE('',#641,#642);
#641 = CARTESIAN_POINT('',(6.985,-3.302,2.157));
#642 = VECTOR('',#643,1.);
#643 = DIRECTION('',(0.,0.,1.));
#644 = ORIENTED_EDGE('',*,*,#645,.F.);
#645 = EDGE_CURVE('',#629,#638,#646,.T.);
#646 = LINE('',#647,#648);
#647 = CARTESIAN_POINT('',(6.985,-8.445,2.157));
#648 = VECTOR('',#649,1.);
#649 = DIRECTION('',(-4.440892098501E-16,1.,0.));
#650 = PLANE('',#651);
#651 = AXIS2_PLACEMENT_3D('',#652,#653,#654);
#652 = CARTESIAN_POINT('',(6.985,-8.445,2.157));
#653 = DIRECTION('',(1.,4.440892098501E-16,0.));
#654 = DIRECTION('',(-4.440892098501E-16,1.,0.));
#655 = ADVANCED_FACE('',(#656),#673,.T.);
#656 = FACE_BOUND('',#657,.T.);
#657 = EDGE_LOOP('',(#658,#659,#666,#672));
#658 = ORIENTED_EDGE('',*,*,#263,.T.);
#659 = ORIENTED_EDGE('',*,*,#660,.T.);
#660 = EDGE_CURVE('',#257,#661,#663,.T.);
#661 = VERTEX_POINT('',#662);
#662 = CARTESIAN_POINT('',(0.635,0.825,2.157));
#663 = B_SPLINE_CURVE_WITH_KNOTS('',1,(#664,#665),.UNSPECIFIED.,.F.,.F.,
  (2,2),(0.,1.),.PIECEWISE_BEZIER_KNOTS.);
#664 = CARTESIAN_POINT('',(0.635,0.825,1.903));
#665 = CARTESIAN_POINT('',(0.635,0.825,2.157));
#666 = ORIENTED_EDGE('',*,*,#667,.F.);
#667 = EDGE_CURVE('',#422,#661,#668,.T.);
#668 = LINE('',#669,#670);
#669 = CARTESIAN_POINT('',(6.985,0.825,2.157));
#670 = VECTOR('',#671,1.);
#671 = DIRECTION('',(-1.,-4.440892098501E-16,0.));
#672 = ORIENTED_EDGE('',*,*,#421,.F.);
#673 = PLANE('',#674);
#674 = AXIS2_PLACEMENT_3D('',#675,#676,#677);
#675 = CARTESIAN_POINT('',(6.985,0.825,2.157));
#676 = DIRECTION('',(-4.440892098501E-16,1.,0.));
#677 = DIRECTION('',(-1.,-4.440892098501E-16,0.));
#678 = ADVANCED_FACE('',(#679),#697,.T.);
#679 = FACE_BOUND('',#680,.T.);
#680 = EDGE_LOOP('',(#681,#682,#683,#691));
#681 = ORIENTED_EDGE('',*,*,#660,.F.);
#682 = ORIENTED_EDGE('',*,*,#350,.T.);
#683 = ORIENTED_EDGE('',*,*,#684,.T.);
#684 = EDGE_CURVE('',#343,#685,#687,.T.);
#685 = VERTEX_POINT('',#686);
#686 = CARTESIAN_POINT('',(0.635,0.2285,2.157));
#687 = LINE('',#688,#689);
#688 = CARTESIAN_POINT('',(0.635,0.2285,2.157));
#689 = VECTOR('',#690,1.);
#690 = DIRECTION('',(-1.035250531786E-30,2.331176954594E-15,1.));
#691 = ORIENTED_EDGE('',*,*,#692,.F.);
#692 = EDGE_CURVE('',#661,#685,#693,.T.);
#693 = LINE('',#694,#695);
#694 = CARTESIAN_POINT('',(0.635,0.825,2.157));
#695 = VECTOR('',#696,1.);
#696 = DIRECTION('',(4.440892098501E-16,-1.,0.));
#697 = PLANE('',#698);
#698 = AXIS2_PLACEMENT_3D('',#699,#700,#701);
#699 = CARTESIAN_POINT('',(0.635,0.825,2.157));
#700 = DIRECTION('',(-1.,-4.440892098501E-16,0.));
#701 = DIRECTION('',(4.440892098501E-16,-1.,0.));
#702 = ADVANCED_FACE('',(#703),#727,.T.);
#703 = FACE_BOUND('',#704,.T.);
#704 = EDGE_LOOP('',(#705,#713,#714,#721));
#705 = ORIENTED_EDGE('',*,*,#706,.T.);
#706 = EDGE_CURVE('',#707,#287,#709,.T.);
#707 = VERTEX_POINT('',#708);
#708 = CARTESIAN_POINT('',(0.635,-7.8485,2.157));
#709 = LINE('',#710,#711);
#710 = CARTESIAN_POINT('',(0.635,-7.8485,1.9665));
#711 = VECTOR('',#712,1.);
#712 = DIRECTION('',(0.,0.,-1.));
#713 = ORIENTED_EDGE('',*,*,#286,.T.);
#714 = ORIENTED_EDGE('',*,*,#715,.T.);
#715 = EDGE_CURVE('',#280,#716,#718,.T.);
#716 = VERTEX_POINT('',#717);
#717 = CARTESIAN_POINT('',(0.635,-8.445,2.157));
#718 = B_SPLINE_CURVE_WITH_KNOTS('',1,(#719,#720),.UNSPECIFIED.,.F.,.F.,
  (2,2),(0.,1.),.PIECEWISE_BEZIER_KNOTS.);
#719 = CARTESIAN_POINT('',(0.635,-8.445,1.903));
#720 = CARTESIAN_POINT('',(0.635,-8.445,2.157));
#721 = ORIENTED_EDGE('',*,*,#722,.F.);
#722 = EDGE_CURVE('',#707,#716,#723,.T.);
#723 = LINE('',#724,#725);
#724 = CARTESIAN_POINT('',(0.635,0.825,2.157));
#725 = VECTOR('',#726,1.);
#726 = DIRECTION('',(4.440892098501E-16,-1.,0.));
#727 = PLANE('',#728);
#728 = AXIS2_PLACEMENT_3D('',#729,#730,#731);
#729 = CARTESIAN_POINT('',(0.635,0.825,2.157));
#730 = DIRECTION('',(-1.,-4.440892098501E-16,0.));
#731 = DIRECTION('',(4.440892098501E-16,-1.,0.));
#732 = ADVANCED_FACE('',(#733),#758,.F.);
#733 = FACE_BOUND('',#734,.F.);
#734 = EDGE_LOOP('',(#735,#743,#751,#757));
#735 = ORIENTED_EDGE('',*,*,#736,.F.);
#736 = EDGE_CURVE('',#737,#343,#739,.T.);
#737 = VERTEX_POINT('',#738);
#738 = CARTESIAN_POINT('',(0.254,0.2285,1.903));
#739 = LINE('',#740,#741);
#740 = CARTESIAN_POINT('',(-0.127,0.2285,1.903));
#741 = VECTOR('',#742,1.);
#742 = DIRECTION('',(1.,4.440892098501E-16,0.));
#743 = ORIENTED_EDGE('',*,*,#744,.T.);
#744 = EDGE_CURVE('',#737,#745,#747,.T.);
#745 = VERTEX_POINT('',#746);
#746 = CARTESIAN_POINT('',(0.254,-0.762,1.903));
#747 = LINE('',#748,#749);
#748 = CARTESIAN_POINT('',(0.254,0.2285,1.903));
#749 = VECTOR('',#750,1.);
#750 = DIRECTION('',(4.440892098501E-16,-1.,0.));
#751 = ORIENTED_EDGE('',*,*,#752,.F.);
#752 = EDGE_CURVE('',#335,#745,#753,.T.);
#753 = LINE('',#754,#755);
#754 = CARTESIAN_POINT('',(3.81,-0.762,1.903));
#755 = VECTOR('',#756,1.);
#756 = DIRECTION('',(-1.,-4.440892098501E-16,0.));
#757 = ORIENTED_EDGE('',*,*,#342,.F.);
#758 = PLANE('',#759);
#759 = AXIS2_PLACEMENT_3D('',#760,#761,#762);
#760 = CARTESIAN_POINT('',(0.254,0.2285,1.903));
#761 = DIRECTION('',(0.,0.,1.));
#762 = DIRECTION('',(-4.440892098501E-16,1.,0.));
#763 = ADVANCED_FACE('',(#764),#789,.F.);
#764 = FACE_BOUND('',#765,.F.);
#765 = EDGE_LOOP('',(#766,#774,#782,#788));
#766 = ORIENTED_EDGE('',*,*,#767,.F.);
#767 = EDGE_CURVE('',#768,#295,#770,.T.);
#768 = VERTEX_POINT('',#769);
#769 = CARTESIAN_POINT('',(0.254,-6.858,1.903));
#770 = LINE('',#771,#772);
#771 = CARTESIAN_POINT('',(-0.127,-6.858,1.903));
#772 = VECTOR('',#773,1.);
#773 = DIRECTION('',(1.,4.440892098501E-16,0.));
#774 = ORIENTED_EDGE('',*,*,#775,.F.);
#775 = EDGE_CURVE('',#776,#768,#778,.T.);
#776 = VERTEX_POINT('',#777);
#777 = CARTESIAN_POINT('',(0.254,-7.8485,1.903));
#778 = LINE('',#779,#780);
#779 = CARTESIAN_POINT('',(0.254,-7.8485,1.903));
#780 = VECTOR('',#781,1.);
#781 = DIRECTION('',(-4.440892098501E-16,1.,0.));
#782 = ORIENTED_EDGE('',*,*,#783,.F.);
#783 = EDGE_CURVE('',#287,#776,#784,.T.);
#784 = LINE('',#785,#786);
#785 = CARTESIAN_POINT('',(3.81,-7.8485,1.903));
#786 = VECTOR('',#787,1.);
#787 = DIRECTION('',(-1.,-4.440892098501E-16,0.));
#788 = ORIENTED_EDGE('',*,*,#294,.F.);
#789 = PLANE('',#790);
#790 = AXIS2_PLACEMENT_3D('',#791,#792,#793);
#791 = CARTESIAN_POINT('',(0.254,-6.858,1.903));
#792 = DIRECTION('',(0.,0.,1.));
#793 = DIRECTION('',(-4.440892098501E-16,1.,0.));
#794 = ADVANCED_FACE('',(#795),#820,.T.);
#795 = FACE_BOUND('',#796,.T.);
#796 = EDGE_LOOP('',(#797,#805,#806,#814));
#797 = ORIENTED_EDGE('',*,*,#798,.F.);
#798 = EDGE_CURVE('',#335,#799,#801,.T.);
#799 = VERTEX_POINT('',#800);
#800 = CARTESIAN_POINT('',(0.635,-0.762,2.157));
#801 = LINE('',#802,#803);
#802 = CARTESIAN_POINT('',(0.635,-0.762,1.0785));
#803 = VECTOR('',#804,1.);
#804 = DIRECTION('',(0.,0.,1.));
#805 = ORIENTED_EDGE('',*,*,#334,.T.);
#806 = ORIENTED_EDGE('',*,*,#807,.F.);
#807 = EDGE_CURVE('',#808,#327,#810,.T.);
#808 = VERTEX_POINT('',#809);
#809 = CARTESIAN_POINT('',(0.635,-1.778,2.157));
#810 = LINE('',#811,#812);
#811 = CARTESIAN_POINT('',(0.635,-1.778,2.157));
#812 = VECTOR('',#813,1.);
#813 = DIRECTION('',(0.,0.,-1.));
#814 = ORIENTED_EDGE('',*,*,#815,.F.);
#815 = EDGE_CURVE('',#799,#808,#816,.T.);
#816 = LINE('',#817,#818);
#817 = CARTESIAN_POINT('',(0.635,0.825,2.157));
#818 = VECTOR('',#819,1.);
#819 = DIRECTION('',(4.440892098501E-16,-1.,0.));
#820 = PLANE('',#821);
#821 = AXIS2_PLACEMENT_3D('',#822,#823,#824);
#822 = CARTESIAN_POINT('',(0.635,0.825,2.157));
#823 = DIRECTION('',(-1.,-4.440892098501E-16,0.));
#824 = DIRECTION('',(4.440892098501E-16,-1.,0.));
#825 = ADVANCED_FACE('',(#826),#851,.T.);
#826 = FACE_BOUND('',#827,.T.);
#827 = EDGE_LOOP('',(#828,#836,#837,#845));
#828 = ORIENTED_EDGE('',*,*,#829,.T.);
#829 = EDGE_CURVE('',#830,#303,#832,.T.);
#830 = VERTEX_POINT('',#831);
#831 = CARTESIAN_POINT('',(0.635,-5.842,2.157));
#832 = LINE('',#833,#834);
#833 = CARTESIAN_POINT('',(0.635,-5.842,2.157));
#834 = VECTOR('',#835,1.);
#835 = DIRECTION('',(0.,0.,-1.));
#836 = ORIENTED_EDGE('',*,*,#302,.T.);
#837 = ORIENTED_EDGE('',*,*,#838,.T.);
#838 = EDGE_CURVE('',#295,#839,#841,.T.);
#839 = VERTEX_POINT('',#840);
#840 = CARTESIAN_POINT('',(0.635,-6.858,2.157));
#841 = LINE('',#842,#843);
#842 = CARTESIAN_POINT('',(0.635,-6.858,2.157));
#843 = VECTOR('',#844,1.);
#844 = DIRECTION('',(0.,0.,1.));
#845 = ORIENTED_EDGE('',*,*,#846,.F.);
#846 = EDGE_CURVE('',#830,#839,#847,.T.);
#847 = LINE('',#848,#849);
#848 = CARTESIAN_POINT('',(0.635,0.825,2.157));
#849 = VECTOR('',#850,1.);
#850 = DIRECTION('',(4.440892098501E-16,-1.,0.));
#851 = PLANE('',#852);
#852 = AXIS2_PLACEMENT_3D('',#853,#854,#855);
#853 = CARTESIAN_POINT('',(0.635,0.825,2.157));
#854 = DIRECTION('',(-1.,-4.440892098501E-16,0.));
#855 = DIRECTION('',(4.440892098501E-16,-1.,0.));
#856 = ADVANCED_FACE('',(#857),#882,.F.);
#857 = FACE_BOUND('',#858,.F.);
#858 = EDGE_LOOP('',(#859,#867,#875,#881));
#859 = ORIENTED_EDGE('',*,*,#860,.F.);
#860 = EDGE_CURVE('',#861,#327,#863,.T.);
#861 = VERTEX_POINT('',#862);
#862 = CARTESIAN_POINT('',(0.254,-1.778,1.903));
#863 = LINE('',#864,#865);
#864 = CARTESIAN_POINT('',(-2.442490654175E-15,-1.778,1.903));
#865 = VECTOR('',#866,1.);
#866 = DIRECTION('',(1.,4.440892098501E-16,0.));
#867 = ORIENTED_EDGE('',*,*,#868,.T.);
#868 = EDGE_CURVE('',#861,#869,#871,.T.);
#869 = VERTEX_POINT('',#870);
#870 = CARTESIAN_POINT('',(0.254,-3.302,1.903));
#871 = LINE('',#872,#873);
#872 = CARTESIAN_POINT('',(0.254,-1.778,1.903));
#873 = VECTOR('',#874,1.);
#874 = DIRECTION('',(4.440892098501E-16,-1.,0.));
#875 = ORIENTED_EDGE('',*,*,#876,.F.);
#876 = EDGE_CURVE('',#319,#869,#877,.T.);
#877 = LINE('',#878,#879);
#878 = CARTESIAN_POINT('',(3.937,-3.302,1.903));
#879 = VECTOR('',#880,1.);
#880 = DIRECTION('',(-1.,-4.440892098501E-16,0.));
#881 = ORIENTED_EDGE('',*,*,#326,.F.);
#882 = PLANE('',#883);
#883 = AXIS2_PLACEMENT_3D('',#884,#885,#886);
#884 = CARTESIAN_POINT('',(0.254,-1.778,1.903));
#885 = DIRECTION('',(0.,0.,1.));
#886 = DIRECTION('',(-4.440892098501E-16,1.,0.));
#887 = ADVANCED_FACE('',(#888),#913,.F.);
#888 = FACE_BOUND('',#889,.F.);
#889 = EDGE_LOOP('',(#890,#898,#906,#912));
#890 = ORIENTED_EDGE('',*,*,#891,.F.);
#891 = EDGE_CURVE('',#892,#311,#894,.T.);
#892 = VERTEX_POINT('',#893);
#893 = CARTESIAN_POINT('',(0.254,-4.318,1.903));
#894 = LINE('',#895,#896);
#895 = CARTESIAN_POINT('',(-1.110223024625E-15,-4.318,1.903));
#896 = VECTOR('',#897,1.);
#897 = DIRECTION('',(1.,4.440892098501E-16,0.));
#898 = ORIENTED_EDGE('',*,*,#899,.T.);
#899 = EDGE_CURVE('',#892,#900,#902,.T.);
#900 = VERTEX_POINT('',#901);
#901 = CARTESIAN_POINT('',(0.254,-5.842,1.903));
#902 = LINE('',#903,#904);
#903 = CARTESIAN_POINT('',(0.254,-4.318,1.903));
#904 = VECTOR('',#905,1.);
#905 = DIRECTION('',(4.440892098501E-16,-1.,0.));
#906 = ORIENTED_EDGE('',*,*,#907,.F.);
#907 = EDGE_CURVE('',#303,#900,#908,.T.);
#908 = LINE('',#909,#910);
#909 = CARTESIAN_POINT('',(3.937,-5.842,1.903));
#910 = VECTOR('',#911,1.);
#911 = DIRECTION('',(-1.,-4.440892098501E-16,0.));
#912 = ORIENTED_EDGE('',*,*,#310,.F.);
#913 = PLANE('',#914);
#914 = AXIS2_PLACEMENT_3D('',#915,#916,#917);
#915 = CARTESIAN_POINT('',(0.254,-4.318,1.903));
#916 = DIRECTION('',(0.,0.,1.));
#917 = DIRECTION('',(-4.440892098501E-16,1.,0.));
#918 = ADVANCED_FACE('',(#919),#944,.T.);
#919 = FACE_BOUND('',#920,.T.);
#920 = EDGE_LOOP('',(#921,#929,#930,#938));
#921 = ORIENTED_EDGE('',*,*,#922,.T.);
#922 = EDGE_CURVE('',#923,#319,#925,.T.);
#923 = VERTEX_POINT('',#924);
#924 = CARTESIAN_POINT('',(0.635,-3.302,2.157));
#925 = LINE('',#926,#927);
#926 = CARTESIAN_POINT('',(0.635,-3.302,2.157));
#927 = VECTOR('',#928,1.);
#928 = DIRECTION('',(0.,0.,-1.));
#929 = ORIENTED_EDGE('',*,*,#318,.T.);
#930 = ORIENTED_EDGE('',*,*,#931,.F.);
#931 = EDGE_CURVE('',#932,#311,#934,.T.);
#932 = VERTEX_POINT('',#933);
#933 = CARTESIAN_POINT('',(0.635,-4.318,2.157));
#934 = LINE('',#935,#936);
#935 = CARTESIAN_POINT('',(0.635,-4.318,2.157));
#936 = VECTOR('',#937,1.);
#937 = DIRECTION('',(0.,0.,-1.));
#938 = ORIENTED_EDGE('',*,*,#939,.F.);
#939 = EDGE_CURVE('',#923,#932,#940,.T.);
#940 = LINE('',#941,#942);
#941 = CARTESIAN_POINT('',(0.635,0.825,2.157));
#942 = VECTOR('',#943,1.);
#943 = DIRECTION('',(4.440892098501E-16,-1.,0.));
#944 = PLANE('',#945);
#945 = AXIS2_PLACEMENT_3D('',#946,#947,#948);
#946 = CARTESIAN_POINT('',(0.635,0.825,2.157));
#947 = DIRECTION('',(-1.,-4.440892098501E-16,0.));
#948 = DIRECTION('',(4.440892098501E-16,-1.,0.));
#949 = ADVANCED_FACE('',(#950),#961,.T.);
#950 = FACE_BOUND('',#951,.T.);
#951 = EDGE_LOOP('',(#952,#953,#954,#960));
#952 = ORIENTED_EDGE('',*,*,#367,.T.);
#953 = ORIENTED_EDGE('',*,*,#382,.T.);
#954 = ORIENTED_EDGE('',*,*,#955,.F.);
#955 = EDGE_CURVE('',#716,#383,#956,.T.);
#956 = LINE('',#957,#958);
#957 = CARTESIAN_POINT('',(0.635,-8.445,2.157));
#958 = VECTOR('',#959,1.);
#959 = DIRECTION('',(1.,4.440892098501E-16,0.));
#960 = ORIENTED_EDGE('',*,*,#715,.F.);
#961 = PLANE('',#962);
#962 = AXIS2_PLACEMENT_3D('',#963,#964,#965);
#963 = CARTESIAN_POINT('',(0.635,-8.445,2.157));
#964 = DIRECTION('',(4.440892098501E-16,-1.,0.));
#965 = DIRECTION('',(1.,4.440892098501E-16,0.));
#966 = ADVANCED_FACE('',(#967),#991,.T.);
#967 = FACE_BOUND('',#968,.T.);
#968 = EDGE_LOOP('',(#969,#976,#977,#985));
#969 = ORIENTED_EDGE('',*,*,#970,.F.);
#970 = EDGE_CURVE('',#383,#971,#973,.T.);
#971 = VERTEX_POINT('',#972);
#972 = CARTESIAN_POINT('',(6.91,-8.37,2.157));
#973 = B_SPLINE_CURVE_WITH_KNOTS('',1,(#974,#975),.UNSPECIFIED.,.F.,.F.,
  (2,2),(0.,1.),.PIECEWISE_BEZIER_KNOTS.);
#974 = CARTESIAN_POINT('',(6.985,-8.445,2.157));
#975 = CARTESIAN_POINT('',(6.91,-8.37,2.157));
#976 = ORIENTED_EDGE('',*,*,#398,.T.);
#977 = ORIENTED_EDGE('',*,*,#978,.T.);
#978 = EDGE_CURVE('',#391,#979,#981,.T.);
#979 = VERTEX_POINT('',#980);
#980 = CARTESIAN_POINT('',(6.91,-7.8485,2.157));
#981 = LINE('',#982,#983);
#982 = CARTESIAN_POINT('',(7.747,-7.8485,2.157));
#983 = VECTOR('',#984,1.);
#984 = DIRECTION('',(-1.,-3.216245299353E-16,0.));
#985 = ORIENTED_EDGE('',*,*,#986,.F.);
#986 = EDGE_CURVE('',#971,#979,#987,.T.);
#987 = LINE('',#988,#989);
#988 = CARTESIAN_POINT('',(6.91,-8.37,2.157));
#989 = VECTOR('',#990,1.);
#990 = DIRECTION('',(-4.440892098501E-16,1.,0.));
#991 = B_SPLINE_SURFACE_WITH_KNOTS('',1,1,(
    (#992,#993)
    ,(#994,#995
    )),.UNSPECIFIED.,.F.,.F.,.F.,(2,2),(2,2),(0.,9.27),(0.,1.),
  .PIECEWISE_BEZIER_KNOTS.);
#992 = CARTESIAN_POINT('',(6.985,-8.445,2.157));
#993 = CARTESIAN_POINT('',(6.91,-8.37,2.157));
#994 = CARTESIAN_POINT('',(6.985,0.825,2.157));
#995 = CARTESIAN_POINT('',(6.91,0.75,2.157));
#996 = ADVANCED_FACE('',(#997),#1049,.F.);
#997 = FACE_BOUND('',#998,.F.);
#998 = EDGE_LOOP('',(#999,#1000,#1001,#1009,#1018,#1026,#1034,#1042));
#999 = ORIENTED_EDGE('',*,*,#451,.T.);
#1000 = ORIENTED_EDGE('',*,*,#390,.T.);
#1001 = ORIENTED_EDGE('',*,*,#1002,.F.);
#1002 = EDGE_CURVE('',#1003,#391,#1005,.T.);
#1003 = VERTEX_POINT('',#1004);
#1004 = CARTESIAN_POINT('',(7.366,-7.8485,2.157));
#1005 = LINE('',#1006,#1007);
#1006 = CARTESIAN_POINT('',(7.747,-7.8485,2.157));
#1007 = VECTOR('',#1008,1.);
#1008 = DIRECTION('',(-1.,-3.216245299353E-16,0.));
#1009 = ORIENTED_EDGE('',*,*,#1010,.T.);
#1010 = EDGE_CURVE('',#1003,#1011,#1013,.T.);
#1011 = VERTEX_POINT('',#1012);
#1012 = CARTESIAN_POINT('',(7.747,-7.8485,1.776));
#1013 = CIRCLE('',#1014,0.381);
#1014 = AXIS2_PLACEMENT_3D('',#1015,#1016,#1017);
#1015 = CARTESIAN_POINT('',(7.366,-7.8485,1.776));
#1016 = DIRECTION('',(-3.216245299353E-16,1.,0.));
#1017 = DIRECTION('',(0.,0.,1.));
#1018 = ORIENTED_EDGE('',*,*,#1019,.T.);
#1019 = EDGE_CURVE('',#1011,#1020,#1022,.T.);
#1020 = VERTEX_POINT('',#1021);
#1021 = CARTESIAN_POINT('',(7.747,-7.8485,-2.843));
#1022 = LINE('',#1023,#1024);
#1023 = CARTESIAN_POINT('',(7.747,-7.8485,2.157));
#1024 = VECTOR('',#1025,1.);
#1025 = DIRECTION('',(0.,0.,-1.));
#1026 = ORIENTED_EDGE('',*,*,#1027,.T.);
#1027 = EDGE_CURVE('',#1020,#1028,#1030,.T.);
#1028 = VERTEX_POINT('',#1029);
#1029 = CARTESIAN_POINT('',(7.493,-7.8485,-2.843));
#1030 = LINE('',#1031,#1032);
#1031 = CARTESIAN_POINT('',(7.747,-7.8485,-2.843));
#1032 = VECTOR('',#1033,1.);
#1033 = DIRECTION('',(-1.,-3.216245299353E-16,0.));
#1034 = ORIENTED_EDGE('',*,*,#1035,.F.);
#1035 = EDGE_CURVE('',#1036,#1028,#1038,.T.);
#1036 = VERTEX_POINT('',#1037);
#1037 = CARTESIAN_POINT('',(7.493,-7.8485,1.776));
#1038 = LINE('',#1039,#1040);
#1039 = CARTESIAN_POINT('',(7.493,-7.8485,2.157));
#1040 = VECTOR('',#1041,1.);
#1041 = DIRECTION('',(0.,0.,-1.));
#1042 = ORIENTED_EDGE('',*,*,#1043,.T.);
#1043 = EDGE_CURVE('',#1036,#452,#1044,.T.);
#1044 = CIRCLE('',#1045,0.127);
#1045 = AXIS2_PLACEMENT_3D('',#1046,#1047,#1048);
#1046 = CARTESIAN_POINT('',(7.366,-7.8485,1.776));
#1047 = DIRECTION('',(3.216245299353E-16,-1.,0.));
#1048 = DIRECTION('',(0.,0.,-1.));
#1049 = PLANE('',#1050);
#1050 = AXIS2_PLACEMENT_3D('',#1051,#1052,#1053);
#1051 = CARTESIAN_POINT('',(-0.127,-7.8485,1.776));
#1052 = DIRECTION('',(-4.440892098501E-16,1.,0.));
#1053 = DIRECTION('',(0.,0.,1.));
#1054 = ADVANCED_FACE('',(#1055),#1107,.F.);
#1055 = FACE_BOUND('',#1056,.F.);
#1056 = EDGE_LOOP('',(#1057,#1058,#1059,#1068,#1076,#1084,#1092,#1101));
#1057 = ORIENTED_EDGE('',*,*,#412,.T.);
#1058 = ORIENTED_EDGE('',*,*,#473,.T.);
#1059 = ORIENTED_EDGE('',*,*,#1060,.F.);
#1060 = EDGE_CURVE('',#1061,#474,#1063,.T.);
#1061 = VERTEX_POINT('',#1062);
#1062 = CARTESIAN_POINT('',(7.493,0.2285,1.776));
#1063 = CIRCLE('',#1064,0.127);
#1064 = AXIS2_PLACEMENT_3D('',#1065,#1066,#1067);
#1065 = CARTESIAN_POINT('',(7.366,0.2285,1.776));
#1066 = DIRECTION('',(3.216245299353E-16,-1.,0.));
#1067 = DIRECTION('',(0.,0.,1.));
#1068 = ORIENTED_EDGE('',*,*,#1069,.T.);
#1069 = EDGE_CURVE('',#1061,#1070,#1072,.T.);
#1070 = VERTEX_POINT('',#1071);
#1071 = CARTESIAN_POINT('',(7.493,0.2285,-2.843));
#1072 = LINE('',#1073,#1074);
#1073 = CARTESIAN_POINT('',(7.493,0.2285,2.157));
#1074 = VECTOR('',#1075,1.);
#1075 = DIRECTION('',(0.,0.,-1.));
#1076 = ORIENTED_EDGE('',*,*,#1077,.F.);
#1077 = EDGE_CURVE('',#1078,#1070,#1080,.T.);
#1078 = VERTEX_POINT('',#1079);
#1079 = CARTESIAN_POINT('',(7.747,0.2285,-2.843));
#1080 = LINE('',#1081,#1082);
#1081 = CARTESIAN_POINT('',(7.747,0.2285,-2.843));
#1082 = VECTOR('',#1083,1.);
#1083 = DIRECTION('',(-1.,-3.216245299353E-16,0.));
#1084 = ORIENTED_EDGE('',*,*,#1085,.F.);
#1085 = EDGE_CURVE('',#1086,#1078,#1088,.T.);
#1086 = VERTEX_POINT('',#1087);
#1087 = CARTESIAN_POINT('',(7.747,0.2285,1.776));
#1088 = LINE('',#1089,#1090);
#1089 = CARTESIAN_POINT('',(7.747,0.2285,2.157));
#1090 = VECTOR('',#1091,1.);
#1091 = DIRECTION('',(0.,0.,-1.));
#1092 = ORIENTED_EDGE('',*,*,#1093,.T.);
#1093 = EDGE_CURVE('',#1086,#1094,#1096,.T.);
#1094 = VERTEX_POINT('',#1095);
#1095 = CARTESIAN_POINT('',(7.366,0.2285,2.157));
#1096 = CIRCLE('',#1097,0.381);
#1097 = AXIS2_PLACEMENT_3D('',#1098,#1099,#1100);
#1098 = CARTESIAN_POINT('',(7.366,0.2285,1.776));
#1099 = DIRECTION('',(3.216245299353E-16,-1.,0.));
#1100 = DIRECTION('',(0.,0.,1.));
#1101 = ORIENTED_EDGE('',*,*,#1102,.F.);
#1102 = EDGE_CURVE('',#413,#1094,#1103,.T.);
#1103 = LINE('',#1104,#1105);
#1104 = CARTESIAN_POINT('',(3.81,0.2285,2.157));
#1105 = VECTOR('',#1106,1.);
#1106 = DIRECTION('',(1.,3.216245299353E-16,0.));
#1107 = PLANE('',#1108);
#1108 = AXIS2_PLACEMENT_3D('',#1109,#1110,#1111);
#1109 = CARTESIAN_POINT('',(0.254,0.2285,2.157));
#1110 = DIRECTION('',(4.440892098501E-16,-1.,2.331176954594E-15));
#1111 = DIRECTION('',(1.035250531786E-30,-2.331176954594E-15,-1.));
#1112 = ADVANCED_FACE('',(#1113),#1137,.T.);
#1113 = FACE_BOUND('',#1114,.T.);
#1114 = EDGE_LOOP('',(#1115,#1123,#1124,#1131));
#1115 = ORIENTED_EDGE('',*,*,#1116,.T.);
#1116 = EDGE_CURVE('',#1117,#413,#1119,.T.);
#1117 = VERTEX_POINT('',#1118);
#1118 = CARTESIAN_POINT('',(6.91,0.2285,2.157));
#1119 = LINE('',#1120,#1121);
#1120 = CARTESIAN_POINT('',(3.81,0.2285,2.157));
#1121 = VECTOR('',#1122,1.);
#1122 = DIRECTION('',(1.,3.216245299353E-16,0.));
#1123 = ORIENTED_EDGE('',*,*,#428,.T.);
#1124 = ORIENTED_EDGE('',*,*,#1125,.T.);
#1125 = EDGE_CURVE('',#422,#1126,#1128,.T.);
#1126 = VERTEX_POINT('',#1127);
#1127 = CARTESIAN_POINT('',(6.91,0.75,2.157));
#1128 = B_SPLINE_CURVE_WITH_KNOTS('',1,(#1129,#1130),.UNSPECIFIED.,.F.,
  .F.,(2,2),(0.,1.),.PIECEWISE_BEZIER_KNOTS.);
#1129 = CARTESIAN_POINT('',(6.985,0.825,2.157));
#1130 = CARTESIAN_POINT('',(6.91,0.75,2.157));
#1131 = ORIENTED_EDGE('',*,*,#1132,.F.);
#1132 = EDGE_CURVE('',#1117,#1126,#1133,.T.);
#1133 = LINE('',#1134,#1135);
#1134 = CARTESIAN_POINT('',(6.91,-8.37,2.157));
#1135 = VECTOR('',#1136,1.);
#1136 = DIRECTION('',(-4.440892098501E-16,1.,0.));
#1137 = B_SPLINE_SURFACE_WITH_KNOTS('',1,1,(
    (#1138,#1139)
    ,(#1140,#1141
    )),.UNSPECIFIED.,.F.,.F.,.F.,(2,2),(2,2),(0.,9.27),(0.,1.),
  .PIECEWISE_BEZIER_KNOTS.);
#1138 = CARTESIAN_POINT('',(6.985,-8.445,2.157));
#1139 = CARTESIAN_POINT('',(6.91,-8.37,2.157));
#1140 = CARTESIAN_POINT('',(6.985,0.825,2.157));
#1141 = CARTESIAN_POINT('',(6.91,0.75,2.157));
#1142 = ADVANCED_FACE('',(#1143),#1195,.F.);
#1143 = FACE_BOUND('',#1144,.F.);
#1144 = EDGE_LOOP('',(#1145,#1146,#1147,#1156,#1164,#1172,#1180,#1189));
#1145 = ORIENTED_EDGE('',*,*,#504,.T.);
#1146 = ORIENTED_EDGE('',*,*,#442,.T.);
#1147 = ORIENTED_EDGE('',*,*,#1148,.F.);
#1148 = EDGE_CURVE('',#1149,#443,#1151,.T.);
#1149 = VERTEX_POINT('',#1150);
#1150 = CARTESIAN_POINT('',(7.493,-6.858,1.776));
#1151 = CIRCLE('',#1152,0.127);
#1152 = AXIS2_PLACEMENT_3D('',#1153,#1154,#1155);
#1153 = CARTESIAN_POINT('',(7.366,-6.858,1.776));
#1154 = DIRECTION('',(3.216245299353E-16,-1.,0.));
#1155 = DIRECTION('',(0.,0.,-1.));
#1156 = ORIENTED_EDGE('',*,*,#1157,.F.);
#1157 = EDGE_CURVE('',#1158,#1149,#1160,.T.);
#1158 = VERTEX_POINT('',#1159);
#1159 = CARTESIAN_POINT('',(7.493,-6.858,0.));
#1160 = LINE('',#1161,#1162);
#1161 = CARTESIAN_POINT('',(7.493,-6.858,0.));
#1162 = VECTOR('',#1163,1.);
#1163 = DIRECTION('',(0.,0.,1.));
#1164 = ORIENTED_EDGE('',*,*,#1165,.F.);
#1165 = EDGE_CURVE('',#1166,#1158,#1168,.T.);
#1166 = VERTEX_POINT('',#1167);
#1167 = CARTESIAN_POINT('',(7.747,-6.858,0.));
#1168 = LINE('',#1169,#1170);
#1169 = CARTESIAN_POINT('',(7.747,-6.858,0.));
#1170 = VECTOR('',#1171,1.);
#1171 = DIRECTION('',(-1.,-3.216245299353E-16,0.));
#1172 = ORIENTED_EDGE('',*,*,#1173,.T.);
#1173 = EDGE_CURVE('',#1166,#1174,#1176,.T.);
#1174 = VERTEX_POINT('',#1175);
#1175 = CARTESIAN_POINT('',(7.747,-6.858,1.776));
#1176 = LINE('',#1177,#1178);
#1177 = CARTESIAN_POINT('',(7.747,-6.858,0.));
#1178 = VECTOR('',#1179,1.);
#1179 = DIRECTION('',(0.,0.,1.));
#1180 = ORIENTED_EDGE('',*,*,#1181,.F.);
#1181 = EDGE_CURVE('',#1182,#1174,#1184,.T.);
#1182 = VERTEX_POINT('',#1183);
#1183 = CARTESIAN_POINT('',(7.366,-6.858,2.157));
#1184 = CIRCLE('',#1185,0.381);
#1185 = AXIS2_PLACEMENT_3D('',#1186,#1187,#1188);
#1186 = CARTESIAN_POINT('',(7.366,-6.858,1.776));
#1187 = DIRECTION('',(-3.216245299353E-16,1.,0.));
#1188 = DIRECTION('',(0.,0.,1.));
#1189 = ORIENTED_EDGE('',*,*,#1190,.F.);
#1190 = EDGE_CURVE('',#505,#1182,#1191,.T.);
#1191 = LINE('',#1192,#1193);
#1192 = CARTESIAN_POINT('',(3.81,-6.858,2.157));
#1193 = VECTOR('',#1194,1.);
#1194 = DIRECTION('',(1.,3.216245299353E-16,0.));
#1195 = PLANE('',#1196);
#1196 = AXIS2_PLACEMENT_3D('',#1197,#1198,#1199);
#1197 = CARTESIAN_POINT('',(0.254,-6.858,2.157));
#1198 = DIRECTION('',(4.440892098501E-16,-1.,0.));
#1199 = DIRECTION('',(0.,-0.,-1.));
#1200 = ADVANCED_FACE('',(#1201),#1212,.F.);
#1201 = FACE_BOUND('',#1202,.F.);
#1202 = EDGE_LOOP('',(#1203,#1209,#1210,#1211));
#1203 = ORIENTED_EDGE('',*,*,#1204,.T.);
#1204 = EDGE_CURVE('',#1036,#1149,#1205,.T.);
#1205 = LINE('',#1206,#1207);
#1206 = CARTESIAN_POINT('',(7.493,-7.8485,1.776));
#1207 = VECTOR('',#1208,1.);
#1208 = DIRECTION('',(-3.216245299353E-16,1.,0.));
#1209 = ORIENTED_EDGE('',*,*,#1148,.T.);
#1210 = ORIENTED_EDGE('',*,*,#459,.F.);
#1211 = ORIENTED_EDGE('',*,*,#1043,.F.);
#1212 = CYLINDRICAL_SURFACE('',#1213,0.127);
#1213 = AXIS2_PLACEMENT_3D('',#1214,#1215,#1216);
#1214 = CARTESIAN_POINT('',(7.366,-7.8485,1.776));
#1215 = DIRECTION('',(-3.216245299353E-16,1.,0.));
#1216 = DIRECTION('',(1.,3.216245299353E-16,0.));
#1217 = ADVANCED_FACE('',(#1218),#1237,.F.);
#1218 = FACE_BOUND('',#1219,.F.);
#1219 = EDGE_LOOP('',(#1220,#1221,#1222,#1231));
#1220 = ORIENTED_EDGE('',*,*,#1060,.T.);
#1221 = ORIENTED_EDGE('',*,*,#490,.T.);
#1222 = ORIENTED_EDGE('',*,*,#1223,.F.);
#1223 = EDGE_CURVE('',#1224,#483,#1226,.T.);
#1224 = VERTEX_POINT('',#1225);
#1225 = CARTESIAN_POINT('',(7.493,-0.762,1.776));
#1226 = CIRCLE('',#1227,0.127);
#1227 = AXIS2_PLACEMENT_3D('',#1228,#1229,#1230);
#1228 = CARTESIAN_POINT('',(7.366,-0.762,1.776));
#1229 = DIRECTION('',(3.216245299353E-16,-1.,0.));
#1230 = DIRECTION('',(0.,0.,1.));
#1231 = ORIENTED_EDGE('',*,*,#1232,.F.);
#1232 = EDGE_CURVE('',#1061,#1224,#1233,.T.);
#1233 = LINE('',#1234,#1235);
#1234 = CARTESIAN_POINT('',(7.493,0.2285,1.776));
#1235 = VECTOR('',#1236,1.);
#1236 = DIRECTION('',(3.216245299353E-16,-1.,0.));
#1237 = CYLINDRICAL_SURFACE('',#1238,0.127);
#1238 = AXIS2_PLACEMENT_3D('',#1239,#1240,#1241);
#1239 = CARTESIAN_POINT('',(7.366,0.2285,1.776));
#1240 = DIRECTION('',(3.216245299353E-16,-1.,0.));
#1241 = DIRECTION('',(1.,3.216245299353E-16,0.));
#1242 = ADVANCED_FACE('',(#1243),#1287,.T.);
#1243 = FACE_BOUND('',#1244,.T.);
#1244 = EDGE_LOOP('',(#1245,#1246,#1247,#1248,#1256,#1264,#1272,#1281));
#1245 = ORIENTED_EDGE('',*,*,#544,.T.);
#1246 = ORIENTED_EDGE('',*,*,#482,.F.);
#1247 = ORIENTED_EDGE('',*,*,#1223,.F.);
#1248 = ORIENTED_EDGE('',*,*,#1249,.F.);
#1249 = EDGE_CURVE('',#1250,#1224,#1252,.T.);
#1250 = VERTEX_POINT('',#1251);
#1251 = CARTESIAN_POINT('',(7.493,-0.762,0.));
#1252 = LINE('',#1253,#1254);
#1253 = CARTESIAN_POINT('',(7.493,-0.762,0.));
#1254 = VECTOR('',#1255,1.);
#1255 = DIRECTION('',(0.,0.,1.));
#1256 = ORIENTED_EDGE('',*,*,#1257,.F.);
#1257 = EDGE_CURVE('',#1258,#1250,#1260,.T.);
#1258 = VERTEX_POINT('',#1259);
#1259 = CARTESIAN_POINT('',(7.747,-0.762,0.));
#1260 = LINE('',#1261,#1262);
#1261 = CARTESIAN_POINT('',(7.747,-0.762,0.));
#1262 = VECTOR('',#1263,1.);
#1263 = DIRECTION('',(-1.,-3.216245299353E-16,0.));
#1264 = ORIENTED_EDGE('',*,*,#1265,.T.);
#1265 = EDGE_CURVE('',#1258,#1266,#1268,.T.);
#1266 = VERTEX_POINT('',#1267);
#1267 = CARTESIAN_POINT('',(7.747,-0.762,1.776));
#1268 = LINE('',#1269,#1270);
#1269 = CARTESIAN_POINT('',(7.747,-0.762,0.));
#1270 = VECTOR('',#1271,1.);
#1271 = DIRECTION('',(0.,0.,1.));
#1272 = ORIENTED_EDGE('',*,*,#1273,.T.);
#1273 = EDGE_CURVE('',#1266,#1274,#1276,.T.);
#1274 = VERTEX_POINT('',#1275);
#1275 = CARTESIAN_POINT('',(7.366,-0.762,2.157));
#1276 = CIRCLE('',#1277,0.381);
#1277 = AXIS2_PLACEMENT_3D('',#1278,#1279,#1280);
#1278 = CARTESIAN_POINT('',(7.366,-0.762,1.776));
#1279 = DIRECTION('',(3.216245299353E-16,-1.,0.));
#1280 = DIRECTION('',(0.,0.,1.));
#1281 = ORIENTED_EDGE('',*,*,#1282,.T.);
#1282 = EDGE_CURVE('',#1274,#545,#1283,.T.);
#1283 = LINE('',#1284,#1285);
#1284 = CARTESIAN_POINT('',(7.747,-0.762,2.157));
#1285 = VECTOR('',#1286,1.);
#1286 = DIRECTION('',(-1.,-3.216245299353E-16,0.));
#1287 = PLANE('',#1288);
#1288 = AXIS2_PLACEMENT_3D('',#1289,#1290,#1291);
#1289 = CARTESIAN_POINT('',(-0.127,-0.762,0.));
#1290 = DIRECTION('',(4.440892098501E-16,-1.,0.));
#1291 = DIRECTION('',(0.,-0.,-1.));
#1292 = ADVANCED_FACE('',(#1293),#1318,.T.);
#1293 = FACE_BOUND('',#1294,.T.);
#1294 = EDGE_LOOP('',(#1295,#1303,#1304,#1312));
#1295 = ORIENTED_EDGE('',*,*,#1296,.T.);
#1296 = EDGE_CURVE('',#1297,#505,#1299,.T.);
#1297 = VERTEX_POINT('',#1298);
#1298 = CARTESIAN_POINT('',(6.91,-6.858,2.157));
#1299 = LINE('',#1300,#1301);
#1300 = CARTESIAN_POINT('',(3.81,-6.858,2.157));
#1301 = VECTOR('',#1302,1.);
#1302 = DIRECTION('',(1.,3.216245299353E-16,0.));
#1303 = ORIENTED_EDGE('',*,*,#521,.T.);
#1304 = ORIENTED_EDGE('',*,*,#1305,.T.);
#1305 = EDGE_CURVE('',#514,#1306,#1308,.T.);
#1306 = VERTEX_POINT('',#1307);
#1307 = CARTESIAN_POINT('',(6.91,-5.842,2.157));
#1308 = LINE('',#1309,#1310);
#1309 = CARTESIAN_POINT('',(7.62,-5.842,2.157));
#1310 = VECTOR('',#1311,1.);
#1311 = DIRECTION('',(-1.,-3.216245299353E-16,0.));
#1312 = ORIENTED_EDGE('',*,*,#1313,.F.);
#1313 = EDGE_CURVE('',#1297,#1306,#1314,.T.);
#1314 = LINE('',#1315,#1316);
#1315 = CARTESIAN_POINT('',(6.91,-8.37,2.157));
#1316 = VECTOR('',#1317,1.);
#1317 = DIRECTION('',(-4.440892098501E-16,1.,0.));
#1318 = B_SPLINE_SURFACE_WITH_KNOTS('',1,1,(
    (#1319,#1320)
    ,(#1321,#1322
    )),.UNSPECIFIED.,.F.,.F.,.F.,(2,2),(2,2),(0.,9.27),(0.,1.),
  .PIECEWISE_BEZIER_KNOTS.);
#1319 = CARTESIAN_POINT('',(6.985,-8.445,2.157));
#1320 = CARTESIAN_POINT('',(6.91,-8.37,2.157));
#1321 = CARTESIAN_POINT('',(6.985,0.825,2.157));
#1322 = CARTESIAN_POINT('',(6.91,0.75,2.157));
#1323 = ADVANCED_FACE('',(#1324),#1376,.F.);
#1324 = FACE_BOUND('',#1325,.F.);
#1325 = EDGE_LOOP('',(#1326,#1327,#1328,#1336,#1345,#1353,#1361,#1369));
#1326 = ORIENTED_EDGE('',*,*,#575,.T.);
#1327 = ORIENTED_EDGE('',*,*,#513,.T.);
#1328 = ORIENTED_EDGE('',*,*,#1329,.F.);
#1329 = EDGE_CURVE('',#1330,#514,#1332,.T.);
#1330 = VERTEX_POINT('',#1331);
#1331 = CARTESIAN_POINT('',(7.366,-5.842,2.157));
#1332 = LINE('',#1333,#1334);
#1333 = CARTESIAN_POINT('',(7.62,-5.842,2.157));
#1334 = VECTOR('',#1335,1.);
#1335 = DIRECTION('',(-1.,-3.216245299353E-16,0.));
#1336 = ORIENTED_EDGE('',*,*,#1337,.T.);
#1337 = EDGE_CURVE('',#1330,#1338,#1340,.T.);
#1338 = VERTEX_POINT('',#1339);
#1339 = CARTESIAN_POINT('',(7.747,-5.842,1.776));
#1340 = CIRCLE('',#1341,0.381);
#1341 = AXIS2_PLACEMENT_3D('',#1342,#1343,#1344);
#1342 = CARTESIAN_POINT('',(7.366,-5.842,1.776));
#1343 = DIRECTION('',(-3.216245299353E-16,1.,0.));
#1344 = DIRECTION('',(0.,0.,1.));
#1345 = ORIENTED_EDGE('',*,*,#1346,.T.);
#1346 = EDGE_CURVE('',#1338,#1347,#1349,.T.);
#1347 = VERTEX_POINT('',#1348);
#1348 = CARTESIAN_POINT('',(7.747,-5.842,0.));
#1349 = LINE('',#1350,#1351);
#1350 = CARTESIAN_POINT('',(7.747,-5.842,2.157));
#1351 = VECTOR('',#1352,1.);
#1352 = DIRECTION('',(0.,0.,-1.));
#1353 = ORIENTED_EDGE('',*,*,#1354,.T.);
#1354 = EDGE_CURVE('',#1347,#1355,#1357,.T.);
#1355 = VERTEX_POINT('',#1356);
#1356 = CARTESIAN_POINT('',(7.493,-5.842,0.));
#1357 = LINE('',#1358,#1359);
#1358 = CARTESIAN_POINT('',(7.747,-5.842,0.));
#1359 = VECTOR('',#1360,1.);
#1360 = DIRECTION('',(-1.,-3.216245299353E-16,0.));
#1361 = ORIENTED_EDGE('',*,*,#1362,.F.);
#1362 = EDGE_CURVE('',#1363,#1355,#1365,.T.);
#1363 = VERTEX_POINT('',#1364);
#1364 = CARTESIAN_POINT('',(7.493,-5.842,1.776));
#1365 = LINE('',#1366,#1367);
#1366 = CARTESIAN_POINT('',(7.493,-5.842,2.157));
#1367 = VECTOR('',#1368,1.);
#1368 = DIRECTION('',(0.,0.,-1.));
#1369 = ORIENTED_EDGE('',*,*,#1370,.T.);
#1370 = EDGE_CURVE('',#1363,#576,#1371,.T.);
#1371 = CIRCLE('',#1372,0.127);
#1372 = AXIS2_PLACEMENT_3D('',#1373,#1374,#1375);
#1373 = CARTESIAN_POINT('',(7.366,-5.842,1.776));
#1374 = DIRECTION('',(3.216245299353E-16,-1.,0.));
#1375 = DIRECTION('',(0.,0.,-1.));
#1376 = PLANE('',#1377);
#1377 = AXIS2_PLACEMENT_3D('',#1378,#1379,#1380);
#1378 = CARTESIAN_POINT('',(0.254,-5.842,2.157));
#1379 = DIRECTION('',(-4.440892098501E-16,1.,0.));
#1380 = DIRECTION('',(0.,0.,1.));
#1381 = ADVANCED_FACE('',(#1382),#1434,.T.);
#1382 = FACE_BOUND('',#1383,.T.);
#1383 = EDGE_LOOP('',(#1384,#1385,#1386,#1394,#1403,#1411,#1419,#1427));
#1384 = ORIENTED_EDGE('',*,*,#597,.F.);
#1385 = ORIENTED_EDGE('',*,*,#535,.T.);
#1386 = ORIENTED_EDGE('',*,*,#1387,.T.);
#1387 = EDGE_CURVE('',#536,#1388,#1390,.T.);
#1388 = VERTEX_POINT('',#1389);
#1389 = CARTESIAN_POINT('',(7.366,-1.778,2.157));
#1390 = LINE('',#1391,#1392);
#1391 = CARTESIAN_POINT('',(3.683,-1.778,2.157));
#1392 = VECTOR('',#1393,1.);
#1393 = DIRECTION('',(1.,3.216245299353E-16,0.));
#1394 = ORIENTED_EDGE('',*,*,#1395,.T.);
#1395 = EDGE_CURVE('',#1388,#1396,#1398,.T.);
#1396 = VERTEX_POINT('',#1397);
#1397 = CARTESIAN_POINT('',(7.747,-1.778,1.776));
#1398 = CIRCLE('',#1399,0.381);
#1399 = AXIS2_PLACEMENT_3D('',#1400,#1401,#1402);
#1400 = CARTESIAN_POINT('',(7.366,-1.778,1.776));
#1401 = DIRECTION('',(-3.216245299353E-16,1.,0.));
#1402 = DIRECTION('',(0.,0.,1.));
#1403 = ORIENTED_EDGE('',*,*,#1404,.F.);
#1404 = EDGE_CURVE('',#1405,#1396,#1407,.T.);
#1405 = VERTEX_POINT('',#1406);
#1406 = CARTESIAN_POINT('',(7.747,-1.778,0.));
#1407 = LINE('',#1408,#1409);
#1408 = CARTESIAN_POINT('',(7.747,-1.778,0.));
#1409 = VECTOR('',#1410,1.);
#1410 = DIRECTION('',(0.,0.,1.));
#1411 = ORIENTED_EDGE('',*,*,#1412,.T.);
#1412 = EDGE_CURVE('',#1405,#1413,#1415,.T.);
#1413 = VERTEX_POINT('',#1414);
#1414 = CARTESIAN_POINT('',(7.493,-1.778,0.));
#1415 = LINE('',#1416,#1417);
#1416 = CARTESIAN_POINT('',(7.747,-1.778,0.));
#1417 = VECTOR('',#1418,1.);
#1418 = DIRECTION('',(-1.,-3.216245299353E-16,0.));
#1419 = ORIENTED_EDGE('',*,*,#1420,.T.);
#1420 = EDGE_CURVE('',#1413,#1421,#1423,.T.);
#1421 = VERTEX_POINT('',#1422);
#1422 = CARTESIAN_POINT('',(7.493,-1.778,1.776));
#1423 = LINE('',#1424,#1425);
#1424 = CARTESIAN_POINT('',(7.493,-1.778,0.));
#1425 = VECTOR('',#1426,1.);
#1426 = DIRECTION('',(0.,0.,1.));
#1427 = ORIENTED_EDGE('',*,*,#1428,.T.);
#1428 = EDGE_CURVE('',#1421,#598,#1429,.T.);
#1429 = CIRCLE('',#1430,0.127);
#1430 = AXIS2_PLACEMENT_3D('',#1431,#1432,#1433);
#1431 = CARTESIAN_POINT('',(7.366,-1.778,1.776));
#1432 = DIRECTION('',(3.216245299353E-16,-1.,0.));
#1433 = DIRECTION('',(0.,0.,-1.));
#1434 = PLANE('',#1435);
#1435 = AXIS2_PLACEMENT_3D('',#1436,#1437,#1438);
#1436 = CARTESIAN_POINT('',(0.254,-1.778,2.157));
#1437 = DIRECTION('',(-4.440892098501E-16,1.,0.));
#1438 = DIRECTION('',(0.,0.,1.));
#1439 = ADVANCED_FACE('',(#1440),#1465,.T.);
#1440 = FACE_BOUND('',#1441,.T.);
#1441 = EDGE_LOOP('',(#1442,#1450,#1451,#1459));
#1442 = ORIENTED_EDGE('',*,*,#1443,.T.);
#1443 = EDGE_CURVE('',#1444,#536,#1446,.T.);
#1444 = VERTEX_POINT('',#1445);
#1445 = CARTESIAN_POINT('',(6.91,-1.778,2.157));
#1446 = LINE('',#1447,#1448);
#1447 = CARTESIAN_POINT('',(3.683,-1.778,2.157));
#1448 = VECTOR('',#1449,1.);
#1449 = DIRECTION('',(1.,3.216245299353E-16,0.));
#1450 = ORIENTED_EDGE('',*,*,#552,.T.);
#1451 = ORIENTED_EDGE('',*,*,#1452,.T.);
#1452 = EDGE_CURVE('',#545,#1453,#1455,.T.);
#1453 = VERTEX_POINT('',#1454);
#1454 = CARTESIAN_POINT('',(6.91,-0.762,2.157));
#1455 = LINE('',#1456,#1457);
#1456 = CARTESIAN_POINT('',(7.747,-0.762,2.157));
#1457 = VECTOR('',#1458,1.);
#1458 = DIRECTION('',(-1.,-3.216245299353E-16,0.));
#1459 = ORIENTED_EDGE('',*,*,#1460,.F.);
#1460 = EDGE_CURVE('',#1444,#1453,#1461,.T.);
#1461 = LINE('',#1462,#1463);
#1462 = CARTESIAN_POINT('',(6.91,-8.37,2.157));
#1463 = VECTOR('',#1464,1.);
#1464 = DIRECTION('',(-4.440892098501E-16,1.,0.));
#1465 = B_SPLINE_SURFACE_WITH_KNOTS('',1,1,(
    (#1466,#1467)
    ,(#1468,#1469
    )),.UNSPECIFIED.,.F.,.F.,.F.,(2,2),(2,2),(0.,9.27),(0.,1.),
  .PIECEWISE_BEZIER_KNOTS.);
#1466 = CARTESIAN_POINT('',(6.985,-8.445,2.157));
#1467 = CARTESIAN_POINT('',(6.91,-8.37,2.157));
#1468 = CARTESIAN_POINT('',(6.985,0.825,2.157));
#1469 = CARTESIAN_POINT('',(6.91,0.75,2.157));
#1470 = ADVANCED_FACE('',(#1471),#1523,.T.);
#1471 = FACE_BOUND('',#1472,.T.);
#1472 = EDGE_LOOP('',(#1473,#1474,#1475,#1483,#1492,#1500,#1508,#1516));
#1473 = ORIENTED_EDGE('',*,*,#566,.F.);
#1474 = ORIENTED_EDGE('',*,*,#628,.T.);
#1475 = ORIENTED_EDGE('',*,*,#1476,.T.);
#1476 = EDGE_CURVE('',#629,#1477,#1479,.T.);
#1477 = VERTEX_POINT('',#1478);
#1478 = CARTESIAN_POINT('',(7.366,-4.318,2.157));
#1479 = LINE('',#1480,#1481);
#1480 = CARTESIAN_POINT('',(3.683,-4.318,2.157));
#1481 = VECTOR('',#1482,1.);
#1482 = DIRECTION('',(1.,3.216245299353E-16,0.));
#1483 = ORIENTED_EDGE('',*,*,#1484,.T.);
#1484 = EDGE_CURVE('',#1477,#1485,#1487,.T.);
#1485 = VERTEX_POINT('',#1486);
#1486 = CARTESIAN_POINT('',(7.747,-4.318,1.776));
#1487 = CIRCLE('',#1488,0.381);
#1488 = AXIS2_PLACEMENT_3D('',#1489,#1490,#1491);
#1489 = CARTESIAN_POINT('',(7.366,-4.318,1.776));
#1490 = DIRECTION('',(-3.216245299353E-16,1.,0.));
#1491 = DIRECTION('',(0.,0.,1.));
#1492 = ORIENTED_EDGE('',*,*,#1493,.F.);
#1493 = EDGE_CURVE('',#1494,#1485,#1496,.T.);
#1494 = VERTEX_POINT('',#1495);
#1495 = CARTESIAN_POINT('',(7.747,-4.318,0.));
#1496 = LINE('',#1497,#1498);
#1497 = CARTESIAN_POINT('',(7.747,-4.318,0.));
#1498 = VECTOR('',#1499,1.);
#1499 = DIRECTION('',(0.,0.,1.));
#1500 = ORIENTED_EDGE('',*,*,#1501,.T.);
#1501 = EDGE_CURVE('',#1494,#1502,#1504,.T.);
#1502 = VERTEX_POINT('',#1503);
#1503 = CARTESIAN_POINT('',(7.493,-4.318,0.));
#1504 = LINE('',#1505,#1506);
#1505 = CARTESIAN_POINT('',(7.747,-4.318,0.));
#1506 = VECTOR('',#1507,1.);
#1507 = DIRECTION('',(-1.,-3.216245299353E-16,0.));
#1508 = ORIENTED_EDGE('',*,*,#1509,.T.);
#1509 = EDGE_CURVE('',#1502,#1510,#1512,.T.);
#1510 = VERTEX_POINT('',#1511);
#1511 = CARTESIAN_POINT('',(7.493,-4.318,1.776));
#1512 = LINE('',#1513,#1514);
#1513 = CARTESIAN_POINT('',(7.493,-4.318,0.));
#1514 = VECTOR('',#1515,1.);
#1515 = DIRECTION('',(0.,0.,1.));
#1516 = ORIENTED_EDGE('',*,*,#1517,.T.);
#1517 = EDGE_CURVE('',#1510,#567,#1518,.T.);
#1518 = CIRCLE('',#1519,0.127);
#1519 = AXIS2_PLACEMENT_3D('',#1520,#1521,#1522);
#1520 = CARTESIAN_POINT('',(7.366,-4.318,1.776));
#1521 = DIRECTION('',(3.216245299353E-16,-1.,0.));
#1522 = DIRECTION('',(0.,0.,-1.));
#1523 = PLANE('',#1524);
#1524 = AXIS2_PLACEMENT_3D('',#1525,#1526,#1527);
#1525 = CARTESIAN_POINT('',(0.254,-4.318,2.157));
#1526 = DIRECTION('',(-4.440892098501E-16,1.,0.));
#1527 = DIRECTION('',(0.,0.,1.));
#1528 = ADVANCED_FACE('',(#1529),#1540,.F.);
#1529 = FACE_BOUND('',#1530,.F.);
#1530 = EDGE_LOOP('',(#1531,#1537,#1538,#1539));
#1531 = ORIENTED_EDGE('',*,*,#1532,.T.);
#1532 = EDGE_CURVE('',#1363,#1510,#1533,.T.);
#1533 = LINE('',#1534,#1535);
#1534 = CARTESIAN_POINT('',(7.493,-5.842,1.776));
#1535 = VECTOR('',#1536,1.);
#1536 = DIRECTION('',(-3.216245299353E-16,1.,0.));
#1537 = ORIENTED_EDGE('',*,*,#1517,.T.);
#1538 = ORIENTED_EDGE('',*,*,#583,.F.);
#1539 = ORIENTED_EDGE('',*,*,#1370,.F.);
#1540 = CYLINDRICAL_SURFACE('',#1541,0.127);
#1541 = AXIS2_PLACEMENT_3D('',#1542,#1543,#1544);
#1542 = CARTESIAN_POINT('',(7.366,-5.842,1.776));
#1543 = DIRECTION('',(-3.216245299353E-16,1.,0.));
#1544 = DIRECTION('',(1.,3.216245299353E-16,0.));
#1545 = ADVANCED_FACE('',(#1546),#1565,.F.);
#1546 = FACE_BOUND('',#1547,.F.);
#1547 = EDGE_LOOP('',(#1548,#1556,#1557,#1558));
#1548 = ORIENTED_EDGE('',*,*,#1549,.T.);
#1549 = EDGE_CURVE('',#1550,#1421,#1552,.T.);
#1550 = VERTEX_POINT('',#1551);
#1551 = CARTESIAN_POINT('',(7.493,-3.302,1.776));
#1552 = LINE('',#1553,#1554);
#1553 = CARTESIAN_POINT('',(7.493,-3.302,1.776));
#1554 = VECTOR('',#1555,1.);
#1555 = DIRECTION('',(-3.216245299353E-16,1.,0.));
#1556 = ORIENTED_EDGE('',*,*,#1428,.T.);
#1557 = ORIENTED_EDGE('',*,*,#614,.F.);
#1558 = ORIENTED_EDGE('',*,*,#1559,.F.);
#1559 = EDGE_CURVE('',#1550,#607,#1560,.T.);
#1560 = CIRCLE('',#1561,0.127);
#1561 = AXIS2_PLACEMENT_3D('',#1562,#1563,#1564);
#1562 = CARTESIAN_POINT('',(7.366,-3.302,1.776));
#1563 = DIRECTION('',(3.216245299353E-16,-1.,0.));
#1564 = DIRECTION('',(0.,0.,-1.));
#1565 = CYLINDRICAL_SURFACE('',#1566,0.127);
#1566 = AXIS2_PLACEMENT_3D('',#1567,#1568,#1569);
#1567 = CARTESIAN_POINT('',(7.366,-3.302,1.776));
#1568 = DIRECTION('',(-3.216245299353E-16,1.,0.));
#1569 = DIRECTION('',(1.,3.216245299353E-16,0.));
#1570 = ADVANCED_FACE('',(#1571),#1615,.F.);
#1571 = FACE_BOUND('',#1572,.F.);
#1572 = EDGE_LOOP('',(#1573,#1574,#1575,#1583,#1592,#1600,#1608,#1614));
#1573 = ORIENTED_EDGE('',*,*,#606,.T.);
#1574 = ORIENTED_EDGE('',*,*,#637,.T.);
#1575 = ORIENTED_EDGE('',*,*,#1576,.F.);
#1576 = EDGE_CURVE('',#1577,#638,#1579,.T.);
#1577 = VERTEX_POINT('',#1578);
#1578 = CARTESIAN_POINT('',(7.366,-3.302,2.157));
#1579 = LINE('',#1580,#1581);
#1580 = CARTESIAN_POINT('',(7.62,-3.302,2.157));
#1581 = VECTOR('',#1582,1.);
#1582 = DIRECTION('',(-1.,-3.216245299353E-16,0.));
#1583 = ORIENTED_EDGE('',*,*,#1584,.T.);
#1584 = EDGE_CURVE('',#1577,#1585,#1587,.T.);
#1585 = VERTEX_POINT('',#1586);
#1586 = CARTESIAN_POINT('',(7.747,-3.302,1.776));
#1587 = CIRCLE('',#1588,0.381);
#1588 = AXIS2_PLACEMENT_3D('',#1589,#1590,#1591);
#1589 = CARTESIAN_POINT('',(7.366,-3.302,1.776));
#1590 = DIRECTION('',(-3.216245299353E-16,1.,0.));
#1591 = DIRECTION('',(0.,0.,1.));
#1592 = ORIENTED_EDGE('',*,*,#1593,.T.);
#1593 = EDGE_CURVE('',#1585,#1594,#1596,.T.);
#1594 = VERTEX_POINT('',#1595);
#1595 = CARTESIAN_POINT('',(7.747,-3.302,0.));
#1596 = LINE('',#1597,#1598);
#1597 = CARTESIAN_POINT('',(7.747,-3.302,2.157));
#1598 = VECTOR('',#1599,1.);
#1599 = DIRECTION('',(0.,0.,-1.));
#1600 = ORIENTED_EDGE('',*,*,#1601,.T.);
#1601 = EDGE_CURVE('',#1594,#1602,#1604,.T.);
#1602 = VERTEX_POINT('',#1603);
#1603 = CARTESIAN_POINT('',(7.493,-3.302,0.));
#1604 = LINE('',#1605,#1606);
#1605 = CARTESIAN_POINT('',(7.747,-3.302,0.));
#1606 = VECTOR('',#1607,1.);
#1607 = DIRECTION('',(-1.,-3.216245299353E-16,0.));
#1608 = ORIENTED_EDGE('',*,*,#1609,.F.);
#1609 = EDGE_CURVE('',#1550,#1602,#1610,.T.);
#1610 = LINE('',#1611,#1612);
#1611 = CARTESIAN_POINT('',(7.493,-3.302,2.157));
#1612 = VECTOR('',#1613,1.);
#1613 = DIRECTION('',(0.,0.,-1.));
#1614 = ORIENTED_EDGE('',*,*,#1559,.T.);
#1615 = PLANE('',#1616);
#1616 = AXIS2_PLACEMENT_3D('',#1617,#1618,#1619);
#1617 = CARTESIAN_POINT('',(0.254,-3.302,2.157));
#1618 = DIRECTION('',(-4.440892098501E-16,1.,0.));
#1619 = DIRECTION('',(0.,0.,1.));
#1620 = ADVANCED_FACE('',(#1621),#1646,.T.);
#1621 = FACE_BOUND('',#1622,.T.);
#1622 = EDGE_LOOP('',(#1623,#1631,#1632,#1640));
#1623 = ORIENTED_EDGE('',*,*,#1624,.T.);
#1624 = EDGE_CURVE('',#1625,#629,#1627,.T.);
#1625 = VERTEX_POINT('',#1626);
#1626 = CARTESIAN_POINT('',(6.91,-4.318,2.157));
#1627 = LINE('',#1628,#1629);
#1628 = CARTESIAN_POINT('',(3.683,-4.318,2.157));
#1629 = VECTOR('',#1630,1.);
#1630 = DIRECTION('',(1.,3.216245299353E-16,0.));
#1631 = ORIENTED_EDGE('',*,*,#645,.T.);
#1632 = ORIENTED_EDGE('',*,*,#1633,.T.);
#1633 = EDGE_CURVE('',#638,#1634,#1636,.T.);
#1634 = VERTEX_POINT('',#1635);
#1635 = CARTESIAN_POINT('',(6.91,-3.302,2.157));
#1636 = LINE('',#1637,#1638);
#1637 = CARTESIAN_POINT('',(7.62,-3.302,2.157));
#1638 = VECTOR('',#1639,1.);
#1639 = DIRECTION('',(-1.,-3.216245299353E-16,0.));
#1640 = ORIENTED_EDGE('',*,*,#1641,.F.);
#1641 = EDGE_CURVE('',#1625,#1634,#1642,.T.);
#1642 = LINE('',#1643,#1644);
#1643 = CARTESIAN_POINT('',(6.91,-8.37,2.157));
#1644 = VECTOR('',#1645,1.);
#1645 = DIRECTION('',(-4.440892098501E-16,1.,0.));
#1646 = B_SPLINE_SURFACE_WITH_KNOTS('',1,1,(
    (#1647,#1648)
    ,(#1649,#1650
    )),.UNSPECIFIED.,.F.,.F.,.F.,(2,2),(2,2),(0.,9.27),(0.,1.),
  .PIECEWISE_BEZIER_KNOTS.);
#1647 = CARTESIAN_POINT('',(6.985,-8.445,2.157));
#1648 = CARTESIAN_POINT('',(6.91,-8.37,2.157));
#1649 = CARTESIAN_POINT('',(6.985,0.825,2.157));
#1650 = CARTESIAN_POINT('',(6.91,0.75,2.157));
#1651 = ADVANCED_FACE('',(#1652),#1669,.T.);
#1652 = FACE_BOUND('',#1653,.T.);
#1653 = EDGE_LOOP('',(#1654,#1655,#1662,#1668));
#1654 = ORIENTED_EDGE('',*,*,#667,.T.);
#1655 = ORIENTED_EDGE('',*,*,#1656,.T.);
#1656 = EDGE_CURVE('',#661,#1657,#1659,.T.);
#1657 = VERTEX_POINT('',#1658);
#1658 = CARTESIAN_POINT('',(0.71,0.75,2.157));
#1659 = B_SPLINE_CURVE_WITH_KNOTS('',1,(#1660,#1661),.UNSPECIFIED.,.F.,
  .F.,(2,2),(0.,1.),.PIECEWISE_BEZIER_KNOTS.);
#1660 = CARTESIAN_POINT('',(0.635,0.825,2.157));
#1661 = CARTESIAN_POINT('',(0.71,0.75,2.157));
#1662 = ORIENTED_EDGE('',*,*,#1663,.F.);
#1663 = EDGE_CURVE('',#1126,#1657,#1664,.T.);
#1664 = LINE('',#1665,#1666);
#1665 = CARTESIAN_POINT('',(6.91,0.75,2.157));
#1666 = VECTOR('',#1667,1.);
#1667 = DIRECTION('',(-1.,-4.440892098501E-16,0.));
#1668 = ORIENTED_EDGE('',*,*,#1125,.F.);
#1669 = B_SPLINE_SURFACE_WITH_KNOTS('',1,1,(
    (#1670,#1671)
    ,(#1672,#1673
    )),.UNSPECIFIED.,.F.,.F.,.F.,(2,2),(2,2),(0.,6.35),(0.,1.),
  .PIECEWISE_BEZIER_KNOTS.);
#1670 = CARTESIAN_POINT('',(6.985,0.825,2.157));
#1671 = CARTESIAN_POINT('',(6.91,0.75,2.157));
#1672 = CARTESIAN_POINT('',(0.635,0.825,2.157));
#1673 = CARTESIAN_POINT('',(0.71,0.75,2.157));
#1674 = ADVANCED_FACE('',(#1675),#1693,.T.);
#1675 = FACE_BOUND('',#1676,.T.);
#1676 = EDGE_LOOP('',(#1677,#1678,#1679,#1687));
#1677 = ORIENTED_EDGE('',*,*,#1656,.F.);
#1678 = ORIENTED_EDGE('',*,*,#692,.T.);
#1679 = ORIENTED_EDGE('',*,*,#1680,.T.);
#1680 = EDGE_CURVE('',#685,#1681,#1683,.T.);
#1681 = VERTEX_POINT('',#1682);
#1682 = CARTESIAN_POINT('',(0.71,0.2285,2.157));
#1683 = LINE('',#1684,#1685);
#1684 = CARTESIAN_POINT('',(-0.127,0.2285,2.157));
#1685 = VECTOR('',#1686,1.);
#1686 = DIRECTION('',(1.,4.440892098501E-16,0.));
#1687 = ORIENTED_EDGE('',*,*,#1688,.F.);
#1688 = EDGE_CURVE('',#1657,#1681,#1689,.T.);
#1689 = LINE('',#1690,#1691);
#1690 = CARTESIAN_POINT('',(0.71,0.75,2.157));
#1691 = VECTOR('',#1692,1.);
#1692 = DIRECTION('',(4.440892098501E-16,-1.,0.));
#1693 = B_SPLINE_SURFACE_WITH_KNOTS('',1,1,(
    (#1694,#1695)
    ,(#1696,#1697
    )),.UNSPECIFIED.,.F.,.F.,.F.,(2,2),(2,2),(0.,9.27),(0.,1.),
  .PIECEWISE_BEZIER_KNOTS.);
#1694 = CARTESIAN_POINT('',(0.635,0.825,2.157));
#1695 = CARTESIAN_POINT('',(0.71,0.75,2.157));
#1696 = CARTESIAN_POINT('',(0.635,-8.445,2.157));
#1697 = CARTESIAN_POINT('',(0.71,-8.37,2.157));
#1698 = ADVANCED_FACE('',(#1699),#1751,.F.);
#1699 = FACE_BOUND('',#1700,.F.);
#1700 = EDGE_LOOP('',(#1701,#1709,#1718,#1726,#1734,#1742,#1749,#1750));
#1701 = ORIENTED_EDGE('',*,*,#1702,.F.);
#1702 = EDGE_CURVE('',#1703,#685,#1705,.T.);
#1703 = VERTEX_POINT('',#1704);
#1704 = CARTESIAN_POINT('',(0.254,0.2285,2.157));
#1705 = LINE('',#1706,#1707);
#1706 = CARTESIAN_POINT('',(-0.127,0.2285,2.157));
#1707 = VECTOR('',#1708,1.);
#1708 = DIRECTION('',(1.,4.440892098501E-16,0.));
#1709 = ORIENTED_EDGE('',*,*,#1710,.T.);
#1710 = EDGE_CURVE('',#1703,#1711,#1713,.T.);
#1711 = VERTEX_POINT('',#1712);
#1712 = CARTESIAN_POINT('',(-0.127,0.2285,1.776));
#1713 = CIRCLE('',#1714,0.381);
#1714 = AXIS2_PLACEMENT_3D('',#1715,#1716,#1717);
#1715 = CARTESIAN_POINT('',(0.254,0.2285,1.776));
#1716 = DIRECTION('',(4.440892098501E-16,-1.,0.));
#1717 = DIRECTION('',(0.,0.,1.));
#1718 = ORIENTED_EDGE('',*,*,#1719,.T.);
#1719 = EDGE_CURVE('',#1711,#1720,#1722,.T.);
#1720 = VERTEX_POINT('',#1721);
#1721 = CARTESIAN_POINT('',(-0.127,0.2285,-2.843));
#1722 = LINE('',#1723,#1724);
#1723 = CARTESIAN_POINT('',(-0.127,0.2285,2.157));
#1724 = VECTOR('',#1725,1.);
#1725 = DIRECTION('',(-0.,0.,-1.));
#1726 = ORIENTED_EDGE('',*,*,#1727,.T.);
#1727 = EDGE_CURVE('',#1720,#1728,#1730,.T.);
#1728 = VERTEX_POINT('',#1729);
#1729 = CARTESIAN_POINT('',(0.127,0.2285,-2.843));
#1730 = LINE('',#1731,#1732);
#1731 = CARTESIAN_POINT('',(-0.127,0.2285,-2.843));
#1732 = VECTOR('',#1733,1.);
#1733 = DIRECTION('',(1.,4.440892098501E-16,0.));
#1734 = ORIENTED_EDGE('',*,*,#1735,.F.);
#1735 = EDGE_CURVE('',#1736,#1728,#1738,.T.);
#1736 = VERTEX_POINT('',#1737);
#1737 = CARTESIAN_POINT('',(0.127,0.2285,1.776));
#1738 = LINE('',#1739,#1740);
#1739 = CARTESIAN_POINT('',(0.127,0.2285,2.157));
#1740 = VECTOR('',#1741,1.);
#1741 = DIRECTION('',(-0.,0.,-1.));
#1742 = ORIENTED_EDGE('',*,*,#1743,.T.);
#1743 = EDGE_CURVE('',#1736,#737,#1744,.T.);
#1744 = CIRCLE('',#1745,0.127);
#1745 = AXIS2_PLACEMENT_3D('',#1746,#1747,#1748);
#1746 = CARTESIAN_POINT('',(0.254,0.2285,1.776));
#1747 = DIRECTION('',(-4.440892098501E-16,1.,0.));
#1748 = DIRECTION('',(0.,0.,-1.));
#1749 = ORIENTED_EDGE('',*,*,#736,.T.);
#1750 = ORIENTED_EDGE('',*,*,#684,.T.);
#1751 = PLANE('',#1752);
#1752 = AXIS2_PLACEMENT_3D('',#1753,#1754,#1755);
#1753 = CARTESIAN_POINT('',(0.254,0.2285,2.157));
#1754 = DIRECTION('',(4.440892098501E-16,-1.,2.331176954594E-15));
#1755 = DIRECTION('',(1.035250531786E-30,-2.331176954594E-15,-1.));
#1756 = ADVANCED_FACE('',(#1757),#1809,.F.);
#1757 = FACE_BOUND('',#1758,.F.);
#1758 = EDGE_LOOP('',(#1759,#1769,#1778,#1784,#1785,#1786,#1795,#1803));
#1759 = ORIENTED_EDGE('',*,*,#1760,.F.);
#1760 = EDGE_CURVE('',#1761,#1763,#1765,.T.);
#1761 = VERTEX_POINT('',#1762);
#1762 = CARTESIAN_POINT('',(-0.127,-7.8485,1.776));
#1763 = VERTEX_POINT('',#1764);
#1764 = CARTESIAN_POINT('',(-0.127,-7.8485,-2.843));
#1765 = LINE('',#1766,#1767);
#1766 = CARTESIAN_POINT('',(-0.127,-7.8485,2.157));
#1767 = VECTOR('',#1768,1.);
#1768 = DIRECTION('',(-0.,0.,-1.));
#1769 = ORIENTED_EDGE('',*,*,#1770,.T.);
#1770 = EDGE_CURVE('',#1761,#1771,#1773,.T.);
#1771 = VERTEX_POINT('',#1772);
#1772 = CARTESIAN_POINT('',(0.254,-7.8485,2.157));
#1773 = CIRCLE('',#1774,0.381);
#1774 = AXIS2_PLACEMENT_3D('',#1775,#1776,#1777);
#1775 = CARTESIAN_POINT('',(0.254,-7.8485,1.776));
#1776 = DIRECTION('',(-4.440892098501E-16,1.,0.));
#1777 = DIRECTION('',(0.,0.,1.));
#1778 = ORIENTED_EDGE('',*,*,#1779,.F.);
#1779 = EDGE_CURVE('',#707,#1771,#1780,.T.);
#1780 = LINE('',#1781,#1782);
#1781 = CARTESIAN_POINT('',(3.81,-7.8485,2.157));
#1782 = VECTOR('',#1783,1.);
#1783 = DIRECTION('',(-1.,-4.440892098501E-16,0.));
#1784 = ORIENTED_EDGE('',*,*,#706,.T.);
#1785 = ORIENTED_EDGE('',*,*,#783,.T.);
#1786 = ORIENTED_EDGE('',*,*,#1787,.F.);
#1787 = EDGE_CURVE('',#1788,#776,#1790,.T.);
#1788 = VERTEX_POINT('',#1789);
#1789 = CARTESIAN_POINT('',(0.127,-7.8485,1.776));
#1790 = CIRCLE('',#1791,0.127);
#1791 = AXIS2_PLACEMENT_3D('',#1792,#1793,#1794);
#1792 = CARTESIAN_POINT('',(0.254,-7.8485,1.776));
#1793 = DIRECTION('',(-4.440892098501E-16,1.,0.));
#1794 = DIRECTION('',(0.,0.,1.));
#1795 = ORIENTED_EDGE('',*,*,#1796,.T.);
#1796 = EDGE_CURVE('',#1788,#1797,#1799,.T.);
#1797 = VERTEX_POINT('',#1798);
#1798 = CARTESIAN_POINT('',(0.127,-7.8485,-2.843));
#1799 = LINE('',#1800,#1801);
#1800 = CARTESIAN_POINT('',(0.127,-7.8485,2.157));
#1801 = VECTOR('',#1802,1.);
#1802 = DIRECTION('',(-0.,0.,-1.));
#1803 = ORIENTED_EDGE('',*,*,#1804,.F.);
#1804 = EDGE_CURVE('',#1763,#1797,#1805,.T.);
#1805 = LINE('',#1806,#1807);
#1806 = CARTESIAN_POINT('',(-0.127,-7.8485,-2.843));
#1807 = VECTOR('',#1808,1.);
#1808 = DIRECTION('',(1.,4.440892098501E-16,0.));
#1809 = PLANE('',#1810);
#1810 = AXIS2_PLACEMENT_3D('',#1811,#1812,#1813);
#1811 = CARTESIAN_POINT('',(-0.127,-7.8485,1.776));
#1812 = DIRECTION('',(-4.440892098501E-16,1.,0.));
#1813 = DIRECTION('',(0.,0.,1.));
#1814 = ADVANCED_FACE('',(#1815),#1839,.T.);
#1815 = FACE_BOUND('',#1816,.T.);
#1816 = EDGE_LOOP('',(#1817,#1825,#1826,#1833));
#1817 = ORIENTED_EDGE('',*,*,#1818,.T.);
#1818 = EDGE_CURVE('',#1819,#707,#1821,.T.);
#1819 = VERTEX_POINT('',#1820);
#1820 = CARTESIAN_POINT('',(0.71,-7.8485,2.157));
#1821 = LINE('',#1822,#1823);
#1822 = CARTESIAN_POINT('',(3.81,-7.8485,2.157));
#1823 = VECTOR('',#1824,1.);
#1824 = DIRECTION('',(-1.,-4.440892098501E-16,0.));
#1825 = ORIENTED_EDGE('',*,*,#722,.T.);
#1826 = ORIENTED_EDGE('',*,*,#1827,.T.);
#1827 = EDGE_CURVE('',#716,#1828,#1830,.T.);
#1828 = VERTEX_POINT('',#1829);
#1829 = CARTESIAN_POINT('',(0.71,-8.37,2.157));
#1830 = B_SPLINE_CURVE_WITH_KNOTS('',1,(#1831,#1832),.UNSPECIFIED.,.F.,
  .F.,(2,2),(0.,1.),.PIECEWISE_BEZIER_KNOTS.);
#1831 = CARTESIAN_POINT('',(0.635,-8.445,2.157));
#1832 = CARTESIAN_POINT('',(0.71,-8.37,2.157));
#1833 = ORIENTED_EDGE('',*,*,#1834,.F.);
#1834 = EDGE_CURVE('',#1819,#1828,#1835,.T.);
#1835 = LINE('',#1836,#1837);
#1836 = CARTESIAN_POINT('',(0.71,0.75,2.157));
#1837 = VECTOR('',#1838,1.);
#1838 = DIRECTION('',(4.440892098501E-16,-1.,0.));
#1839 = B_SPLINE_SURFACE_WITH_KNOTS('',1,1,(
    (#1840,#1841)
    ,(#1842,#1843
    )),.UNSPECIFIED.,.F.,.F.,.F.,(2,2),(2,2),(0.,9.27),(0.,1.),
  .PIECEWISE_BEZIER_KNOTS.);
#1840 = CARTESIAN_POINT('',(0.635,0.825,2.157));
#1841 = CARTESIAN_POINT('',(0.71,0.75,2.157));
#1842 = CARTESIAN_POINT('',(0.635,-8.445,2.157));
#1843 = CARTESIAN_POINT('',(0.71,-8.37,2.157));
#1844 = ADVANCED_FACE('',(#1845),#1897,.T.);
#1845 = FACE_BOUND('',#1846,.T.);
#1846 = EDGE_LOOP('',(#1847,#1858,#1866,#1874,#1882,#1889,#1890,#1891));
#1847 = ORIENTED_EDGE('',*,*,#1848,.T.);
#1848 = EDGE_CURVE('',#1849,#1851,#1853,.T.);
#1849 = VERTEX_POINT('',#1850);
#1850 = CARTESIAN_POINT('',(0.254,-0.762,2.157));
#1851 = VERTEX_POINT('',#1852);
#1852 = CARTESIAN_POINT('',(-0.127,-0.762,1.776));
#1853 = CIRCLE('',#1854,0.381);
#1854 = AXIS2_PLACEMENT_3D('',#1855,#1856,#1857);
#1855 = CARTESIAN_POINT('',(0.254,-0.762,1.776));
#1856 = DIRECTION('',(4.440892098501E-16,-1.,0.));
#1857 = DIRECTION('',(0.,0.,1.));
#1858 = ORIENTED_EDGE('',*,*,#1859,.F.);
#1859 = EDGE_CURVE('',#1860,#1851,#1862,.T.);
#1860 = VERTEX_POINT('',#1861);
#1861 = CARTESIAN_POINT('',(-0.127,-0.762,0.));
#1862 = LINE('',#1863,#1864);
#1863 = CARTESIAN_POINT('',(-0.127,-0.762,0.));
#1864 = VECTOR('',#1865,1.);
#1865 = DIRECTION('',(0.,0.,1.));
#1866 = ORIENTED_EDGE('',*,*,#1867,.T.);
#1867 = EDGE_CURVE('',#1860,#1868,#1870,.T.);
#1868 = VERTEX_POINT('',#1869);
#1869 = CARTESIAN_POINT('',(0.127,-0.762,0.));
#1870 = LINE('',#1871,#1872);
#1871 = CARTESIAN_POINT('',(-0.127,-0.762,0.));
#1872 = VECTOR('',#1873,1.);
#1873 = DIRECTION('',(1.,4.440892098501E-16,0.));
#1874 = ORIENTED_EDGE('',*,*,#1875,.T.);
#1875 = EDGE_CURVE('',#1868,#1876,#1878,.T.);
#1876 = VERTEX_POINT('',#1877);
#1877 = CARTESIAN_POINT('',(0.127,-0.762,1.776));
#1878 = LINE('',#1879,#1880);
#1879 = CARTESIAN_POINT('',(0.127,-0.762,0.));
#1880 = VECTOR('',#1881,1.);
#1881 = DIRECTION('',(0.,0.,1.));
#1882 = ORIENTED_EDGE('',*,*,#1883,.T.);
#1883 = EDGE_CURVE('',#1876,#745,#1884,.T.);
#1884 = CIRCLE('',#1885,0.127);
#1885 = AXIS2_PLACEMENT_3D('',#1886,#1887,#1888);
#1886 = CARTESIAN_POINT('',(0.254,-0.762,1.776));
#1887 = DIRECTION('',(-4.440892098501E-16,1.,0.));
#1888 = DIRECTION('',(0.,0.,-1.));
#1889 = ORIENTED_EDGE('',*,*,#752,.F.);
#1890 = ORIENTED_EDGE('',*,*,#798,.T.);
#1891 = ORIENTED_EDGE('',*,*,#1892,.T.);
#1892 = EDGE_CURVE('',#799,#1849,#1893,.T.);
#1893 = LINE('',#1894,#1895);
#1894 = CARTESIAN_POINT('',(3.81,-0.762,2.157));
#1895 = VECTOR('',#1896,1.);
#1896 = DIRECTION('',(-1.,-4.440892098501E-16,0.));
#1897 = PLANE('',#1898);
#1898 = AXIS2_PLACEMENT_3D('',#1899,#1900,#1901);
#1899 = CARTESIAN_POINT('',(-0.127,-0.762,0.));
#1900 = DIRECTION('',(4.440892098501E-16,-1.,0.));
#1901 = DIRECTION('',(0.,-0.,-1.));
#1902 = ADVANCED_FACE('',(#1903),#1914,.F.);
#1903 = FACE_BOUND('',#1904,.F.);
#1904 = EDGE_LOOP('',(#1905,#1911,#1912,#1913));
#1905 = ORIENTED_EDGE('',*,*,#1906,.T.);
#1906 = EDGE_CURVE('',#1736,#1876,#1907,.T.);
#1907 = LINE('',#1908,#1909);
#1908 = CARTESIAN_POINT('',(0.127,0.2285,1.776));
#1909 = VECTOR('',#1910,1.);
#1910 = DIRECTION('',(4.440892098501E-16,-1.,0.));
#1911 = ORIENTED_EDGE('',*,*,#1883,.T.);
#1912 = ORIENTED_EDGE('',*,*,#744,.F.);
#1913 = ORIENTED_EDGE('',*,*,#1743,.F.);
#1914 = CYLINDRICAL_SURFACE('',#1915,0.127);
#1915 = AXIS2_PLACEMENT_3D('',#1916,#1917,#1918);
#1916 = CARTESIAN_POINT('',(0.254,0.2285,1.776));
#1917 = DIRECTION('',(4.440892098501E-16,-1.,0.));
#1918 = DIRECTION('',(-1.,-4.440892098501E-16,0.));
#1919 = ADVANCED_FACE('',(#1920),#1972,.F.);
#1920 = FACE_BOUND('',#1921,.F.);
#1921 = EDGE_LOOP('',(#1922,#1930,#1939,#1947,#1955,#1963,#1970,#1971));
#1922 = ORIENTED_EDGE('',*,*,#1923,.F.);
#1923 = EDGE_CURVE('',#1924,#839,#1926,.T.);
#1924 = VERTEX_POINT('',#1925);
#1925 = CARTESIAN_POINT('',(0.254,-6.858,2.157));
#1926 = LINE('',#1927,#1928);
#1927 = CARTESIAN_POINT('',(-0.127,-6.858,2.157));
#1928 = VECTOR('',#1929,1.);
#1929 = DIRECTION('',(1.,4.440892098501E-16,0.));
#1930 = ORIENTED_EDGE('',*,*,#1931,.F.);
#1931 = EDGE_CURVE('',#1932,#1924,#1934,.T.);
#1932 = VERTEX_POINT('',#1933);
#1933 = CARTESIAN_POINT('',(-0.127,-6.858,1.776));
#1934 = CIRCLE('',#1935,0.381);
#1935 = AXIS2_PLACEMENT_3D('',#1936,#1937,#1938);
#1936 = CARTESIAN_POINT('',(0.254,-6.858,1.776));
#1937 = DIRECTION('',(-4.440892098501E-16,1.,0.));
#1938 = DIRECTION('',(0.,0.,1.));
#1939 = ORIENTED_EDGE('',*,*,#1940,.F.);
#1940 = EDGE_CURVE('',#1941,#1932,#1943,.T.);
#1941 = VERTEX_POINT('',#1942);
#1942 = CARTESIAN_POINT('',(-0.127,-6.858,0.));
#1943 = LINE('',#1944,#1945);
#1944 = CARTESIAN_POINT('',(-0.127,-6.858,0.));
#1945 = VECTOR('',#1946,1.);
#1946 = DIRECTION('',(0.,0.,1.));
#1947 = ORIENTED_EDGE('',*,*,#1948,.T.);
#1948 = EDGE_CURVE('',#1941,#1949,#1951,.T.);
#1949 = VERTEX_POINT('',#1950);
#1950 = CARTESIAN_POINT('',(0.127,-6.858,0.));
#1951 = LINE('',#1952,#1953);
#1952 = CARTESIAN_POINT('',(-0.127,-6.858,0.));
#1953 = VECTOR('',#1954,1.);
#1954 = DIRECTION('',(1.,4.440892098501E-16,0.));
#1955 = ORIENTED_EDGE('',*,*,#1956,.T.);
#1956 = EDGE_CURVE('',#1949,#1957,#1959,.T.);
#1957 = VERTEX_POINT('',#1958);
#1958 = CARTESIAN_POINT('',(0.127,-6.858,1.776));
#1959 = LINE('',#1960,#1961);
#1960 = CARTESIAN_POINT('',(0.127,-6.858,0.));
#1961 = VECTOR('',#1962,1.);
#1962 = DIRECTION('',(0.,0.,1.));
#1963 = ORIENTED_EDGE('',*,*,#1964,.T.);
#1964 = EDGE_CURVE('',#1957,#768,#1965,.T.);
#1965 = CIRCLE('',#1966,0.127);
#1966 = AXIS2_PLACEMENT_3D('',#1967,#1968,#1969);
#1967 = CARTESIAN_POINT('',(0.254,-6.858,1.776));
#1968 = DIRECTION('',(-4.440892098501E-16,1.,0.));
#1969 = DIRECTION('',(0.,0.,1.));
#1970 = ORIENTED_EDGE('',*,*,#767,.T.);
#1971 = ORIENTED_EDGE('',*,*,#838,.T.);
#1972 = PLANE('',#1973);
#1973 = AXIS2_PLACEMENT_3D('',#1974,#1975,#1976);
#1974 = CARTESIAN_POINT('',(0.254,-6.858,2.157));
#1975 = DIRECTION('',(4.440892098501E-16,-1.,0.));
#1976 = DIRECTION('',(0.,-0.,-1.));
#1977 = ADVANCED_FACE('',(#1978),#1989,.F.);
#1978 = FACE_BOUND('',#1979,.F.);
#1979 = EDGE_LOOP('',(#1980,#1981,#1982,#1983));
#1980 = ORIENTED_EDGE('',*,*,#1787,.T.);
#1981 = ORIENTED_EDGE('',*,*,#775,.T.);
#1982 = ORIENTED_EDGE('',*,*,#1964,.F.);
#1983 = ORIENTED_EDGE('',*,*,#1984,.F.);
#1984 = EDGE_CURVE('',#1788,#1957,#1985,.T.);
#1985 = LINE('',#1986,#1987);
#1986 = CARTESIAN_POINT('',(0.127,-7.8485,1.776));
#1987 = VECTOR('',#1988,1.);
#1988 = DIRECTION('',(-4.440892098501E-16,1.,0.));
#1989 = CYLINDRICAL_SURFACE('',#1990,0.127);
#1990 = AXIS2_PLACEMENT_3D('',#1991,#1992,#1993);
#1991 = CARTESIAN_POINT('',(0.254,-7.8485,1.776));
#1992 = DIRECTION('',(-4.440892098501E-16,1.,0.));
#1993 = DIRECTION('',(-1.,-4.440892098501E-16,0.));
#1994 = ADVANCED_FACE('',(#1995),#2020,.T.);
#1995 = FACE_BOUND('',#1996,.T.);
#1996 = EDGE_LOOP('',(#1997,#2005,#2006,#2014));
#1997 = ORIENTED_EDGE('',*,*,#1998,.T.);
#1998 = EDGE_CURVE('',#1999,#799,#2001,.T.);
#1999 = VERTEX_POINT('',#2000);
#2000 = CARTESIAN_POINT('',(0.71,-0.762,2.157));
#2001 = LINE('',#2002,#2003);
#2002 = CARTESIAN_POINT('',(3.81,-0.762,2.157));
#2003 = VECTOR('',#2004,1.);
#2004 = DIRECTION('',(-1.,-4.440892098501E-16,0.));
#2005 = ORIENTED_EDGE('',*,*,#815,.T.);
#2006 = ORIENTED_EDGE('',*,*,#2007,.T.);
#2007 = EDGE_CURVE('',#808,#2008,#2010,.T.);
#2008 = VERTEX_POINT('',#2009);
#2009 = CARTESIAN_POINT('',(0.71,-1.778,2.157));
#2010 = LINE('',#2011,#2012);
#2011 = CARTESIAN_POINT('',(-2.442490654175E-15,-1.778,2.157));
#2012 = VECTOR('',#2013,1.);
#2013 = DIRECTION('',(1.,4.440892098501E-16,0.));
#2014 = ORIENTED_EDGE('',*,*,#2015,.F.);
#2015 = EDGE_CURVE('',#1999,#2008,#2016,.T.);
#2016 = LINE('',#2017,#2018);
#2017 = CARTESIAN_POINT('',(0.71,0.75,2.157));
#2018 = VECTOR('',#2019,1.);
#2019 = DIRECTION('',(4.440892098501E-16,-1.,0.));
#2020 = B_SPLINE_SURFACE_WITH_KNOTS('',1,1,(
    (#2021,#2022)
    ,(#2023,#2024
    )),.UNSPECIFIED.,.F.,.F.,.F.,(2,2),(2,2),(0.,9.27),(0.,1.),
  .PIECEWISE_BEZIER_KNOTS.);
#2021 = CARTESIAN_POINT('',(0.635,0.825,2.157));
#2022 = CARTESIAN_POINT('',(0.71,0.75,2.157));
#2023 = CARTESIAN_POINT('',(0.635,-8.445,2.157));
#2024 = CARTESIAN_POINT('',(0.71,-8.37,2.157));
#2025 = ADVANCED_FACE('',(#2026),#2078,.T.);
#2026 = FACE_BOUND('',#2027,.T.);
#2027 = EDGE_LOOP('',(#2028,#2039,#2045,#2046,#2047,#2056,#2064,#2072));
#2028 = ORIENTED_EDGE('',*,*,#2029,.F.);
#2029 = EDGE_CURVE('',#2030,#2032,#2034,.T.);
#2030 = VERTEX_POINT('',#2031);
#2031 = CARTESIAN_POINT('',(0.254,-1.778,2.157));
#2032 = VERTEX_POINT('',#2033);
#2033 = CARTESIAN_POINT('',(-0.127,-1.778,1.776));
#2034 = CIRCLE('',#2035,0.381);
#2035 = AXIS2_PLACEMENT_3D('',#2036,#2037,#2038);
#2036 = CARTESIAN_POINT('',(0.254,-1.778,1.776));
#2037 = DIRECTION('',(4.440892098501E-16,-1.,0.));
#2038 = DIRECTION('',(0.,0.,1.));
#2039 = ORIENTED_EDGE('',*,*,#2040,.T.);
#2040 = EDGE_CURVE('',#2030,#808,#2041,.T.);
#2041 = LINE('',#2042,#2043);
#2042 = CARTESIAN_POINT('',(-2.442490654175E-15,-1.778,2.157));
#2043 = VECTOR('',#2044,1.);
#2044 = DIRECTION('',(1.,4.440892098501E-16,0.));
#2045 = ORIENTED_EDGE('',*,*,#807,.T.);
#2046 = ORIENTED_EDGE('',*,*,#860,.F.);
#2047 = ORIENTED_EDGE('',*,*,#2048,.F.);
#2048 = EDGE_CURVE('',#2049,#861,#2051,.T.);
#2049 = VERTEX_POINT('',#2050);
#2050 = CARTESIAN_POINT('',(0.127,-1.778,1.776));
#2051 = CIRCLE('',#2052,0.127);
#2052 = AXIS2_PLACEMENT_3D('',#2053,#2054,#2055);
#2053 = CARTESIAN_POINT('',(0.254,-1.778,1.776));
#2054 = DIRECTION('',(-4.440892098501E-16,1.,0.));
#2055 = DIRECTION('',(0.,0.,-1.));
#2056 = ORIENTED_EDGE('',*,*,#2057,.T.);
#2057 = EDGE_CURVE('',#2049,#2058,#2060,.T.);
#2058 = VERTEX_POINT('',#2059);
#2059 = CARTESIAN_POINT('',(0.127,-1.778,0.));
#2060 = LINE('',#2061,#2062);
#2061 = CARTESIAN_POINT('',(0.127,-1.778,2.157));
#2062 = VECTOR('',#2063,1.);
#2063 = DIRECTION('',(-0.,0.,-1.));
#2064 = ORIENTED_EDGE('',*,*,#2065,.F.);
#2065 = EDGE_CURVE('',#2066,#2058,#2068,.T.);
#2066 = VERTEX_POINT('',#2067);
#2067 = CARTESIAN_POINT('',(-0.127,-1.778,0.));
#2068 = LINE('',#2069,#2070);
#2069 = CARTESIAN_POINT('',(-0.127,-1.778,0.));
#2070 = VECTOR('',#2071,1.);
#2071 = DIRECTION('',(1.,4.440892098501E-16,0.));
#2072 = ORIENTED_EDGE('',*,*,#2073,.F.);
#2073 = EDGE_CURVE('',#2032,#2066,#2074,.T.);
#2074 = LINE('',#2075,#2076);
#2075 = CARTESIAN_POINT('',(-0.127,-1.778,2.157));
#2076 = VECTOR('',#2077,1.);
#2077 = DIRECTION('',(-0.,0.,-1.));
#2078 = PLANE('',#2079);
#2079 = AXIS2_PLACEMENT_3D('',#2080,#2081,#2082);
#2080 = CARTESIAN_POINT('',(0.254,-1.778,2.157));
#2081 = DIRECTION('',(-4.440892098501E-16,1.,0.));
#2082 = DIRECTION('',(0.,0.,1.));
#2083 = ADVANCED_FACE('',(#2084),#2136,.F.);
#2084 = FACE_BOUND('',#2085,.F.);
#2085 = EDGE_LOOP('',(#2086,#2097,#2103,#2104,#2105,#2114,#2122,#2130));
#2086 = ORIENTED_EDGE('',*,*,#2087,.F.);
#2087 = EDGE_CURVE('',#2088,#2090,#2092,.T.);
#2088 = VERTEX_POINT('',#2089);
#2089 = CARTESIAN_POINT('',(0.254,-5.842,2.157));
#2090 = VERTEX_POINT('',#2091);
#2091 = CARTESIAN_POINT('',(-0.127,-5.842,1.776));
#2092 = CIRCLE('',#2093,0.381);
#2093 = AXIS2_PLACEMENT_3D('',#2094,#2095,#2096);
#2094 = CARTESIAN_POINT('',(0.254,-5.842,1.776));
#2095 = DIRECTION('',(4.440892098501E-16,-1.,0.));
#2096 = DIRECTION('',(0.,0.,1.));
#2097 = ORIENTED_EDGE('',*,*,#2098,.F.);
#2098 = EDGE_CURVE('',#830,#2088,#2099,.T.);
#2099 = LINE('',#2100,#2101);
#2100 = CARTESIAN_POINT('',(3.937,-5.842,2.157));
#2101 = VECTOR('',#2102,1.);
#2102 = DIRECTION('',(-1.,-4.440892098501E-16,0.));
#2103 = ORIENTED_EDGE('',*,*,#829,.T.);
#2104 = ORIENTED_EDGE('',*,*,#907,.T.);
#2105 = ORIENTED_EDGE('',*,*,#2106,.F.);
#2106 = EDGE_CURVE('',#2107,#900,#2109,.T.);
#2107 = VERTEX_POINT('',#2108);
#2108 = CARTESIAN_POINT('',(0.127,-5.842,1.776));
#2109 = CIRCLE('',#2110,0.127);
#2110 = AXIS2_PLACEMENT_3D('',#2111,#2112,#2113);
#2111 = CARTESIAN_POINT('',(0.254,-5.842,1.776));
#2112 = DIRECTION('',(-4.440892098501E-16,1.,0.));
#2113 = DIRECTION('',(0.,0.,-1.));
#2114 = ORIENTED_EDGE('',*,*,#2115,.F.);
#2115 = EDGE_CURVE('',#2116,#2107,#2118,.T.);
#2116 = VERTEX_POINT('',#2117);
#2117 = CARTESIAN_POINT('',(0.127,-5.842,0.));
#2118 = LINE('',#2119,#2120);
#2119 = CARTESIAN_POINT('',(0.127,-5.842,0.));
#2120 = VECTOR('',#2121,1.);
#2121 = DIRECTION('',(0.,0.,1.));
#2122 = ORIENTED_EDGE('',*,*,#2123,.F.);
#2123 = EDGE_CURVE('',#2124,#2116,#2126,.T.);
#2124 = VERTEX_POINT('',#2125);
#2125 = CARTESIAN_POINT('',(-0.127,-5.842,0.));
#2126 = LINE('',#2127,#2128);
#2127 = CARTESIAN_POINT('',(-0.127,-5.842,0.));
#2128 = VECTOR('',#2129,1.);
#2129 = DIRECTION('',(1.,4.440892098501E-16,0.));
#2130 = ORIENTED_EDGE('',*,*,#2131,.T.);
#2131 = EDGE_CURVE('',#2124,#2090,#2132,.T.);
#2132 = LINE('',#2133,#2134);
#2133 = CARTESIAN_POINT('',(-0.127,-5.842,0.));
#2134 = VECTOR('',#2135,1.);
#2135 = DIRECTION('',(0.,0.,1.));
#2136 = PLANE('',#2137);
#2137 = AXIS2_PLACEMENT_3D('',#2138,#2139,#2140);
#2138 = CARTESIAN_POINT('',(0.254,-5.842,2.157));
#2139 = DIRECTION('',(-4.440892098501E-16,1.,0.));
#2140 = DIRECTION('',(0.,0.,1.));
#2141 = ADVANCED_FACE('',(#2142),#2167,.T.);
#2142 = FACE_BOUND('',#2143,.T.);
#2143 = EDGE_LOOP('',(#2144,#2152,#2153,#2161));
#2144 = ORIENTED_EDGE('',*,*,#2145,.T.);
#2145 = EDGE_CURVE('',#2146,#830,#2148,.T.);
#2146 = VERTEX_POINT('',#2147);
#2147 = CARTESIAN_POINT('',(0.71,-5.842,2.157));
#2148 = LINE('',#2149,#2150);
#2149 = CARTESIAN_POINT('',(3.937,-5.842,2.157));
#2150 = VECTOR('',#2151,1.);
#2151 = DIRECTION('',(-1.,-4.440892098501E-16,0.));
#2152 = ORIENTED_EDGE('',*,*,#846,.T.);
#2153 = ORIENTED_EDGE('',*,*,#2154,.T.);
#2154 = EDGE_CURVE('',#839,#2155,#2157,.T.);
#2155 = VERTEX_POINT('',#2156);
#2156 = CARTESIAN_POINT('',(0.71,-6.858,2.157));
#2157 = LINE('',#2158,#2159);
#2158 = CARTESIAN_POINT('',(-0.127,-6.858,2.157));
#2159 = VECTOR('',#2160,1.);
#2160 = DIRECTION('',(1.,4.440892098501E-16,0.));
#2161 = ORIENTED_EDGE('',*,*,#2162,.F.);
#2162 = EDGE_CURVE('',#2146,#2155,#2163,.T.);
#2163 = LINE('',#2164,#2165);
#2164 = CARTESIAN_POINT('',(0.71,0.75,2.157));
#2165 = VECTOR('',#2166,1.);
#2166 = DIRECTION('',(4.440892098501E-16,-1.,0.));
#2167 = B_SPLINE_SURFACE_WITH_KNOTS('',1,1,(
    (#2168,#2169)
    ,(#2170,#2171
    )),.UNSPECIFIED.,.F.,.F.,.F.,(2,2),(2,2),(0.,9.27),(0.,1.),
  .PIECEWISE_BEZIER_KNOTS.);
#2168 = CARTESIAN_POINT('',(0.635,0.825,2.157));
#2169 = CARTESIAN_POINT('',(0.71,0.75,2.157));
#2170 = CARTESIAN_POINT('',(0.635,-8.445,2.157));
#2171 = CARTESIAN_POINT('',(0.71,-8.37,2.157));
#2172 = ADVANCED_FACE('',(#2173),#2225,.F.);
#2173 = FACE_BOUND('',#2174,.F.);
#2174 = EDGE_LOOP('',(#2175,#2186,#2192,#2193,#2194,#2203,#2211,#2219));
#2175 = ORIENTED_EDGE('',*,*,#2176,.F.);
#2176 = EDGE_CURVE('',#2177,#2179,#2181,.T.);
#2177 = VERTEX_POINT('',#2178);
#2178 = CARTESIAN_POINT('',(0.254,-3.302,2.157));
#2179 = VERTEX_POINT('',#2180);
#2180 = CARTESIAN_POINT('',(-0.127,-3.302,1.776));
#2181 = CIRCLE('',#2182,0.381);
#2182 = AXIS2_PLACEMENT_3D('',#2183,#2184,#2185);
#2183 = CARTESIAN_POINT('',(0.254,-3.302,1.776));
#2184 = DIRECTION('',(4.440892098501E-16,-1.,0.));
#2185 = DIRECTION('',(0.,0.,1.));
#2186 = ORIENTED_EDGE('',*,*,#2187,.F.);
#2187 = EDGE_CURVE('',#923,#2177,#2188,.T.);
#2188 = LINE('',#2189,#2190);
#2189 = CARTESIAN_POINT('',(3.937,-3.302,2.157));
#2190 = VECTOR('',#2191,1.);
#2191 = DIRECTION('',(-1.,-4.440892098501E-16,0.));
#2192 = ORIENTED_EDGE('',*,*,#922,.T.);
#2193 = ORIENTED_EDGE('',*,*,#876,.T.);
#2194 = ORIENTED_EDGE('',*,*,#2195,.F.);
#2195 = EDGE_CURVE('',#2196,#869,#2198,.T.);
#2196 = VERTEX_POINT('',#2197);
#2197 = CARTESIAN_POINT('',(0.127,-3.302,1.776));
#2198 = CIRCLE('',#2199,0.127);
#2199 = AXIS2_PLACEMENT_3D('',#2200,#2201,#2202);
#2200 = CARTESIAN_POINT('',(0.254,-3.302,1.776));
#2201 = DIRECTION('',(-4.440892098501E-16,1.,0.));
#2202 = DIRECTION('',(0.,0.,-1.));
#2203 = ORIENTED_EDGE('',*,*,#2204,.F.);
#2204 = EDGE_CURVE('',#2205,#2196,#2207,.T.);
#2205 = VERTEX_POINT('',#2206);
#2206 = CARTESIAN_POINT('',(0.127,-3.302,0.));
#2207 = LINE('',#2208,#2209);
#2208 = CARTESIAN_POINT('',(0.127,-3.302,0.));
#2209 = VECTOR('',#2210,1.);
#2210 = DIRECTION('',(0.,0.,1.));
#2211 = ORIENTED_EDGE('',*,*,#2212,.F.);
#2212 = EDGE_CURVE('',#2213,#2205,#2215,.T.);
#2213 = VERTEX_POINT('',#2214);
#2214 = CARTESIAN_POINT('',(-0.127,-3.302,0.));
#2215 = LINE('',#2216,#2217);
#2216 = CARTESIAN_POINT('',(-0.127,-3.302,0.));
#2217 = VECTOR('',#2218,1.);
#2218 = DIRECTION('',(1.,4.440892098501E-16,0.));
#2219 = ORIENTED_EDGE('',*,*,#2220,.T.);
#2220 = EDGE_CURVE('',#2213,#2179,#2221,.T.);
#2221 = LINE('',#2222,#2223);
#2222 = CARTESIAN_POINT('',(-0.127,-3.302,0.));
#2223 = VECTOR('',#2224,1.);
#2224 = DIRECTION('',(0.,0.,1.));
#2225 = PLANE('',#2226);
#2226 = AXIS2_PLACEMENT_3D('',#2227,#2228,#2229);
#2227 = CARTESIAN_POINT('',(0.254,-3.302,2.157));
#2228 = DIRECTION('',(-4.440892098501E-16,1.,0.));
#2229 = DIRECTION('',(0.,0.,1.));
#2230 = ADVANCED_FACE('',(#2231),#2242,.F.);
#2231 = FACE_BOUND('',#2232,.F.);
#2232 = EDGE_LOOP('',(#2233,#2239,#2240,#2241));
#2233 = ORIENTED_EDGE('',*,*,#2234,.T.);
#2234 = EDGE_CURVE('',#2049,#2196,#2235,.T.);
#2235 = LINE('',#2236,#2237);
#2236 = CARTESIAN_POINT('',(0.127,-1.778,1.776));
#2237 = VECTOR('',#2238,1.);
#2238 = DIRECTION('',(4.440892098501E-16,-1.,0.));
#2239 = ORIENTED_EDGE('',*,*,#2195,.T.);
#2240 = ORIENTED_EDGE('',*,*,#868,.F.);
#2241 = ORIENTED_EDGE('',*,*,#2048,.F.);
#2242 = CYLINDRICAL_SURFACE('',#2243,0.127);
#2243 = AXIS2_PLACEMENT_3D('',#2244,#2245,#2246);
#2244 = CARTESIAN_POINT('',(0.254,-1.778,1.776));
#2245 = DIRECTION('',(4.440892098501E-16,-1.,0.));
#2246 = DIRECTION('',(-1.,-4.440892098501E-16,0.));
#2247 = ADVANCED_FACE('',(#2248),#2300,.T.);
#2248 = FACE_BOUND('',#2249,.T.);
#2249 = EDGE_LOOP('',(#2250,#2261,#2267,#2268,#2269,#2278,#2286,#2294));
#2250 = ORIENTED_EDGE('',*,*,#2251,.F.);
#2251 = EDGE_CURVE('',#2252,#2254,#2256,.T.);
#2252 = VERTEX_POINT('',#2253);
#2253 = CARTESIAN_POINT('',(0.254,-4.318,2.157));
#2254 = VERTEX_POINT('',#2255);
#2255 = CARTESIAN_POINT('',(-0.127,-4.318,1.776));
#2256 = CIRCLE('',#2257,0.381);
#2257 = AXIS2_PLACEMENT_3D('',#2258,#2259,#2260);
#2258 = CARTESIAN_POINT('',(0.254,-4.318,1.776));
#2259 = DIRECTION('',(4.440892098501E-16,-1.,0.));
#2260 = DIRECTION('',(0.,0.,1.));
#2261 = ORIENTED_EDGE('',*,*,#2262,.T.);
#2262 = EDGE_CURVE('',#2252,#932,#2263,.T.);
#2263 = LINE('',#2264,#2265);
#2264 = CARTESIAN_POINT('',(-1.110223024625E-15,-4.318,2.157));
#2265 = VECTOR('',#2266,1.);
#2266 = DIRECTION('',(1.,4.440892098501E-16,0.));
#2267 = ORIENTED_EDGE('',*,*,#931,.T.);
#2268 = ORIENTED_EDGE('',*,*,#891,.F.);
#2269 = ORIENTED_EDGE('',*,*,#2270,.F.);
#2270 = EDGE_CURVE('',#2271,#892,#2273,.T.);
#2271 = VERTEX_POINT('',#2272);
#2272 = CARTESIAN_POINT('',(0.127,-4.318,1.776));
#2273 = CIRCLE('',#2274,0.127);
#2274 = AXIS2_PLACEMENT_3D('',#2275,#2276,#2277);
#2275 = CARTESIAN_POINT('',(0.254,-4.318,1.776));
#2276 = DIRECTION('',(-4.440892098501E-16,1.,0.));
#2277 = DIRECTION('',(0.,0.,-1.));
#2278 = ORIENTED_EDGE('',*,*,#2279,.T.);
#2279 = EDGE_CURVE('',#2271,#2280,#2282,.T.);
#2280 = VERTEX_POINT('',#2281);
#2281 = CARTESIAN_POINT('',(0.127,-4.318,0.));
#2282 = LINE('',#2283,#2284);
#2283 = CARTESIAN_POINT('',(0.127,-4.318,2.157));
#2284 = VECTOR('',#2285,1.);
#2285 = DIRECTION('',(-0.,0.,-1.));
#2286 = ORIENTED_EDGE('',*,*,#2287,.F.);
#2287 = EDGE_CURVE('',#2288,#2280,#2290,.T.);
#2288 = VERTEX_POINT('',#2289);
#2289 = CARTESIAN_POINT('',(-0.127,-4.318,0.));
#2290 = LINE('',#2291,#2292);
#2291 = CARTESIAN_POINT('',(-0.127,-4.318,0.));
#2292 = VECTOR('',#2293,1.);
#2293 = DIRECTION('',(1.,4.440892098501E-16,0.));
#2294 = ORIENTED_EDGE('',*,*,#2295,.F.);
#2295 = EDGE_CURVE('',#2254,#2288,#2296,.T.);
#2296 = LINE('',#2297,#2298);
#2297 = CARTESIAN_POINT('',(-0.127,-4.318,2.157));
#2298 = VECTOR('',#2299,1.);
#2299 = DIRECTION('',(-0.,0.,-1.));
#2300 = PLANE('',#2301);
#2301 = AXIS2_PLACEMENT_3D('',#2302,#2303,#2304);
#2302 = CARTESIAN_POINT('',(0.254,-4.318,2.157));
#2303 = DIRECTION('',(-4.440892098501E-16,1.,0.));
#2304 = DIRECTION('',(0.,0.,1.));
#2305 = ADVANCED_FACE('',(#2306),#2317,.F.);
#2306 = FACE_BOUND('',#2307,.F.);
#2307 = EDGE_LOOP('',(#2308,#2314,#2315,#2316));
#2308 = ORIENTED_EDGE('',*,*,#2309,.T.);
#2309 = EDGE_CURVE('',#2271,#2107,#2310,.T.);
#2310 = LINE('',#2311,#2312);
#2311 = CARTESIAN_POINT('',(0.127,-4.318,1.776));
#2312 = VECTOR('',#2313,1.);
#2313 = DIRECTION('',(4.440892098501E-16,-1.,0.));
#2314 = ORIENTED_EDGE('',*,*,#2106,.T.);
#2315 = ORIENTED_EDGE('',*,*,#899,.F.);
#2316 = ORIENTED_EDGE('',*,*,#2270,.F.);
#2317 = CYLINDRICAL_SURFACE('',#2318,0.127);
#2318 = AXIS2_PLACEMENT_3D('',#2319,#2320,#2321);
#2319 = CARTESIAN_POINT('',(0.254,-4.318,1.776));
#2320 = DIRECTION('',(4.440892098501E-16,-1.,0.));
#2321 = DIRECTION('',(-1.,-4.440892098501E-16,0.));
#2322 = ADVANCED_FACE('',(#2323),#2348,.T.);
#2323 = FACE_BOUND('',#2324,.T.);
#2324 = EDGE_LOOP('',(#2325,#2333,#2334,#2342));
#2325 = ORIENTED_EDGE('',*,*,#2326,.T.);
#2326 = EDGE_CURVE('',#2327,#923,#2329,.T.);
#2327 = VERTEX_POINT('',#2328);
#2328 = CARTESIAN_POINT('',(0.71,-3.302,2.157));
#2329 = LINE('',#2330,#2331);
#2330 = CARTESIAN_POINT('',(3.937,-3.302,2.157));
#2331 = VECTOR('',#2332,1.);
#2332 = DIRECTION('',(-1.,-4.440892098501E-16,0.));
#2333 = ORIENTED_EDGE('',*,*,#939,.T.);
#2334 = ORIENTED_EDGE('',*,*,#2335,.T.);
#2335 = EDGE_CURVE('',#932,#2336,#2338,.T.);
#2336 = VERTEX_POINT('',#2337);
#2337 = CARTESIAN_POINT('',(0.71,-4.318,2.157));
#2338 = LINE('',#2339,#2340);
#2339 = CARTESIAN_POINT('',(-1.110223024625E-15,-4.318,2.157));
#2340 = VECTOR('',#2341,1.);
#2341 = DIRECTION('',(1.,4.440892098501E-16,0.));
#2342 = ORIENTED_EDGE('',*,*,#2343,.F.);
#2343 = EDGE_CURVE('',#2327,#2336,#2344,.T.);
#2344 = LINE('',#2345,#2346);
#2345 = CARTESIAN_POINT('',(0.71,0.75,2.157));
#2346 = VECTOR('',#2347,1.);
#2347 = DIRECTION('',(4.440892098501E-16,-1.,0.));
#2348 = B_SPLINE_SURFACE_WITH_KNOTS('',1,1,(
    (#2349,#2350)
    ,(#2351,#2352
    )),.UNSPECIFIED.,.F.,.F.,.F.,(2,2),(2,2),(0.,9.27),(0.,1.),
  .PIECEWISE_BEZIER_KNOTS.);
#2349 = CARTESIAN_POINT('',(0.635,0.825,2.157));
#2350 = CARTESIAN_POINT('',(0.71,0.75,2.157));
#2351 = CARTESIAN_POINT('',(0.635,-8.445,2.157));
#2352 = CARTESIAN_POINT('',(0.71,-8.37,2.157));
#2353 = ADVANCED_FACE('',(#2354),#2365,.T.);
#2354 = FACE_BOUND('',#2355,.T.);
#2355 = EDGE_LOOP('',(#2356,#2357,#2358,#2364));
#2356 = ORIENTED_EDGE('',*,*,#955,.T.);
#2357 = ORIENTED_EDGE('',*,*,#970,.T.);
#2358 = ORIENTED_EDGE('',*,*,#2359,.F.);
#2359 = EDGE_CURVE('',#1828,#971,#2360,.T.);
#2360 = LINE('',#2361,#2362);
#2361 = CARTESIAN_POINT('',(0.71,-8.37,2.157));
#2362 = VECTOR('',#2363,1.);
#2363 = DIRECTION('',(1.,4.440892098501E-16,0.));
#2364 = ORIENTED_EDGE('',*,*,#1827,.F.);
#2365 = B_SPLINE_SURFACE_WITH_KNOTS('',1,1,(
    (#2366,#2367)
    ,(#2368,#2369
    )),.UNSPECIFIED.,.F.,.F.,.F.,(2,2),(2,2),(0.,6.35),(0.,1.),
  .PIECEWISE_BEZIER_KNOTS.);
#2366 = CARTESIAN_POINT('',(0.635,-8.445,2.157));
#2367 = CARTESIAN_POINT('',(0.71,-8.37,2.157));
#2368 = CARTESIAN_POINT('',(6.985,-8.445,2.157));
#2369 = CARTESIAN_POINT('',(6.91,-8.37,2.157));
#2370 = ADVANCED_FACE('',(#2371),#2422,.T.);
#2371 = FACE_BOUND('',#2372,.T.);
#2372 = EDGE_LOOP('',(#2373,#2374,#2380,#2381,#2387,#2388,#2394,#2395,
    #2401,#2402,#2409,#2417));
#2373 = ORIENTED_EDGE('',*,*,#986,.T.);
#2374 = ORIENTED_EDGE('',*,*,#2375,.T.);
#2375 = EDGE_CURVE('',#979,#1297,#2376,.T.);
#2376 = LINE('',#2377,#2378);
#2377 = CARTESIAN_POINT('',(6.91,-8.37,2.157));
#2378 = VECTOR('',#2379,1.);
#2379 = DIRECTION('',(-4.440892098501E-16,1.,0.));
#2380 = ORIENTED_EDGE('',*,*,#1313,.T.);
#2381 = ORIENTED_EDGE('',*,*,#2382,.T.);
#2382 = EDGE_CURVE('',#1306,#1625,#2383,.T.);
#2383 = LINE('',#2384,#2385);
#2384 = CARTESIAN_POINT('',(6.91,-8.37,2.157));
#2385 = VECTOR('',#2386,1.);
#2386 = DIRECTION('',(-4.440892098501E-16,1.,0.));
#2387 = ORIENTED_EDGE('',*,*,#1641,.T.);
#2388 = ORIENTED_EDGE('',*,*,#2389,.T.);
#2389 = EDGE_CURVE('',#1634,#1444,#2390,.T.);
#2390 = LINE('',#2391,#2392);
#2391 = CARTESIAN_POINT('',(6.91,-8.37,2.157));
#2392 = VECTOR('',#2393,1.);
#2393 = DIRECTION('',(-4.440892098501E-16,1.,0.));
#2394 = ORIENTED_EDGE('',*,*,#1460,.T.);
#2395 = ORIENTED_EDGE('',*,*,#2396,.T.);
#2396 = EDGE_CURVE('',#1453,#1117,#2397,.T.);
#2397 = LINE('',#2398,#2399);
#2398 = CARTESIAN_POINT('',(6.91,-8.37,2.157));
#2399 = VECTOR('',#2400,1.);
#2400 = DIRECTION('',(-4.440892098501E-16,1.,0.));
#2401 = ORIENTED_EDGE('',*,*,#1132,.T.);
#2402 = ORIENTED_EDGE('',*,*,#2403,.T.);
#2403 = EDGE_CURVE('',#1126,#2404,#2406,.T.);
#2404 = VERTEX_POINT('',#2405);
#2405 = CARTESIAN_POINT('',(6.586276356577,0.426276356577,3.68));
#2406 = B_SPLINE_CURVE_WITH_KNOTS('',1,(#2407,#2408),.UNSPECIFIED.,.F.,
  .F.,(2,2),(0.,1.),.PIECEWISE_BEZIER_KNOTS.);
#2407 = CARTESIAN_POINT('',(6.91,0.75,2.157));
#2408 = CARTESIAN_POINT('',(6.586276356577,0.426276356577,3.68));
#2409 = ORIENTED_EDGE('',*,*,#2410,.F.);
#2410 = EDGE_CURVE('',#2411,#2404,#2413,.T.);
#2411 = VERTEX_POINT('',#2412);
#2412 = CARTESIAN_POINT('',(6.586276356577,-8.046276356577,3.68));
#2413 = LINE('',#2414,#2415);
#2414 = CARTESIAN_POINT('',(6.586276356577,-8.046276356577,3.68));
#2415 = VECTOR('',#2416,1.);
#2416 = DIRECTION('',(-4.440892098501E-16,1.,0.));
#2417 = ORIENTED_EDGE('',*,*,#2418,.F.);
#2418 = EDGE_CURVE('',#971,#2411,#2419,.T.);
#2419 = B_SPLINE_CURVE_WITH_KNOTS('',1,(#2420,#2421),.UNSPECIFIED.,.F.,
  .F.,(2,2),(0.,1.),.PIECEWISE_BEZIER_KNOTS.);
#2420 = CARTESIAN_POINT('',(6.91,-8.37,2.157));
#2421 = CARTESIAN_POINT('',(6.586276356577,-8.046276356577,3.68));
#2422 = B_SPLINE_SURFACE_WITH_KNOTS('',1,1,(
    (#2423,#2424)
    ,(#2425,#2426
    )),.UNSPECIFIED.,.F.,.F.,.F.,(2,2),(2,2),(0.,9.12),(0.,1.),
  .PIECEWISE_BEZIER_KNOTS.);
#2423 = CARTESIAN_POINT('',(6.91,-8.37,2.157));
#2424 = CARTESIAN_POINT('',(6.586276356577,-8.046276356577,3.68));
#2425 = CARTESIAN_POINT('',(6.91,0.75,2.157));
#2426 = CARTESIAN_POINT('',(6.586276356577,0.426276356577,3.68));
#2427 = ADVANCED_FACE('',(#2428),#2441,.T.);
#2428 = FACE_BOUND('',#2429,.T.);
#2429 = EDGE_LOOP('',(#2430,#2431,#2432,#2433,#2439,#2440));
#2430 = ORIENTED_EDGE('',*,*,#2375,.F.);
#2431 = ORIENTED_EDGE('',*,*,#978,.F.);
#2432 = ORIENTED_EDGE('',*,*,#1002,.F.);
#2433 = ORIENTED_EDGE('',*,*,#2434,.F.);
#2434 = EDGE_CURVE('',#1182,#1003,#2435,.T.);
#2435 = LINE('',#2436,#2437);
#2436 = CARTESIAN_POINT('',(7.366,-6.858,2.157));
#2437 = VECTOR('',#2438,1.);
#2438 = DIRECTION('',(3.216245299353E-16,-1.,0.));
#2439 = ORIENTED_EDGE('',*,*,#1190,.F.);
#2440 = ORIENTED_EDGE('',*,*,#1296,.F.);
#2441 = PLANE('',#2442);
#2442 = AXIS2_PLACEMENT_3D('',#2443,#2444,#2445);
#2443 = CARTESIAN_POINT('',(3.81,-7.8485,2.157));
#2444 = DIRECTION('',(0.,0.,1.));
#2445 = DIRECTION('',(-4.440892098501E-16,1.,0.));
#2446 = ADVANCED_FACE('',(#2447),#2490,.T.);
#2447 = FACE_BOUND('',#2448,.T.);
#2448 = EDGE_LOOP('',(#2449,#2450,#2451,#2452,#2460,#2468,#2476,#2484));
#2449 = ORIENTED_EDGE('',*,*,#1035,.F.);
#2450 = ORIENTED_EDGE('',*,*,#1204,.T.);
#2451 = ORIENTED_EDGE('',*,*,#1157,.F.);
#2452 = ORIENTED_EDGE('',*,*,#2453,.F.);
#2453 = EDGE_CURVE('',#2454,#1158,#2456,.T.);
#2454 = VERTEX_POINT('',#2455);
#2455 = CARTESIAN_POINT('',(7.493,-7.3915,0.));
#2456 = LINE('',#2457,#2458);
#2457 = CARTESIAN_POINT('',(7.493,-7.3915,0.));
#2458 = VECTOR('',#2459,1.);
#2459 = DIRECTION('',(-3.216245299353E-16,1.,0.));
#2460 = ORIENTED_EDGE('',*,*,#2461,.F.);
#2461 = EDGE_CURVE('',#2462,#2454,#2464,.T.);
#2462 = VERTEX_POINT('',#2463);
#2463 = CARTESIAN_POINT('',(7.493,-7.3915,-2.843));
#2464 = LINE('',#2465,#2466);
#2465 = CARTESIAN_POINT('',(7.493,-7.3915,-2.843));
#2466 = VECTOR('',#2467,1.);
#2467 = DIRECTION('',(0.,0.,1.));
#2468 = ORIENTED_EDGE('',*,*,#2469,.F.);
#2469 = EDGE_CURVE('',#2470,#2462,#2472,.T.);
#2470 = VERTEX_POINT('',#2471);
#2471 = CARTESIAN_POINT('',(7.493,-7.50575,-3.3));
#2472 = LINE('',#2473,#2474);
#2473 = CARTESIAN_POINT('',(7.493,-7.50575,-3.3));
#2474 = VECTOR('',#2475,1.);
#2475 = DIRECTION('',(-7.800540639491E-17,0.242535625036,0.970142500145)
  );
#2476 = ORIENTED_EDGE('',*,*,#2477,.F.);
#2477 = EDGE_CURVE('',#2478,#2470,#2480,.T.);
#2478 = VERTEX_POINT('',#2479);
#2479 = CARTESIAN_POINT('',(7.493,-7.73425,-3.3));
#2480 = LINE('',#2481,#2482);
#2481 = CARTESIAN_POINT('',(7.493,-7.73425,-3.3));
#2482 = VECTOR('',#2483,1.);
#2483 = DIRECTION('',(-3.216245299353E-16,1.,0.));
#2484 = ORIENTED_EDGE('',*,*,#2485,.F.);
#2485 = EDGE_CURVE('',#1028,#2478,#2486,.T.);
#2486 = LINE('',#2487,#2488);
#2487 = CARTESIAN_POINT('',(7.493,-7.8485,-2.843));
#2488 = VECTOR('',#2489,1.);
#2489 = DIRECTION('',(-7.800540639491E-17,0.242535625036,-0.970142500145
    ));
#2490 = PLANE('',#2491);
#2491 = AXIS2_PLACEMENT_3D('',#2492,#2493,#2494);
#2492 = CARTESIAN_POINT('',(7.493,-7.8485,2.157));
#2493 = DIRECTION('',(-1.,-3.216245299353E-16,0.));
#2494 = DIRECTION('',(-0.,0.,-1.));
#2495 = ADVANCED_FACE('',(#2496),#2514,.T.);
#2496 = FACE_BOUND('',#2497,.T.);
#2497 = EDGE_LOOP('',(#2498,#2499,#2500,#2508));
#2498 = ORIENTED_EDGE('',*,*,#1027,.T.);
#2499 = ORIENTED_EDGE('',*,*,#2485,.T.);
#2500 = ORIENTED_EDGE('',*,*,#2501,.F.);
#2501 = EDGE_CURVE('',#2502,#2478,#2504,.T.);
#2502 = VERTEX_POINT('',#2503);
#2503 = CARTESIAN_POINT('',(7.747,-7.73425,-3.3));
#2504 = LINE('',#2505,#2506);
#2505 = CARTESIAN_POINT('',(7.747,-7.73425,-3.3));
#2506 = VECTOR('',#2507,1.);
#2507 = DIRECTION('',(-1.,-3.216245299353E-16,0.));
#2508 = ORIENTED_EDGE('',*,*,#2509,.F.);
#2509 = EDGE_CURVE('',#1020,#2502,#2510,.T.);
#2510 = LINE('',#2511,#2512);
#2511 = CARTESIAN_POINT('',(7.747,-7.8485,-2.843));
#2512 = VECTOR('',#2513,1.);
#2513 = DIRECTION('',(-7.800540639491E-17,0.242535625036,-0.970142500145
    ));
#2514 = PLANE('',#2515);
#2515 = AXIS2_PLACEMENT_3D('',#2516,#2517,#2518);
#2516 = CARTESIAN_POINT('',(7.747,-7.8485,-2.843));
#2517 = DIRECTION('',(3.120216255796E-16,-0.970142500145,-0.242535625036
    ));
#2518 = DIRECTION('',(-7.800540639491E-17,0.242535625036,-0.970142500145
    ));
#2519 = ADVANCED_FACE('',(#2520),#2561,.F.);
#2520 = FACE_BOUND('',#2521,.F.);
#2521 = EDGE_LOOP('',(#2522,#2523,#2529,#2530,#2538,#2546,#2554,#2560));
#2522 = ORIENTED_EDGE('',*,*,#1019,.F.);
#2523 = ORIENTED_EDGE('',*,*,#2524,.F.);
#2524 = EDGE_CURVE('',#1174,#1011,#2525,.T.);
#2525 = LINE('',#2526,#2527);
#2526 = CARTESIAN_POINT('',(7.747,-6.858,1.776));
#2527 = VECTOR('',#2528,1.);
#2528 = DIRECTION('',(3.216245299353E-16,-1.,0.));
#2529 = ORIENTED_EDGE('',*,*,#1173,.F.);
#2530 = ORIENTED_EDGE('',*,*,#2531,.F.);
#2531 = EDGE_CURVE('',#2532,#1166,#2534,.T.);
#2532 = VERTEX_POINT('',#2533);
#2533 = CARTESIAN_POINT('',(7.747,-7.3915,0.));
#2534 = LINE('',#2535,#2536);
#2535 = CARTESIAN_POINT('',(7.747,-7.3915,0.));
#2536 = VECTOR('',#2537,1.);
#2537 = DIRECTION('',(-3.216245299353E-16,1.,0.));
#2538 = ORIENTED_EDGE('',*,*,#2539,.F.);
#2539 = EDGE_CURVE('',#2540,#2532,#2542,.T.);
#2540 = VERTEX_POINT('',#2541);
#2541 = CARTESIAN_POINT('',(7.747,-7.3915,-2.843));
#2542 = LINE('',#2543,#2544);
#2543 = CARTESIAN_POINT('',(7.747,-7.3915,-2.843));
#2544 = VECTOR('',#2545,1.);
#2545 = DIRECTION('',(0.,0.,1.));
#2546 = ORIENTED_EDGE('',*,*,#2547,.F.);
#2547 = EDGE_CURVE('',#2548,#2540,#2550,.T.);
#2548 = VERTEX_POINT('',#2549);
#2549 = CARTESIAN_POINT('',(7.747,-7.50575,-3.3));
#2550 = LINE('',#2551,#2552);
#2551 = CARTESIAN_POINT('',(7.747,-7.50575,-3.3));
#2552 = VECTOR('',#2553,1.);
#2553 = DIRECTION('',(-7.800540639491E-17,0.242535625036,0.970142500145)
  );
#2554 = ORIENTED_EDGE('',*,*,#2555,.F.);
#2555 = EDGE_CURVE('',#2502,#2548,#2556,.T.);
#2556 = LINE('',#2557,#2558);
#2557 = CARTESIAN_POINT('',(7.747,-7.73425,-3.3));
#2558 = VECTOR('',#2559,1.);
#2559 = DIRECTION('',(-3.216245299353E-16,1.,0.));
#2560 = ORIENTED_EDGE('',*,*,#2509,.F.);
#2561 = PLANE('',#2562);
#2562 = AXIS2_PLACEMENT_3D('',#2563,#2564,#2565);
#2563 = CARTESIAN_POINT('',(7.747,-7.8485,2.157));
#2564 = DIRECTION('',(-1.,-3.216245299353E-16,0.));
#2565 = DIRECTION('',(-0.,0.,-1.));
#2566 = ADVANCED_FACE('',(#2567),#2573,.T.);
#2567 = FACE_BOUND('',#2568,.T.);
#2568 = EDGE_LOOP('',(#2569,#2570,#2571,#2572));
#2569 = ORIENTED_EDGE('',*,*,#2434,.T.);
#2570 = ORIENTED_EDGE('',*,*,#1010,.T.);
#2571 = ORIENTED_EDGE('',*,*,#2524,.F.);
#2572 = ORIENTED_EDGE('',*,*,#1181,.F.);
#2573 = CYLINDRICAL_SURFACE('',#2574,0.381);
#2574 = AXIS2_PLACEMENT_3D('',#2575,#2576,#2577);
#2575 = CARTESIAN_POINT('',(7.366,-6.858,1.776));
#2576 = DIRECTION('',(3.216245299353E-16,-1.,0.));
#2577 = DIRECTION('',(0.,0.,1.));
#2578 = ADVANCED_FACE('',(#2579),#2592,.T.);
#2579 = FACE_BOUND('',#2580,.T.);
#2580 = EDGE_LOOP('',(#2581,#2582,#2583,#2584,#2590,#2591));
#2581 = ORIENTED_EDGE('',*,*,#2396,.F.);
#2582 = ORIENTED_EDGE('',*,*,#1452,.F.);
#2583 = ORIENTED_EDGE('',*,*,#1282,.F.);
#2584 = ORIENTED_EDGE('',*,*,#2585,.F.);
#2585 = EDGE_CURVE('',#1094,#1274,#2586,.T.);
#2586 = LINE('',#2587,#2588);
#2587 = CARTESIAN_POINT('',(7.366,0.2285,2.157));
#2588 = VECTOR('',#2589,1.);
#2589 = DIRECTION('',(3.216245299353E-16,-1.,0.));
#2590 = ORIENTED_EDGE('',*,*,#1102,.F.);
#2591 = ORIENTED_EDGE('',*,*,#1116,.F.);
#2592 = PLANE('',#2593);
#2593 = AXIS2_PLACEMENT_3D('',#2594,#2595,#2596);
#2594 = CARTESIAN_POINT('',(3.81,-0.762,2.157));
#2595 = DIRECTION('',(0.,0.,1.));
#2596 = DIRECTION('',(-4.440892098501E-16,1.,0.));
#2597 = ADVANCED_FACE('',(#2598),#2609,.T.);
#2598 = FACE_BOUND('',#2599,.T.);
#2599 = EDGE_LOOP('',(#2600,#2601,#2602,#2603));
#2600 = ORIENTED_EDGE('',*,*,#1093,.T.);
#2601 = ORIENTED_EDGE('',*,*,#2585,.T.);
#2602 = ORIENTED_EDGE('',*,*,#1273,.F.);
#2603 = ORIENTED_EDGE('',*,*,#2604,.F.);
#2604 = EDGE_CURVE('',#1086,#1266,#2605,.T.);
#2605 = LINE('',#2606,#2607);
#2606 = CARTESIAN_POINT('',(7.747,0.2285,1.776));
#2607 = VECTOR('',#2608,1.);
#2608 = DIRECTION('',(3.216245299353E-16,-1.,0.));
#2609 = CYLINDRICAL_SURFACE('',#2610,0.381);
#2610 = AXIS2_PLACEMENT_3D('',#2611,#2612,#2613);
#2611 = CARTESIAN_POINT('',(7.366,0.2285,1.776));
#2612 = DIRECTION('',(3.216245299353E-16,-1.,0.));
#2613 = DIRECTION('',(1.,3.216245299353E-16,0.));
#2614 = ADVANCED_FACE('',(#2615),#2658,.T.);
#2615 = FACE_BOUND('',#2616,.T.);
#2616 = EDGE_LOOP('',(#2617,#2618,#2619,#2620,#2628,#2636,#2644,#2652));
#2617 = ORIENTED_EDGE('',*,*,#1085,.F.);
#2618 = ORIENTED_EDGE('',*,*,#2604,.T.);
#2619 = ORIENTED_EDGE('',*,*,#1265,.F.);
#2620 = ORIENTED_EDGE('',*,*,#2621,.F.);
#2621 = EDGE_CURVE('',#2622,#1258,#2624,.T.);
#2622 = VERTEX_POINT('',#2623);
#2623 = CARTESIAN_POINT('',(7.747,-0.2285,0.));
#2624 = LINE('',#2625,#2626);
#2625 = CARTESIAN_POINT('',(7.747,-0.2285,0.));
#2626 = VECTOR('',#2627,1.);
#2627 = DIRECTION('',(3.216245299353E-16,-1.,0.));
#2628 = ORIENTED_EDGE('',*,*,#2629,.F.);
#2629 = EDGE_CURVE('',#2630,#2622,#2632,.T.);
#2630 = VERTEX_POINT('',#2631);
#2631 = CARTESIAN_POINT('',(7.747,-0.2285,-2.843));
#2632 = LINE('',#2633,#2634);
#2633 = CARTESIAN_POINT('',(7.747,-0.2285,-2.843));
#2634 = VECTOR('',#2635,1.);
#2635 = DIRECTION('',(0.,0.,1.));
#2636 = ORIENTED_EDGE('',*,*,#2637,.F.);
#2637 = EDGE_CURVE('',#2638,#2630,#2640,.T.);
#2638 = VERTEX_POINT('',#2639);
#2639 = CARTESIAN_POINT('',(7.747,-0.11425,-3.3));
#2640 = LINE('',#2641,#2642);
#2641 = CARTESIAN_POINT('',(7.747,-0.11425,-3.3));
#2642 = VECTOR('',#2643,1.);
#2643 = DIRECTION('',(7.800540639491E-17,-0.242535625036,0.970142500145)
  );
#2644 = ORIENTED_EDGE('',*,*,#2645,.F.);
#2645 = EDGE_CURVE('',#2646,#2638,#2648,.T.);
#2646 = VERTEX_POINT('',#2647);
#2647 = CARTESIAN_POINT('',(7.747,0.11425,-3.3));
#2648 = LINE('',#2649,#2650);
#2649 = CARTESIAN_POINT('',(7.747,0.11425,-3.3));
#2650 = VECTOR('',#2651,1.);
#2651 = DIRECTION('',(3.216245299353E-16,-1.,0.));
#2652 = ORIENTED_EDGE('',*,*,#2653,.F.);
#2653 = EDGE_CURVE('',#1078,#2646,#2654,.T.);
#2654 = LINE('',#2655,#2656);
#2655 = CARTESIAN_POINT('',(7.747,0.2285,-2.843));
#2656 = VECTOR('',#2657,1.);
#2657 = DIRECTION('',(7.800540639491E-17,-0.242535625036,-0.970142500145
    ));
#2658 = PLANE('',#2659);
#2659 = AXIS2_PLACEMENT_3D('',#2660,#2661,#2662);
#2660 = CARTESIAN_POINT('',(7.747,0.2285,2.157));
#2661 = DIRECTION('',(1.,3.216245299353E-16,0.));
#2662 = DIRECTION('',(0.,-0.,1.));
#2663 = ADVANCED_FACE('',(#2664),#2682,.F.);
#2664 = FACE_BOUND('',#2665,.F.);
#2665 = EDGE_LOOP('',(#2666,#2667,#2675,#2681));
#2666 = ORIENTED_EDGE('',*,*,#1077,.T.);
#2667 = ORIENTED_EDGE('',*,*,#2668,.T.);
#2668 = EDGE_CURVE('',#1070,#2669,#2671,.T.);
#2669 = VERTEX_POINT('',#2670);
#2670 = CARTESIAN_POINT('',(7.493,0.11425,-3.3));
#2671 = LINE('',#2672,#2673);
#2672 = CARTESIAN_POINT('',(7.493,0.2285,-2.843));
#2673 = VECTOR('',#2674,1.);
#2674 = DIRECTION('',(7.800540639491E-17,-0.242535625036,-0.970142500145
    ));
#2675 = ORIENTED_EDGE('',*,*,#2676,.F.);
#2676 = EDGE_CURVE('',#2646,#2669,#2677,.T.);
#2677 = LINE('',#2678,#2679);
#2678 = CARTESIAN_POINT('',(7.747,0.11425,-3.3));
#2679 = VECTOR('',#2680,1.);
#2680 = DIRECTION('',(-1.,-3.216245299353E-16,0.));
#2681 = ORIENTED_EDGE('',*,*,#2653,.F.);
#2682 = PLANE('',#2683);
#2683 = AXIS2_PLACEMENT_3D('',#2684,#2685,#2686);
#2684 = CARTESIAN_POINT('',(7.747,0.2285,-2.843));
#2685 = DIRECTION('',(3.120216255796E-16,-0.970142500145,0.242535625036)
  );
#2686 = DIRECTION('',(7.800540639491E-17,-0.242535625036,-0.970142500145
    ));
#2687 = ADVANCED_FACE('',(#2688),#2724,.F.);
#2688 = FACE_BOUND('',#2689,.F.);
#2689 = EDGE_LOOP('',(#2690,#2691,#2692,#2693,#2701,#2709,#2717,#2723));
#2690 = ORIENTED_EDGE('',*,*,#1069,.F.);
#2691 = ORIENTED_EDGE('',*,*,#1232,.T.);
#2692 = ORIENTED_EDGE('',*,*,#1249,.F.);
#2693 = ORIENTED_EDGE('',*,*,#2694,.F.);
#2694 = EDGE_CURVE('',#2695,#1250,#2697,.T.);
#2695 = VERTEX_POINT('',#2696);
#2696 = CARTESIAN_POINT('',(7.493,-0.2285,0.));
#2697 = LINE('',#2698,#2699);
#2698 = CARTESIAN_POINT('',(7.493,-0.2285,0.));
#2699 = VECTOR('',#2700,1.);
#2700 = DIRECTION('',(3.216245299353E-16,-1.,0.));
#2701 = ORIENTED_EDGE('',*,*,#2702,.F.);
#2702 = EDGE_CURVE('',#2703,#2695,#2705,.T.);
#2703 = VERTEX_POINT('',#2704);
#2704 = CARTESIAN_POINT('',(7.493,-0.2285,-2.843));
#2705 = LINE('',#2706,#2707);
#2706 = CARTESIAN_POINT('',(7.493,-0.2285,-2.843));
#2707 = VECTOR('',#2708,1.);
#2708 = DIRECTION('',(0.,0.,1.));
#2709 = ORIENTED_EDGE('',*,*,#2710,.F.);
#2710 = EDGE_CURVE('',#2711,#2703,#2713,.T.);
#2711 = VERTEX_POINT('',#2712);
#2712 = CARTESIAN_POINT('',(7.493,-0.11425,-3.3));
#2713 = LINE('',#2714,#2715);
#2714 = CARTESIAN_POINT('',(7.493,-0.11425,-3.3));
#2715 = VECTOR('',#2716,1.);
#2716 = DIRECTION('',(7.800540639491E-17,-0.242535625036,0.970142500145)
  );
#2717 = ORIENTED_EDGE('',*,*,#2718,.F.);
#2718 = EDGE_CURVE('',#2669,#2711,#2719,.T.);
#2719 = LINE('',#2720,#2721);
#2720 = CARTESIAN_POINT('',(7.493,0.11425,-3.3));
#2721 = VECTOR('',#2722,1.);
#2722 = DIRECTION('',(3.216245299353E-16,-1.,0.));
#2723 = ORIENTED_EDGE('',*,*,#2668,.F.);
#2724 = PLANE('',#2725);
#2725 = AXIS2_PLACEMENT_3D('',#2726,#2727,#2728);
#2726 = CARTESIAN_POINT('',(7.493,0.2285,2.157));
#2727 = DIRECTION('',(1.,3.216245299353E-16,0.));
#2728 = DIRECTION('',(0.,-0.,1.));
#2729 = ADVANCED_FACE('',(#2730),#2741,.T.);
#2730 = FACE_BOUND('',#2731,.T.);
#2731 = EDGE_LOOP('',(#2732,#2738,#2739,#2740));
#2732 = ORIENTED_EDGE('',*,*,#2733,.T.);
#2733 = EDGE_CURVE('',#2532,#2454,#2734,.T.);
#2734 = LINE('',#2735,#2736);
#2735 = CARTESIAN_POINT('',(7.747,-7.3915,0.));
#2736 = VECTOR('',#2737,1.);
#2737 = DIRECTION('',(-1.,-3.216245299353E-16,0.));
#2738 = ORIENTED_EDGE('',*,*,#2453,.T.);
#2739 = ORIENTED_EDGE('',*,*,#1165,.F.);
#2740 = ORIENTED_EDGE('',*,*,#2531,.F.);
#2741 = PLANE('',#2742);
#2742 = AXIS2_PLACEMENT_3D('',#2743,#2744,#2745);
#2743 = CARTESIAN_POINT('',(7.747,-7.3915,0.));
#2744 = DIRECTION('',(-0.,0.,-1.));
#2745 = DIRECTION('',(-3.216245299353E-16,1.,0.));
#2746 = ADVANCED_FACE('',(#2747),#2758,.F.);
#2747 = FACE_BOUND('',#2748,.F.);
#2748 = EDGE_LOOP('',(#2749,#2755,#2756,#2757));
#2749 = ORIENTED_EDGE('',*,*,#2750,.T.);
#2750 = EDGE_CURVE('',#2622,#2695,#2751,.T.);
#2751 = LINE('',#2752,#2753);
#2752 = CARTESIAN_POINT('',(7.747,-0.2285,0.));
#2753 = VECTOR('',#2754,1.);
#2754 = DIRECTION('',(-1.,-3.216245299353E-16,0.));
#2755 = ORIENTED_EDGE('',*,*,#2694,.T.);
#2756 = ORIENTED_EDGE('',*,*,#1257,.F.);
#2757 = ORIENTED_EDGE('',*,*,#2621,.F.);
#2758 = PLANE('',#2759);
#2759 = AXIS2_PLACEMENT_3D('',#2760,#2761,#2762);
#2760 = CARTESIAN_POINT('',(7.747,-0.2285,0.));
#2761 = DIRECTION('',(0.,0.,1.));
#2762 = DIRECTION('',(3.216245299353E-16,-1.,0.));
#2763 = ADVANCED_FACE('',(#2764),#2777,.T.);
#2764 = FACE_BOUND('',#2765,.T.);
#2765 = EDGE_LOOP('',(#2766,#2767,#2768,#2769,#2775,#2776));
#2766 = ORIENTED_EDGE('',*,*,#2382,.F.);
#2767 = ORIENTED_EDGE('',*,*,#1305,.F.);
#2768 = ORIENTED_EDGE('',*,*,#1329,.F.);
#2769 = ORIENTED_EDGE('',*,*,#2770,.F.);
#2770 = EDGE_CURVE('',#1477,#1330,#2771,.T.);
#2771 = LINE('',#2772,#2773);
#2772 = CARTESIAN_POINT('',(7.366,-4.318,2.157));
#2773 = VECTOR('',#2774,1.);
#2774 = DIRECTION('',(3.216245299353E-16,-1.,0.));
#2775 = ORIENTED_EDGE('',*,*,#1476,.F.);
#2776 = ORIENTED_EDGE('',*,*,#1624,.F.);
#2777 = PLANE('',#2778);
#2778 = AXIS2_PLACEMENT_3D('',#2779,#2780,#2781);
#2779 = CARTESIAN_POINT('',(3.683,-5.842,2.157));
#2780 = DIRECTION('',(0.,0.,1.));
#2781 = DIRECTION('',(-4.440892098501E-16,1.,0.));
#2782 = ADVANCED_FACE('',(#2783),#2842,.T.);
#2783 = FACE_BOUND('',#2784,.T.);
#2784 = EDGE_LOOP('',(#2785,#2786,#2787,#2788,#2796,#2804,#2812,#2820,
    #2828,#2836));
#2785 = ORIENTED_EDGE('',*,*,#1362,.F.);
#2786 = ORIENTED_EDGE('',*,*,#1532,.T.);
#2787 = ORIENTED_EDGE('',*,*,#1509,.F.);
#2788 = ORIENTED_EDGE('',*,*,#2789,.F.);
#2789 = EDGE_CURVE('',#2790,#1502,#2792,.T.);
#2790 = VERTEX_POINT('',#2791);
#2791 = CARTESIAN_POINT('',(7.493,-4.8515,0.));
#2792 = LINE('',#2793,#2794);
#2793 = CARTESIAN_POINT('',(7.493,-4.8515,0.));
#2794 = VECTOR('',#2795,1.);
#2795 = DIRECTION('',(-3.216245299353E-16,1.,0.));
#2796 = ORIENTED_EDGE('',*,*,#2797,.F.);
#2797 = EDGE_CURVE('',#2798,#2790,#2800,.T.);
#2798 = VERTEX_POINT('',#2799);
#2799 = CARTESIAN_POINT('',(7.493,-4.8515,-2.843));
#2800 = LINE('',#2801,#2802);
#2801 = CARTESIAN_POINT('',(7.493,-4.8515,-2.843));
#2802 = VECTOR('',#2803,1.);
#2803 = DIRECTION('',(0.,0.,1.));
#2804 = ORIENTED_EDGE('',*,*,#2805,.F.);
#2805 = EDGE_CURVE('',#2806,#2798,#2808,.T.);
#2806 = VERTEX_POINT('',#2807);
#2807 = CARTESIAN_POINT('',(7.493,-4.96575,-3.3));
#2808 = LINE('',#2809,#2810);
#2809 = CARTESIAN_POINT('',(7.493,-4.96575,-3.3));
#2810 = VECTOR('',#2811,1.);
#2811 = DIRECTION('',(-7.800540639491E-17,0.242535625036,0.970142500145)
  );
#2812 = ORIENTED_EDGE('',*,*,#2813,.F.);
#2813 = EDGE_CURVE('',#2814,#2806,#2816,.T.);
#2814 = VERTEX_POINT('',#2815);
#2815 = CARTESIAN_POINT('',(7.493,-5.19425,-3.3));
#2816 = LINE('',#2817,#2818);
#2817 = CARTESIAN_POINT('',(7.493,-5.19425,-3.3));
#2818 = VECTOR('',#2819,1.);
#2819 = DIRECTION('',(-3.216245299353E-16,1.,0.));
#2820 = ORIENTED_EDGE('',*,*,#2821,.F.);
#2821 = EDGE_CURVE('',#2822,#2814,#2824,.T.);
#2822 = VERTEX_POINT('',#2823);
#2823 = CARTESIAN_POINT('',(7.493,-5.3085,-2.843));
#2824 = LINE('',#2825,#2826);
#2825 = CARTESIAN_POINT('',(7.493,-5.3085,-2.843));
#2826 = VECTOR('',#2827,1.);
#2827 = DIRECTION('',(-7.800540639491E-17,0.242535625036,-0.970142500145
    ));
#2828 = ORIENTED_EDGE('',*,*,#2829,.F.);
#2829 = EDGE_CURVE('',#2830,#2822,#2832,.T.);
#2830 = VERTEX_POINT('',#2831);
#2831 = CARTESIAN_POINT('',(7.493,-5.3085,0.));
#2832 = LINE('',#2833,#2834);
#2833 = CARTESIAN_POINT('',(7.493,-5.3085,0.));
#2834 = VECTOR('',#2835,1.);
#2835 = DIRECTION('',(0.,0.,-1.));
#2836 = ORIENTED_EDGE('',*,*,#2837,.F.);
#2837 = EDGE_CURVE('',#1355,#2830,#2838,.T.);
#2838 = LINE('',#2839,#2840);
#2839 = CARTESIAN_POINT('',(7.493,-5.842,0.));
#2840 = VECTOR('',#2841,1.);
#2841 = DIRECTION('',(-3.216245299353E-16,1.,0.));
#2842 = PLANE('',#2843);
#2843 = AXIS2_PLACEMENT_3D('',#2844,#2845,#2846);
#2844 = CARTESIAN_POINT('',(7.493,-5.842,2.157));
#2845 = DIRECTION('',(-1.,-3.216245299353E-16,0.));
#2846 = DIRECTION('',(-0.,0.,-1.));
#2847 = ADVANCED_FACE('',(#2848),#2866,.T.);
#2848 = FACE_BOUND('',#2849,.T.);
#2849 = EDGE_LOOP('',(#2850,#2851,#2852,#2860));
#2850 = ORIENTED_EDGE('',*,*,#1354,.T.);
#2851 = ORIENTED_EDGE('',*,*,#2837,.T.);
#2852 = ORIENTED_EDGE('',*,*,#2853,.F.);
#2853 = EDGE_CURVE('',#2854,#2830,#2856,.T.);
#2854 = VERTEX_POINT('',#2855);
#2855 = CARTESIAN_POINT('',(7.747,-5.3085,0.));
#2856 = LINE('',#2857,#2858);
#2857 = CARTESIAN_POINT('',(7.747,-5.3085,0.));
#2858 = VECTOR('',#2859,1.);
#2859 = DIRECTION('',(-1.,-3.216245299353E-16,0.));
#2860 = ORIENTED_EDGE('',*,*,#2861,.F.);
#2861 = EDGE_CURVE('',#1347,#2854,#2862,.T.);
#2862 = LINE('',#2863,#2864);
#2863 = CARTESIAN_POINT('',(7.747,-5.842,0.));
#2864 = VECTOR('',#2865,1.);
#2865 = DIRECTION('',(-3.216245299353E-16,1.,0.));
#2866 = PLANE('',#2867);
#2867 = AXIS2_PLACEMENT_3D('',#2868,#2869,#2870);
#2868 = CARTESIAN_POINT('',(7.747,-5.842,0.));
#2869 = DIRECTION('',(-0.,0.,-1.));
#2870 = DIRECTION('',(-3.216245299353E-16,1.,0.));
#2871 = ADVANCED_FACE('',(#2872),#2929,.F.);
#2872 = FACE_BOUND('',#2873,.F.);
#2873 = EDGE_LOOP('',(#2874,#2875,#2881,#2882,#2890,#2898,#2906,#2914,
    #2922,#2928));
#2874 = ORIENTED_EDGE('',*,*,#1346,.F.);
#2875 = ORIENTED_EDGE('',*,*,#2876,.F.);
#2876 = EDGE_CURVE('',#1485,#1338,#2877,.T.);
#2877 = LINE('',#2878,#2879);
#2878 = CARTESIAN_POINT('',(7.747,-4.318,1.776));
#2879 = VECTOR('',#2880,1.);
#2880 = DIRECTION('',(3.216245299353E-16,-1.,0.));
#2881 = ORIENTED_EDGE('',*,*,#1493,.F.);
#2882 = ORIENTED_EDGE('',*,*,#2883,.F.);
#2883 = EDGE_CURVE('',#2884,#1494,#2886,.T.);
#2884 = VERTEX_POINT('',#2885);
#2885 = CARTESIAN_POINT('',(7.747,-4.8515,0.));
#2886 = LINE('',#2887,#2888);
#2887 = CARTESIAN_POINT('',(7.747,-4.8515,0.));
#2888 = VECTOR('',#2889,1.);
#2889 = DIRECTION('',(-3.216245299353E-16,1.,0.));
#2890 = ORIENTED_EDGE('',*,*,#2891,.F.);
#2891 = EDGE_CURVE('',#2892,#2884,#2894,.T.);
#2892 = VERTEX_POINT('',#2893);
#2893 = CARTESIAN_POINT('',(7.747,-4.8515,-2.843));
#2894 = LINE('',#2895,#2896);
#2895 = CARTESIAN_POINT('',(7.747,-4.8515,-2.843));
#2896 = VECTOR('',#2897,1.);
#2897 = DIRECTION('',(0.,0.,1.));
#2898 = ORIENTED_EDGE('',*,*,#2899,.F.);
#2899 = EDGE_CURVE('',#2900,#2892,#2902,.T.);
#2900 = VERTEX_POINT('',#2901);
#2901 = CARTESIAN_POINT('',(7.747,-4.96575,-3.3));
#2902 = LINE('',#2903,#2904);
#2903 = CARTESIAN_POINT('',(7.747,-4.96575,-3.3));
#2904 = VECTOR('',#2905,1.);
#2905 = DIRECTION('',(-7.800540639491E-17,0.242535625036,0.970142500145)
  );
#2906 = ORIENTED_EDGE('',*,*,#2907,.F.);
#2907 = EDGE_CURVE('',#2908,#2900,#2910,.T.);
#2908 = VERTEX_POINT('',#2909);
#2909 = CARTESIAN_POINT('',(7.747,-5.19425,-3.3));
#2910 = LINE('',#2911,#2912);
#2911 = CARTESIAN_POINT('',(7.747,-5.19425,-3.3));
#2912 = VECTOR('',#2913,1.);
#2913 = DIRECTION('',(-3.216245299353E-16,1.,0.));
#2914 = ORIENTED_EDGE('',*,*,#2915,.F.);
#2915 = EDGE_CURVE('',#2916,#2908,#2918,.T.);
#2916 = VERTEX_POINT('',#2917);
#2917 = CARTESIAN_POINT('',(7.747,-5.3085,-2.843));
#2918 = LINE('',#2919,#2920);
#2919 = CARTESIAN_POINT('',(7.747,-5.3085,-2.843));
#2920 = VECTOR('',#2921,1.);
#2921 = DIRECTION('',(-7.800540639491E-17,0.242535625036,-0.970142500145
    ));
#2922 = ORIENTED_EDGE('',*,*,#2923,.F.);
#2923 = EDGE_CURVE('',#2854,#2916,#2924,.T.);
#2924 = LINE('',#2925,#2926);
#2925 = CARTESIAN_POINT('',(7.747,-5.3085,0.));
#2926 = VECTOR('',#2927,1.);
#2927 = DIRECTION('',(0.,0.,-1.));
#2928 = ORIENTED_EDGE('',*,*,#2861,.F.);
#2929 = PLANE('',#2930);
#2930 = AXIS2_PLACEMENT_3D('',#2931,#2932,#2933);
#2931 = CARTESIAN_POINT('',(7.747,-5.842,2.157));
#2932 = DIRECTION('',(-1.,-3.216245299353E-16,0.));
#2933 = DIRECTION('',(-0.,0.,-1.));
#2934 = ADVANCED_FACE('',(#2935),#2941,.T.);
#2935 = FACE_BOUND('',#2936,.T.);
#2936 = EDGE_LOOP('',(#2937,#2938,#2939,#2940));
#2937 = ORIENTED_EDGE('',*,*,#2770,.T.);
#2938 = ORIENTED_EDGE('',*,*,#1337,.T.);
#2939 = ORIENTED_EDGE('',*,*,#2876,.F.);
#2940 = ORIENTED_EDGE('',*,*,#1484,.F.);
#2941 = CYLINDRICAL_SURFACE('',#2942,0.381);
#2942 = AXIS2_PLACEMENT_3D('',#2943,#2944,#2945);
#2943 = CARTESIAN_POINT('',(7.366,-4.318,1.776));
#2944 = DIRECTION('',(3.216245299353E-16,-1.,0.));
#2945 = DIRECTION('',(0.,0.,1.));
#2946 = ADVANCED_FACE('',(#2947),#3006,.T.);
#2947 = FACE_BOUND('',#2948,.T.);
#2948 = EDGE_LOOP('',(#2949,#2950,#2951,#2952,#2960,#2968,#2976,#2984,
    #2992,#3000));
#2949 = ORIENTED_EDGE('',*,*,#1609,.F.);
#2950 = ORIENTED_EDGE('',*,*,#1549,.T.);
#2951 = ORIENTED_EDGE('',*,*,#1420,.F.);
#2952 = ORIENTED_EDGE('',*,*,#2953,.F.);
#2953 = EDGE_CURVE('',#2954,#1413,#2956,.T.);
#2954 = VERTEX_POINT('',#2955);
#2955 = CARTESIAN_POINT('',(7.493,-2.3115,0.));
#2956 = LINE('',#2957,#2958);
#2957 = CARTESIAN_POINT('',(7.493,-2.3115,0.));
#2958 = VECTOR('',#2959,1.);
#2959 = DIRECTION('',(-3.216245299353E-16,1.,0.));
#2960 = ORIENTED_EDGE('',*,*,#2961,.F.);
#2961 = EDGE_CURVE('',#2962,#2954,#2964,.T.);
#2962 = VERTEX_POINT('',#2963);
#2963 = CARTESIAN_POINT('',(7.493,-2.3115,-2.843));
#2964 = LINE('',#2965,#2966);
#2965 = CARTESIAN_POINT('',(7.493,-2.3115,-2.843));
#2966 = VECTOR('',#2967,1.);
#2967 = DIRECTION('',(0.,0.,1.));
#2968 = ORIENTED_EDGE('',*,*,#2969,.F.);
#2969 = EDGE_CURVE('',#2970,#2962,#2972,.T.);
#2970 = VERTEX_POINT('',#2971);
#2971 = CARTESIAN_POINT('',(7.493,-2.42575,-3.3));
#2972 = LINE('',#2973,#2974);
#2973 = CARTESIAN_POINT('',(7.493,-2.42575,-3.3));
#2974 = VECTOR('',#2975,1.);
#2975 = DIRECTION('',(-7.800540639491E-17,0.242535625036,0.970142500145)
  );
#2976 = ORIENTED_EDGE('',*,*,#2977,.F.);
#2977 = EDGE_CURVE('',#2978,#2970,#2980,.T.);
#2978 = VERTEX_POINT('',#2979);
#2979 = CARTESIAN_POINT('',(7.493,-2.65425,-3.3));
#2980 = LINE('',#2981,#2982);
#2981 = CARTESIAN_POINT('',(7.493,-2.65425,-3.3));
#2982 = VECTOR('',#2983,1.);
#2983 = DIRECTION('',(-3.216245299353E-16,1.,0.));
#2984 = ORIENTED_EDGE('',*,*,#2985,.F.);
#2985 = EDGE_CURVE('',#2986,#2978,#2988,.T.);
#2986 = VERTEX_POINT('',#2987);
#2987 = CARTESIAN_POINT('',(7.493,-2.7685,-2.843));
#2988 = LINE('',#2989,#2990);
#2989 = CARTESIAN_POINT('',(7.493,-2.7685,-2.843));
#2990 = VECTOR('',#2991,1.);
#2991 = DIRECTION('',(-7.800540639491E-17,0.242535625036,-0.970142500145
    ));
#2992 = ORIENTED_EDGE('',*,*,#2993,.F.);
#2993 = EDGE_CURVE('',#2994,#2986,#2996,.T.);
#2994 = VERTEX_POINT('',#2995);
#2995 = CARTESIAN_POINT('',(7.493,-2.7685,0.));
#2996 = LINE('',#2997,#2998);
#2997 = CARTESIAN_POINT('',(7.493,-2.7685,0.));
#2998 = VECTOR('',#2999,1.);
#2999 = DIRECTION('',(0.,0.,-1.));
#3000 = ORIENTED_EDGE('',*,*,#3001,.F.);
#3001 = EDGE_CURVE('',#1602,#2994,#3002,.T.);
#3002 = LINE('',#3003,#3004);
#3003 = CARTESIAN_POINT('',(7.493,-3.302,0.));
#3004 = VECTOR('',#3005,1.);
#3005 = DIRECTION('',(-3.216245299353E-16,1.,0.));
#3006 = PLANE('',#3007);
#3007 = AXIS2_PLACEMENT_3D('',#3008,#3009,#3010);
#3008 = CARTESIAN_POINT('',(7.493,-3.302,2.157));
#3009 = DIRECTION('',(-1.,-3.216245299353E-16,0.));
#3010 = DIRECTION('',(-0.,0.,-1.));
#3011 = ADVANCED_FACE('',(#3012),#3030,.T.);
#3012 = FACE_BOUND('',#3013,.T.);
#3013 = EDGE_LOOP('',(#3014,#3022,#3023,#3024));
#3014 = ORIENTED_EDGE('',*,*,#3015,.T.);
#3015 = EDGE_CURVE('',#3016,#2954,#3018,.T.);
#3016 = VERTEX_POINT('',#3017);
#3017 = CARTESIAN_POINT('',(7.747,-2.3115,0.));
#3018 = LINE('',#3019,#3020);
#3019 = CARTESIAN_POINT('',(7.747,-2.3115,0.));
#3020 = VECTOR('',#3021,1.);
#3021 = DIRECTION('',(-1.,-3.216245299353E-16,0.));
#3022 = ORIENTED_EDGE('',*,*,#2953,.T.);
#3023 = ORIENTED_EDGE('',*,*,#1412,.F.);
#3024 = ORIENTED_EDGE('',*,*,#3025,.F.);
#3025 = EDGE_CURVE('',#3016,#1405,#3026,.T.);
#3026 = LINE('',#3027,#3028);
#3027 = CARTESIAN_POINT('',(7.747,-2.3115,0.));
#3028 = VECTOR('',#3029,1.);
#3029 = DIRECTION('',(-3.216245299353E-16,1.,0.));
#3030 = PLANE('',#3031);
#3031 = AXIS2_PLACEMENT_3D('',#3032,#3033,#3034);
#3032 = CARTESIAN_POINT('',(7.747,-2.3115,0.));
#3033 = DIRECTION('',(-0.,0.,-1.));
#3034 = DIRECTION('',(-3.216245299353E-16,1.,0.));
#3035 = ADVANCED_FACE('',(#3036),#3093,.F.);
#3036 = FACE_BOUND('',#3037,.F.);
#3037 = EDGE_LOOP('',(#3038,#3039,#3045,#3046,#3047,#3055,#3063,#3071,
    #3079,#3087));
#3038 = ORIENTED_EDGE('',*,*,#1593,.F.);
#3039 = ORIENTED_EDGE('',*,*,#3040,.F.);
#3040 = EDGE_CURVE('',#1396,#1585,#3041,.T.);
#3041 = LINE('',#3042,#3043);
#3042 = CARTESIAN_POINT('',(7.747,-1.778,1.776));
#3043 = VECTOR('',#3044,1.);
#3044 = DIRECTION('',(3.216245299353E-16,-1.,0.));
#3045 = ORIENTED_EDGE('',*,*,#1404,.F.);
#3046 = ORIENTED_EDGE('',*,*,#3025,.F.);
#3047 = ORIENTED_EDGE('',*,*,#3048,.F.);
#3048 = EDGE_CURVE('',#3049,#3016,#3051,.T.);
#3049 = VERTEX_POINT('',#3050);
#3050 = CARTESIAN_POINT('',(7.747,-2.3115,-2.843));
#3051 = LINE('',#3052,#3053);
#3052 = CARTESIAN_POINT('',(7.747,-2.3115,-2.843));
#3053 = VECTOR('',#3054,1.);
#3054 = DIRECTION('',(0.,0.,1.));
#3055 = ORIENTED_EDGE('',*,*,#3056,.F.);
#3056 = EDGE_CURVE('',#3057,#3049,#3059,.T.);
#3057 = VERTEX_POINT('',#3058);
#3058 = CARTESIAN_POINT('',(7.747,-2.42575,-3.3));
#3059 = LINE('',#3060,#3061);
#3060 = CARTESIAN_POINT('',(7.747,-2.42575,-3.3));
#3061 = VECTOR('',#3062,1.);
#3062 = DIRECTION('',(-7.800540639491E-17,0.242535625036,0.970142500145)
  );
#3063 = ORIENTED_EDGE('',*,*,#3064,.F.);
#3064 = EDGE_CURVE('',#3065,#3057,#3067,.T.);
#3065 = VERTEX_POINT('',#3066);
#3066 = CARTESIAN_POINT('',(7.747,-2.65425,-3.3));
#3067 = LINE('',#3068,#3069);
#3068 = CARTESIAN_POINT('',(7.747,-2.65425,-3.3));
#3069 = VECTOR('',#3070,1.);
#3070 = DIRECTION('',(-3.216245299353E-16,1.,0.));
#3071 = ORIENTED_EDGE('',*,*,#3072,.F.);
#3072 = EDGE_CURVE('',#3073,#3065,#3075,.T.);
#3073 = VERTEX_POINT('',#3074);
#3074 = CARTESIAN_POINT('',(7.747,-2.7685,-2.843));
#3075 = LINE('',#3076,#3077);
#3076 = CARTESIAN_POINT('',(7.747,-2.7685,-2.843));
#3077 = VECTOR('',#3078,1.);
#3078 = DIRECTION('',(-7.800540639491E-17,0.242535625036,-0.970142500145
    ));
#3079 = ORIENTED_EDGE('',*,*,#3080,.F.);
#3080 = EDGE_CURVE('',#3081,#3073,#3083,.T.);
#3081 = VERTEX_POINT('',#3082);
#3082 = CARTESIAN_POINT('',(7.747,-2.7685,0.));
#3083 = LINE('',#3084,#3085);
#3084 = CARTESIAN_POINT('',(7.747,-2.7685,0.));
#3085 = VECTOR('',#3086,1.);
#3086 = DIRECTION('',(0.,0.,-1.));
#3087 = ORIENTED_EDGE('',*,*,#3088,.F.);
#3088 = EDGE_CURVE('',#1594,#3081,#3089,.T.);
#3089 = LINE('',#3090,#3091);
#3090 = CARTESIAN_POINT('',(7.747,-3.302,0.));
#3091 = VECTOR('',#3092,1.);
#3092 = DIRECTION('',(-3.216245299353E-16,1.,0.));
#3093 = PLANE('',#3094);
#3094 = AXIS2_PLACEMENT_3D('',#3095,#3096,#3097);
#3095 = CARTESIAN_POINT('',(7.747,-3.302,2.157));
#3096 = DIRECTION('',(-1.,-3.216245299353E-16,0.));
#3097 = DIRECTION('',(-0.,0.,-1.));
#3098 = ADVANCED_FACE('',(#3099),#3110,.T.);
#3099 = FACE_BOUND('',#3100,.T.);
#3100 = EDGE_LOOP('',(#3101,#3107,#3108,#3109));
#3101 = ORIENTED_EDGE('',*,*,#3102,.T.);
#3102 = EDGE_CURVE('',#1388,#1577,#3103,.T.);
#3103 = LINE('',#3104,#3105);
#3104 = CARTESIAN_POINT('',(7.366,-1.778,2.157));
#3105 = VECTOR('',#3106,1.);
#3106 = DIRECTION('',(3.216245299353E-16,-1.,0.));
#3107 = ORIENTED_EDGE('',*,*,#1584,.T.);
#3108 = ORIENTED_EDGE('',*,*,#3040,.F.);
#3109 = ORIENTED_EDGE('',*,*,#1395,.F.);
#3110 = CYLINDRICAL_SURFACE('',#3111,0.381);
#3111 = AXIS2_PLACEMENT_3D('',#3112,#3113,#3114);
#3112 = CARTESIAN_POINT('',(7.366,-1.778,1.776));
#3113 = DIRECTION('',(3.216245299353E-16,-1.,0.));
#3114 = DIRECTION('',(0.,0.,1.));
#3115 = ADVANCED_FACE('',(#3116),#3124,.T.);
#3116 = FACE_BOUND('',#3117,.T.);
#3117 = EDGE_LOOP('',(#3118,#3119,#3120,#3121,#3122,#3123));
#3118 = ORIENTED_EDGE('',*,*,#2389,.F.);
#3119 = ORIENTED_EDGE('',*,*,#1633,.F.);
#3120 = ORIENTED_EDGE('',*,*,#1576,.F.);
#3121 = ORIENTED_EDGE('',*,*,#3102,.F.);
#3122 = ORIENTED_EDGE('',*,*,#1387,.F.);
#3123 = ORIENTED_EDGE('',*,*,#1443,.F.);
#3124 = PLANE('',#3125);
#3125 = AXIS2_PLACEMENT_3D('',#3126,#3127,#3128);
#3126 = CARTESIAN_POINT('',(3.683,-3.302,2.157));
#3127 = DIRECTION('',(0.,0.,1.));
#3128 = DIRECTION('',(-4.440892098501E-16,1.,0.));
#3129 = ADVANCED_FACE('',(#3130),#3141,.T.);
#3130 = FACE_BOUND('',#3131,.T.);
#3131 = EDGE_LOOP('',(#3132,#3138,#3139,#3140));
#3132 = ORIENTED_EDGE('',*,*,#3133,.T.);
#3133 = EDGE_CURVE('',#2884,#2790,#3134,.T.);
#3134 = LINE('',#3135,#3136);
#3135 = CARTESIAN_POINT('',(7.747,-4.8515,0.));
#3136 = VECTOR('',#3137,1.);
#3137 = DIRECTION('',(-1.,-3.216245299353E-16,0.));
#3138 = ORIENTED_EDGE('',*,*,#2789,.T.);
#3139 = ORIENTED_EDGE('',*,*,#1501,.F.);
#3140 = ORIENTED_EDGE('',*,*,#2883,.F.);
#3141 = PLANE('',#3142);
#3142 = AXIS2_PLACEMENT_3D('',#3143,#3144,#3145);
#3143 = CARTESIAN_POINT('',(7.747,-4.8515,0.));
#3144 = DIRECTION('',(-0.,0.,-1.));
#3145 = DIRECTION('',(-3.216245299353E-16,1.,0.));
#3146 = ADVANCED_FACE('',(#3147),#3158,.T.);
#3147 = FACE_BOUND('',#3148,.T.);
#3148 = EDGE_LOOP('',(#3149,#3150,#3151,#3157));
#3149 = ORIENTED_EDGE('',*,*,#1601,.T.);
#3150 = ORIENTED_EDGE('',*,*,#3001,.T.);
#3151 = ORIENTED_EDGE('',*,*,#3152,.F.);
#3152 = EDGE_CURVE('',#3081,#2994,#3153,.T.);
#3153 = LINE('',#3154,#3155);
#3154 = CARTESIAN_POINT('',(7.747,-2.7685,0.));
#3155 = VECTOR('',#3156,1.);
#3156 = DIRECTION('',(-1.,-3.216245299353E-16,0.));
#3157 = ORIENTED_EDGE('',*,*,#3088,.F.);
#3158 = PLANE('',#3159);
#3159 = AXIS2_PLACEMENT_3D('',#3160,#3161,#3162);
#3160 = CARTESIAN_POINT('',(7.747,-3.302,0.));
#3161 = DIRECTION('',(-0.,0.,-1.));
#3162 = DIRECTION('',(-3.216245299353E-16,1.,0.));
#3163 = ADVANCED_FACE('',(#3164),#3507,.T.);
#3164 = FACE_BOUND('',#3165,.T.);
#3165 = EDGE_LOOP('',(#3166,#3167,#3168,#3175,#3183,#3289,#3395,#3501));
#3166 = ORIENTED_EDGE('',*,*,#2403,.F.);
#3167 = ORIENTED_EDGE('',*,*,#1663,.T.);
#3168 = ORIENTED_EDGE('',*,*,#3169,.T.);
#3169 = EDGE_CURVE('',#1657,#3170,#3172,.T.);
#3170 = VERTEX_POINT('',#3171);
#3171 = CARTESIAN_POINT('',(1.033723643423,0.426276356577,3.68));
#3172 = B_SPLINE_CURVE_WITH_KNOTS('',1,(#3173,#3174),.UNSPECIFIED.,.F.,
  .F.,(2,2),(0.,1.),.PIECEWISE_BEZIER_KNOTS.);
#3173 = CARTESIAN_POINT('',(0.71,0.75,2.157));
#3174 = CARTESIAN_POINT('',(1.033723643423,0.426276356577,3.68));
#3175 = ORIENTED_EDGE('',*,*,#3176,.F.);
#3176 = EDGE_CURVE('',#3177,#3170,#3179,.T.);
#3177 = VERTEX_POINT('',#3178);
#3178 = CARTESIAN_POINT('',(3.06375942217,0.426276356577,3.68));
#3179 = LINE('',#3180,#3181);
#3180 = CARTESIAN_POINT('',(6.586276356577,0.426276356577,3.68));
#3181 = VECTOR('',#3182,1.);
#3182 = DIRECTION('',(-1.,-4.440892098501E-16,0.));
#3183 = ORIENTED_EDGE('',*,*,#3184,.F.);
#3184 = EDGE_CURVE('',#3185,#3177,#3187,.T.);
#3185 = VERTEX_POINT('',#3186);
#3186 = CARTESIAN_POINT('',(3.060652504409,0.532554637412,3.18));
#3187 = B_SPLINE_CURVE_WITH_KNOTS('',4,(#3188,#3189,#3190,#3191,#3192,
    #3193,#3194,#3195,#3196,#3197,#3198,#3199,#3200,#3201,#3202,#3203,
    #3204,#3205,#3206,#3207,#3208,#3209,#3210,#3211,#3212,#3213,#3214,
    #3215,#3216,#3217,#3218,#3219,#3220,#3221,#3222,#3223,#3224,#3225,
    #3226,#3227,#3228,#3229,#3230,#3231,#3232,#3233,#3234,#3235,#3236,
    #3237,#3238,#3239,#3240,#3241,#3242,#3243,#3244,#3245,#3246,#3247,
    #3248,#3249,#3250,#3251,#3252,#3253,#3254,#3255,#3256,#3257,#3258,
    #3259,#3260,#3261,#3262,#3263,#3264,#3265,#3266,#3267,#3268,#3269,
    #3270,#3271,#3272,#3273,#3274,#3275,#3276,#3277,#3278,#3279,#3280,
    #3281,#3282,#3283,#3284,#3285,#3286,#3287,#3288),.UNSPECIFIED.,.F.,
  .F.,(5,3,3,3,3,3,3,3,3,3,3,3,3,3,3,3,3,3,3,3,3,3,3,3,3,3,3,3,3,3,3,3,3
    ,5),(0.,3.832661857541E-02,7.588616027402E-02,0.112697851853,
    0.148780767068,0.184153940431,0.218836486671,0.252847727222,
    0.286207325059,0.318935429062,0.351052828922,0.382581121221,
    0.413542886787,0.443961878574,0.47386321812,0.503273596996,
    0.532221477517,0.560737284348,0.588853575632,0.616605179129,
    0.644029276191,0.671165414825,0.69805543375,0.723856466375,
    0.750392376563,0.776817491054,0.80317991565,0.829528157021,
    0.855910545381,0.882374672274,0.908966882882,0.935731854039,
    0.962712277262,1.),.UNSPECIFIED.);
#3188 = CARTESIAN_POINT('',(3.102443253723,0.75,2.157));
#3189 = CARTESIAN_POINT('',(3.10159836505,0.747596502417,2.168307567096)
  );
#3190 = CARTESIAN_POINT('',(3.100760043871,0.745176893235,2.179690933308
    ));
#3191 = CARTESIAN_POINT('',(3.099928470497,0.742740885558,2.191151448372
    ));
#3192 = CARTESIAN_POINT('',(3.098295716868,0.737884563992,2.213998645033
    ));
#3193 = CARTESIAN_POINT('',(3.097494261506,0.735464911842,2.225382213394
    ));
#3194 = CARTESIAN_POINT('',(3.096699660478,0.733028942322,2.236842548942
    ));
#3195 = CARTESIAN_POINT('',(3.095140251405,0.728172618361,2.259689756871
    ));
#3196 = CARTESIAN_POINT('',(3.094375165256,0.725752918822,2.271073548177
    ));
#3197 = CARTESIAN_POINT('',(3.093617046982,0.72331699024,2.282533691129)
  );
#3198 = CARTESIAN_POINT('',(3.092130026932,0.718460661398,2.305380922018
    ));
#3199 = CARTESIAN_POINT('',(3.091400843964,0.716040908555,2.316764964101
    ));
#3200 = CARTESIAN_POINT('',(3.090678749632,0.71360502492,2.328224895597)
  );
#3201 = CARTESIAN_POINT('',(3.089263222812,0.708748688464,2.351072162308
    ));
#3202 = CARTESIAN_POINT('',(3.088569506013,0.706328874704,2.362456490983
    ));
#3203 = CARTESIAN_POINT('',(3.087883006017,0.703893041415,2.373916185615
    ));
#3204 = CARTESIAN_POINT('',(3.08653813337,0.699036694321,2.396763502377)
  );
#3205 = CARTESIAN_POINT('',(3.085879473324,0.696616810106,2.408148162516
    ));
#3206 = CARTESIAN_POINT('',(3.085228165819,0.694181034144,2.419607587444
    ));
#3207 = CARTESIAN_POINT('',(3.083953162281,0.689324673051,2.442454970066
    ));
#3208 = CARTESIAN_POINT('',(3.08332917589,0.686904706661,2.453840016811)
  );
#3209 = CARTESIAN_POINT('',(3.08271268547,0.684468996804,2.465299130741)
  );
#3210 = CARTESIAN_POINT('',(3.081506817467,0.67961261797,2.488146596824)
  );
#3211 = CARTESIAN_POINT('',(3.080917146787,0.677192555215,2.499532096932
    ));
#3212 = CARTESIAN_POINT('',(3.080335123266,0.674756922283,2.510990848958
    ));
#3213 = CARTESIAN_POINT('',(3.079197706436,0.669900521543,2.533838418102
    ));
#3214 = CARTESIAN_POINT('',(3.078642017638,0.667480345451,2.545224451414
    ));
#3215 = CARTESIAN_POINT('',(3.078094134929,0.665044802583,2.556682779723
    ));
#3216 = CARTESIAN_POINT('',(3.07702453204,0.66018837531,2.579530473698)
  );
#3217 = CARTESIAN_POINT('',(3.07650251448,0.657768065798,2.590917134701)
  );
#3218 = CARTESIAN_POINT('',(3.075988469554,0.655332628757,2.602374965137
    ));
#3219 = CARTESIAN_POINT('',(3.074986088616,0.650476169835,2.625222808007
    ));
#3220 = CARTESIAN_POINT('',(3.074497454016,0.648055703366,2.636610207432
    ));
#3221 = CARTESIAN_POINT('',(3.074016965933,0.645620390865,2.64806745195)
  );
#3222 = CARTESIAN_POINT('',(3.073081258485,0.640763894688,2.670915470094
    ));
#3223 = CARTESIAN_POINT('',(3.072625740214,0.638343243943,2.682303736473
    ));
#3224 = CARTESIAN_POINT('',(3.072178549227,0.635908077994,2.693760291517
    ));
#3225 = CARTESIAN_POINT('',(3.071309008778,0.631051538489,2.716608513501
    ));
#3226 = CARTESIAN_POINT('',(3.070886361242,0.628630672067,2.727997794563
    ));
#3227 = CARTESIAN_POINT('',(3.070472227939,0.626195678326,2.739453539431
    ));
#3228 = CARTESIAN_POINT('',(3.069668388574,0.621339089031,2.762301995656
    ));
#3229 = CARTESIAN_POINT('',(3.069278386703,0.618917971229,2.773692459367
    ));
#3230 = CARTESIAN_POINT('',(3.068897091202,0.616483179322,2.785147254684
    ));
#3231 = CARTESIAN_POINT('',(3.068158526316,0.611626533526,2.807995976726
    ));
#3232 = CARTESIAN_POINT('',(3.067800965147,0.609205124242,2.81938781175)
  );
#3233 = CARTESIAN_POINT('',(3.067452306324,0.606770568034,2.83084149819)
  );
#3234 = CARTESIAN_POINT('',(3.066778627491,0.601913859003,2.85369051773)
  );
#3235 = CARTESIAN_POINT('',(3.066453321841,0.599492113826,2.865083933008
    ));
#3236 = CARTESIAN_POINT('',(3.066137116583,0.597057831594,2.876536330492
    ));
#3237 = CARTESIAN_POINT('',(3.065527972543,0.592201052906,2.899385677745
    ));
#3238 = CARTESIAN_POINT('',(3.065234756765,0.589778923466,2.910780900835
    ));
#3239 = CARTESIAN_POINT('',(3.064950839246,0.587344957907,2.922231808487
    ));
#3240 = CARTESIAN_POINT('',(3.064405914993,0.582488103904,2.945081510067
    ));
#3241 = CARTESIAN_POINT('',(3.064144642791,0.580065538575,2.956478783859
    ));
#3242 = CARTESIAN_POINT('',(3.063892863774,0.577631936579,2.967927981082
    ));
#3243 = CARTESIAN_POINT('',(3.063411879734,0.572775002947,2.99077805729)
  );
#3244 = CARTESIAN_POINT('',(3.063182424021,0.570351947956,3.002177634756
    ));
#3245 = CARTESIAN_POINT('',(3.062962650185,0.567918760056,3.01362488381)
  );
#3246 = CARTESIAN_POINT('',(3.062545361468,0.563061744495,3.036475345463
    ));
#3247 = CARTESIAN_POINT('',(3.062347614228,0.560638145511,3.047877482217
    ));
#3248 = CARTESIAN_POINT('',(3.062159727543,0.558205424932,3.059322532699
    ));
#3249 = CARTESIAN_POINT('',(3.061805923247,0.553348327874,3.082173377761
    ));
#3250 = CARTESIAN_POINT('',(3.06163979537,0.550924132049,3.093578322432)
  );
#3251 = CARTESIAN_POINT('',(3.061483692536,0.548491933287,3.105020917961
    ));
#3252 = CARTESIAN_POINT('',(3.061193195095,0.543634758563,3.127872128414
    ));
#3253 = CARTESIAN_POINT('',(3.061058616139,0.541209916965,3.139280111208
    ));
#3254 = CARTESIAN_POINT('',(3.060934208127,0.538778293878,3.150719998397
    ));
#3255 = CARTESIAN_POINT('',(3.060710635538,0.534001445917,3.173193301142
    ));
#3256 = CARTESIAN_POINT('',(3.060610652449,0.531656709793,3.184224417312
    ));
#3257 = CARTESIAN_POINT('',(3.060520286222,0.529306845248,3.195279660803
    ));
#3258 = CARTESIAN_POINT('',(3.060356690777,0.524531015986,3.217748170946
    ));
#3259 = CARTESIAN_POINT('',(3.060284022745,0.522104789354,3.229162669811
    ));
#3260 = CARTESIAN_POINT('',(3.060221741893,0.519674441603,3.240596557019
    ));
#3261 = CARTESIAN_POINT('',(3.060118326142,0.514817097121,3.26344856612)
  );
#3262 = CARTESIAN_POINT('',(3.060077103863,0.512390127828,3.274866558929
    ));
#3263 = CARTESIAN_POINT('',(3.060046335552,0.509960487816,3.286297116485
    ));
#3264 = CARTESIAN_POINT('',(3.060005839486,0.505103118425,3.309149242777
    ));
#3265 = CARTESIAN_POINT('',(3.059996061896,0.502675397106,3.320570773588
    ));
#3266 = CARTESIAN_POINT('',(3.059996772537,0.500246491538,3.331997875857
    ));
#3267 = CARTESIAN_POINT('',(3.060019176318,0.49538911742,3.354850024389)
  );
#3268 = CARTESIAN_POINT('',(3.060040858167,0.492960648212,3.366275073744
    ));
#3269 = CARTESIAN_POINT('',(3.060073028876,0.490532491387,3.37769865345)
  );
#3270 = CARTESIAN_POINT('',(3.060158343526,0.485675133035,3.400550727806
    ));
#3271 = CARTESIAN_POINT('',(3.060211514682,0.483245933163,3.411979214666
    ));
#3272 = CARTESIAN_POINT('',(3.060275141935,0.480818526053,3.423399267246
    ));
#3273 = CARTESIAN_POINT('',(3.060423409398,0.475961202735,3.446251176778
    ));
#3274 = CARTESIAN_POINT('',(3.060508114269,0.473531301133,3.457682965016
    ));
#3275 = CARTESIAN_POINT('',(3.06060321063,0.471104631472,3.469099548169)
  );
#3276 = CARTESIAN_POINT('',(3.060814503999,0.466247359896,3.491951214278
    ));
#3277 = CARTESIAN_POINT('',(3.060930801132,0.463816795086,3.503386122664
    ));
#3278 = CARTESIAN_POINT('',(3.061057395988,0.461390838462,3.514799351241
    ));
#3279 = CARTESIAN_POINT('',(3.061331819874,0.456533631832,3.537650711804
    ));
#3280 = CARTESIAN_POINT('',(3.06147978178,0.454102449372,3.549088526007)
  );
#3281 = CARTESIAN_POINT('',(3.061637921998,0.451677171116,3.560498563111
    ));
#3282 = CARTESIAN_POINT('',(3.061975613012,0.446820038677,3.583349574633
    ));
#3283 = CARTESIAN_POINT('',(3.062155326198,0.444388288514,3.594790059667
    ));
#3284 = CARTESIAN_POINT('',(3.062345076673,0.441963646102,3.606197105365
    ));
#3285 = CARTESIAN_POINT('',(3.062820569592,0.436206135645,3.633284062415
    ));
#3286 = CARTESIAN_POINT('',(3.063115291368,0.432880166482,3.64893151708)
  );
#3287 = CARTESIAN_POINT('',(3.063428406313,0.42956992391,3.664504983956)
  );
#3288 = CARTESIAN_POINT('',(3.06375942217,0.426276356577,3.68));
#3289 = ORIENTED_EDGE('',*,*,#3290,.T.);
#3290 = EDGE_CURVE('',#3185,#3291,#3293,.T.);
#3291 = VERTEX_POINT('',#3292);
#3292 = CARTESIAN_POINT('',(4.559347495591,0.532554637412,3.18));
#3293 = B_SPLINE_CURVE_WITH_KNOTS('',4,(#3294,#3295,#3296,#3297,#3298,
    #3299,#3300,#3301,#3302,#3303,#3304,#3305,#3306,#3307,#3308,#3309,
    #3310,#3311,#3312,#3313,#3314,#3315,#3316,#3317,#3318,#3319,#3320,
    #3321,#3322,#3323,#3324,#3325,#3326,#3327,#3328,#3329,#3330,#3331,
    #3332,#3333,#3334,#3335,#3336,#3337,#3338,#3339,#3340,#3341,#3342,
    #3343,#3344,#3345,#3346,#3347,#3348,#3349,#3350,#3351,#3352,#3353,
    #3354,#3355,#3356,#3357,#3358,#3359,#3360,#3361,#3362,#3363,#3364,
    #3365,#3366,#3367,#3368,#3369,#3370,#3371,#3372,#3373,#3374,#3375,
    #3376,#3377,#3378,#3379,#3380,#3381,#3382,#3383,#3384,#3385,#3386,
    #3387,#3388,#3389,#3390,#3391,#3392,#3393,#3394),.UNSPECIFIED.,.F.,
  .F.,(5,3,3,3,3,3,3,3,3,3,3,3,3,3,3,3,3,3,3,3,3,3,3,3,3,3,3,3,3,3,3,3,3
    ,5),(0.,3.000000000006E-02,6.000000000009E-02,9.000000000011E-02,
    0.12,0.15,0.18,0.21,0.24,0.27,0.3,0.33,0.36,0.389,0.419,0.449,0.479,
    0.509,0.539,0.569,0.599,0.629,0.658,0.688,0.718,0.748,0.778,0.808,
    0.838,0.868,0.898,0.928,0.958,1.),.UNSPECIFIED.);
#3294 = CARTESIAN_POINT('',(0.927445362588,0.532554637412,3.18));
#3295 = CARTESIAN_POINT('',(0.97068368215,0.532554637412,3.18));
#3296 = CARTESIAN_POINT('',(1.013922001711,0.532554637412,3.18));
#3297 = CARTESIAN_POINT('',(1.057160321272,0.532554637412,3.18));
#3298 = CARTESIAN_POINT('',(1.143636960394,0.532554637412,3.18));
#3299 = CARTESIAN_POINT('',(1.186875279956,0.532554637412,3.18));
#3300 = CARTESIAN_POINT('',(1.230113599517,0.532554637412,3.18));
#3301 = CARTESIAN_POINT('',(1.316590238639,0.532554637412,3.18));
#3302 = CARTESIAN_POINT('',(1.3598285582,0.532554637412,3.18));
#3303 = CARTESIAN_POINT('',(1.403066877761,0.532554637412,3.18));
#3304 = CARTESIAN_POINT('',(1.489543516884,0.532554637412,3.18));
#3305 = CARTESIAN_POINT('',(1.532781836445,0.532554637412,3.18));
#3306 = CARTESIAN_POINT('',(1.576020156006,0.532554637412,3.18));
#3307 = CARTESIAN_POINT('',(1.662496795128,0.532554637412,3.18));
#3308 = CARTESIAN_POINT('',(1.70573511469,0.532554637412,3.18));
#3309 = CARTESIAN_POINT('',(1.748973434251,0.532554637412,3.18));
#3310 = CARTESIAN_POINT('',(1.835450073373,0.532554637412,3.18));
#3311 = CARTESIAN_POINT('',(1.878688392934,0.532554637412,3.18));
#3312 = CARTESIAN_POINT('',(1.921926712495,0.532554637412,3.18));
#3313 = CARTESIAN_POINT('',(2.008403351618,0.532554637412,3.18));
#3314 = CARTESIAN_POINT('',(2.051641671179,0.532554637412,3.18));
#3315 = CARTESIAN_POINT('',(2.09487999074,0.532554637412,3.18));
#3316 = CARTESIAN_POINT('',(2.181356629862,0.532554637412,3.18));
#3317 = CARTESIAN_POINT('',(2.224594949424,0.532554637412,3.18));
#3318 = CARTESIAN_POINT('',(2.267833268985,0.532554637412,3.18));
#3319 = CARTESIAN_POINT('',(2.354309908107,0.532554637412,3.18));
#3320 = CARTESIAN_POINT('',(2.397548227668,0.532554637412,3.18));
#3321 = CARTESIAN_POINT('',(2.440786547229,0.532554637412,3.18));
#3322 = CARTESIAN_POINT('',(2.527263186352,0.532554637412,3.18));
#3323 = CARTESIAN_POINT('',(2.570501505913,0.532554637412,3.18));
#3324 = CARTESIAN_POINT('',(2.613739825474,0.532554637412,3.18));
#3325 = CARTESIAN_POINT('',(2.700216464596,0.532554637412,3.18));
#3326 = CARTESIAN_POINT('',(2.743454784158,0.532554637412,3.18));
#3327 = CARTESIAN_POINT('',(2.786693103719,0.532554637412,3.18));
#3328 = CARTESIAN_POINT('',(2.873169742841,0.532554637412,3.18));
#3329 = CARTESIAN_POINT('',(2.916408062402,0.532554637412,3.18));
#3330 = CARTESIAN_POINT('',(2.959646381963,0.532554637412,3.18));
#3331 = CARTESIAN_POINT('',(3.044681743767,0.532554637412,3.18));
#3332 = CARTESIAN_POINT('',(3.08647878601,0.532554637412,3.18));
#3333 = CARTESIAN_POINT('',(3.128275828252,0.532554637412,3.18));
#3334 = CARTESIAN_POINT('',(3.213311190056,0.532554637412,3.18));
#3335 = CARTESIAN_POINT('',(3.256549509617,0.532554637412,3.18));
#3336 = CARTESIAN_POINT('',(3.299787829178,0.532554637412,3.18));
#3337 = CARTESIAN_POINT('',(3.3862644683,0.532554637412,3.18));
#3338 = CARTESIAN_POINT('',(3.429502787862,0.532554637412,3.18));
#3339 = CARTESIAN_POINT('',(3.472741107423,0.532554637412,3.18));
#3340 = CARTESIAN_POINT('',(3.559217746545,0.532554637412,3.18));
#3341 = CARTESIAN_POINT('',(3.602456066106,0.532554637412,3.18));
#3342 = CARTESIAN_POINT('',(3.645694385667,0.532554637412,3.18));
#3343 = CARTESIAN_POINT('',(3.73217102479,0.532554637412,3.18));
#3344 = CARTESIAN_POINT('',(3.775409344351,0.532554637412,3.18));
#3345 = CARTESIAN_POINT('',(3.818647663912,0.532554637412,3.18));
#3346 = CARTESIAN_POINT('',(3.905124303035,0.532554637412,3.18));
#3347 = CARTESIAN_POINT('',(3.948362622596,0.532554637412,3.18));
#3348 = CARTESIAN_POINT('',(3.991600942157,0.532554637412,3.18));
#3349 = CARTESIAN_POINT('',(4.078077581279,0.532554637412,3.18));
#3350 = CARTESIAN_POINT('',(4.12131590084,0.532554637412,3.18));
#3351 = CARTESIAN_POINT('',(4.164554220402,0.532554637412,3.18));
#3352 = CARTESIAN_POINT('',(4.251030859524,0.532554637412,3.18));
#3353 = CARTESIAN_POINT('',(4.294269179085,0.532554637412,3.18));
#3354 = CARTESIAN_POINT('',(4.337507498646,0.532554637412,3.18));
#3355 = CARTESIAN_POINT('',(4.423984137769,0.532554637412,3.18));
#3356 = CARTESIAN_POINT('',(4.46722245733,0.532554637412,3.18));
#3357 = CARTESIAN_POINT('',(4.510460776891,0.532554637412,3.18));
#3358 = CARTESIAN_POINT('',(4.595496138695,0.532554637412,3.18));
#3359 = CARTESIAN_POINT('',(4.637293180937,0.532554637412,3.18));
#3360 = CARTESIAN_POINT('',(4.67909022318,0.532554637412,3.18));
#3361 = CARTESIAN_POINT('',(4.764125584983,0.532554637412,3.18));
#3362 = CARTESIAN_POINT('',(4.807363904544,0.532554637412,3.18));
#3363 = CARTESIAN_POINT('',(4.850602224106,0.532554637412,3.18));
#3364 = CARTESIAN_POINT('',(4.937078863228,0.532554637412,3.18));
#3365 = CARTESIAN_POINT('',(4.980317182789,0.532554637412,3.18));
#3366 = CARTESIAN_POINT('',(5.02355550235,0.532554637412,3.18));
#3367 = CARTESIAN_POINT('',(5.110032141473,0.532554637412,3.18));
#3368 = CARTESIAN_POINT('',(5.153270461034,0.532554637412,3.18));
#3369 = CARTESIAN_POINT('',(5.196508780595,0.532554637412,3.18));
#3370 = CARTESIAN_POINT('',(5.282985419717,0.532554637412,3.18));
#3371 = CARTESIAN_POINT('',(5.326223739278,0.532554637412,3.18));
#3372 = CARTESIAN_POINT('',(5.36946205884,0.532554637412,3.18));
#3373 = CARTESIAN_POINT('',(5.455938697962,0.532554637412,3.18));
#3374 = CARTESIAN_POINT('',(5.499177017523,0.532554637412,3.18));
#3375 = CARTESIAN_POINT('',(5.542415337084,0.532554637412,3.18));
#3376 = CARTESIAN_POINT('',(5.628891976207,0.532554637412,3.18));
#3377 = CARTESIAN_POINT('',(5.672130295768,0.532554637412,3.18));
#3378 = CARTESIAN_POINT('',(5.715368615329,0.532554637412,3.18));
#3379 = CARTESIAN_POINT('',(5.801845254451,0.532554637412,3.18));
#3380 = CARTESIAN_POINT('',(5.845083574013,0.532554637412,3.18));
#3381 = CARTESIAN_POINT('',(5.888321893574,0.532554637412,3.18));
#3382 = CARTESIAN_POINT('',(5.974798532696,0.532554637412,3.18));
#3383 = CARTESIAN_POINT('',(6.018036852257,0.532554637412,3.18));
#3384 = CARTESIAN_POINT('',(6.061275171818,0.532554637412,3.18));
#3385 = CARTESIAN_POINT('',(6.147751810941,0.532554637412,3.18));
#3386 = CARTESIAN_POINT('',(6.190990130502,0.532554637412,3.18));
#3387 = CARTESIAN_POINT('',(6.234228450063,0.532554637412,3.18));
#3388 = CARTESIAN_POINT('',(6.320705089185,0.532554637412,3.18));
#3389 = CARTESIAN_POINT('',(6.363943408747,0.532554637412,3.18));
#3390 = CARTESIAN_POINT('',(6.407181728308,0.532554637412,3.18));
#3391 = CARTESIAN_POINT('',(6.510953695255,0.532554637412,3.18));
#3392 = CARTESIAN_POINT('',(6.57148734264,0.532554637412,3.18));
#3393 = CARTESIAN_POINT('',(6.632020990026,0.532554637412,3.18));
#3394 = CARTESIAN_POINT('',(6.692554637412,0.532554637412,3.18));
#3395 = ORIENTED_EDGE('',*,*,#3396,.T.);
#3396 = EDGE_CURVE('',#3291,#3397,#3399,.T.);
#3397 = VERTEX_POINT('',#3398);
#3398 = CARTESIAN_POINT('',(4.55624057783,0.426276356577,3.68));
#3399 = B_SPLINE_CURVE_WITH_KNOTS('',4,(#3400,#3401,#3402,#3403,#3404,
    #3405,#3406,#3407,#3408,#3409,#3410,#3411,#3412,#3413,#3414,#3415,
    #3416,#3417,#3418,#3419,#3420,#3421,#3422,#3423,#3424,#3425,#3426,
    #3427,#3428,#3429,#3430,#3431,#3432,#3433,#3434,#3435,#3436,#3437,
    #3438,#3439,#3440,#3441,#3442,#3443,#3444,#3445,#3446,#3447,#3448,
    #3449,#3450,#3451,#3452,#3453,#3454,#3455,#3456,#3457,#3458,#3459,
    #3460,#3461,#3462,#3463,#3464,#3465,#3466,#3467,#3468,#3469,#3470,
    #3471,#3472,#3473,#3474,#3475,#3476,#3477,#3478,#3479,#3480,#3481,
    #3482,#3483,#3484,#3485,#3486,#3487,#3488,#3489,#3490,#3491,#3492,
    #3493,#3494,#3495,#3496,#3497,#3498,#3499,#3500),.UNSPECIFIED.,.F.,
  .F.,(5,3,3,3,3,3,3,3,3,3,3,3,3,3,3,3,3,3,3,3,3,3,3,3,3,3,3,3,3,3,3,3,3
    ,5),(0.,3.832661857541E-02,7.588616027406E-02,0.112697851853,
    0.148780767068,0.184153940431,0.218836486671,0.252847727222,
    0.286207325059,0.318935429062,0.351052828922,0.382581121221,
    0.413542886787,0.443961878574,0.47386321812,0.503273596997,
    0.532221477517,0.560737284349,0.588853575632,0.61660517913,
    0.644029276191,0.671165414826,0.69805543375,0.723856466375,
    0.750392376563,0.776817491055,0.803179915651,0.829528157022,
    0.855910545381,0.882374672274,0.908966882882,0.935731854039,
    0.962712277262,1.),.UNSPECIFIED.);
#3400 = CARTESIAN_POINT('',(4.517556746277,0.75,2.157));
#3401 = CARTESIAN_POINT('',(4.51840163495,0.747596502417,2.168307567096)
  );
#3402 = CARTESIAN_POINT('',(4.519239956129,0.745176893235,2.179690933308
    ));
#3403 = CARTESIAN_POINT('',(4.520071529503,0.742740885558,2.191151448372
    ));
#3404 = CARTESIAN_POINT('',(4.521704283132,0.737884563992,2.213998645033
    ));
#3405 = CARTESIAN_POINT('',(4.522505738494,0.735464911842,2.225382213394
    ));
#3406 = CARTESIAN_POINT('',(4.523300339522,0.733028942322,2.236842548942
    ));
#3407 = CARTESIAN_POINT('',(4.524859748595,0.728172618361,2.259689756871
    ));
#3408 = CARTESIAN_POINT('',(4.525624834744,0.725752918822,2.271073548177
    ));
#3409 = CARTESIAN_POINT('',(4.526382953018,0.72331699024,2.282533691129)
  );
#3410 = CARTESIAN_POINT('',(4.527869973068,0.718460661398,2.305380922018
    ));
#3411 = CARTESIAN_POINT('',(4.528599156036,0.716040908555,2.316764964101
    ));
#3412 = CARTESIAN_POINT('',(4.529321250368,0.71360502492,2.328224895597)
  );
#3413 = CARTESIAN_POINT('',(4.530736777188,0.708748688464,2.351072162308
    ));
#3414 = CARTESIAN_POINT('',(4.531430493987,0.706328874704,2.362456490983
    ));
#3415 = CARTESIAN_POINT('',(4.532116993983,0.703893041415,2.373916185615
    ));
#3416 = CARTESIAN_POINT('',(4.53346186663,0.699036694321,2.396763502377)
  );
#3417 = CARTESIAN_POINT('',(4.534120526676,0.696616810106,2.408148162516
    ));
#3418 = CARTESIAN_POINT('',(4.534771834181,0.694181034144,2.419607587444
    ));
#3419 = CARTESIAN_POINT('',(4.536046837719,0.689324673051,2.442454970066
    ));
#3420 = CARTESIAN_POINT('',(4.53667082411,0.686904706661,2.453840016811)
  );
#3421 = CARTESIAN_POINT('',(4.53728731453,0.684468996804,2.465299130741)
  );
#3422 = CARTESIAN_POINT('',(4.538493182533,0.67961261797,2.488146596824)
  );
#3423 = CARTESIAN_POINT('',(4.539082853213,0.677192555215,2.499532096932
    ));
#3424 = CARTESIAN_POINT('',(4.539664876734,0.674756922283,2.510990848958
    ));
#3425 = CARTESIAN_POINT('',(4.540802293564,0.669900521543,2.533838418102
    ));
#3426 = CARTESIAN_POINT('',(4.541357982362,0.667480345451,2.545224451414
    ));
#3427 = CARTESIAN_POINT('',(4.541905865071,0.665044802583,2.556682779723
    ));
#3428 = CARTESIAN_POINT('',(4.54297546796,0.66018837531,2.579530473698)
  );
#3429 = CARTESIAN_POINT('',(4.54349748552,0.657768065798,2.590917134701)
  );
#3430 = CARTESIAN_POINT('',(4.544011530446,0.655332628757,2.602374965137
    ));
#3431 = CARTESIAN_POINT('',(4.545013911384,0.650476169835,2.625222808007
    ));
#3432 = CARTESIAN_POINT('',(4.545502545984,0.648055703366,2.636610207432
    ));
#3433 = CARTESIAN_POINT('',(4.545983034067,0.645620390865,2.64806745195)
  );
#3434 = CARTESIAN_POINT('',(4.546918741515,0.640763894688,2.670915470094
    ));
#3435 = CARTESIAN_POINT('',(4.547374259786,0.638343243943,2.682303736473
    ));
#3436 = CARTESIAN_POINT('',(4.547821450773,0.635908077994,2.693760291517
    ));
#3437 = CARTESIAN_POINT('',(4.548690991222,0.631051538489,2.716608513501
    ));
#3438 = CARTESIAN_POINT('',(4.549113638758,0.628630672067,2.727997794563
    ));
#3439 = CARTESIAN_POINT('',(4.549527772061,0.626195678326,2.739453539431
    ));
#3440 = CARTESIAN_POINT('',(4.550331611426,0.621339089031,2.762301995656
    ));
#3441 = CARTESIAN_POINT('',(4.550721613297,0.618917971229,2.773692459367
    ));
#3442 = CARTESIAN_POINT('',(4.551102908798,0.616483179322,2.785147254684
    ));
#3443 = CARTESIAN_POINT('',(4.551841473684,0.611626533526,2.807995976726
    ));
#3444 = CARTESIAN_POINT('',(4.552199034853,0.609205124242,2.81938781175)
  );
#3445 = CARTESIAN_POINT('',(4.552547693676,0.606770568034,2.83084149819)
  );
#3446 = CARTESIAN_POINT('',(4.553221372509,0.601913859003,2.85369051773)
  );
#3447 = CARTESIAN_POINT('',(4.553546678159,0.599492113826,2.865083933008
    ));
#3448 = CARTESIAN_POINT('',(4.553862883417,0.597057831594,2.876536330492
    ));
#3449 = CARTESIAN_POINT('',(4.554472027457,0.592201052906,2.899385677745
    ));
#3450 = CARTESIAN_POINT('',(4.554765243235,0.589778923466,2.910780900835
    ));
#3451 = CARTESIAN_POINT('',(4.555049160754,0.587344957907,2.922231808488
    ));
#3452 = CARTESIAN_POINT('',(4.555594085007,0.582488103904,2.945081510067
    ));
#3453 = CARTESIAN_POINT('',(4.555855357209,0.580065538575,2.956478783859
    ));
#3454 = CARTESIAN_POINT('',(4.556107136226,0.577631936579,2.967927981082
    ));
#3455 = CARTESIAN_POINT('',(4.556588120266,0.572775002947,2.99077805729)
  );
#3456 = CARTESIAN_POINT('',(4.556817575979,0.570351947956,3.002177634756
    ));
#3457 = CARTESIAN_POINT('',(4.557037349815,0.567918760056,3.01362488381)
  );
#3458 = CARTESIAN_POINT('',(4.557454638532,0.563061744495,3.036475345463
    ));
#3459 = CARTESIAN_POINT('',(4.557652385772,0.560638145511,3.047877482217
    ));
#3460 = CARTESIAN_POINT('',(4.557840272457,0.558205424932,3.059322532699
    ));
#3461 = CARTESIAN_POINT('',(4.558194076753,0.553348327874,3.082173377761
    ));
#3462 = CARTESIAN_POINT('',(4.55836020463,0.550924132049,3.093578322432)
  );
#3463 = CARTESIAN_POINT('',(4.558516307464,0.548491933287,3.105020917961
    ));
#3464 = CARTESIAN_POINT('',(4.558806804905,0.543634758563,3.127872128414
    ));
#3465 = CARTESIAN_POINT('',(4.558941383861,0.541209916965,3.139280111208
    ));
#3466 = CARTESIAN_POINT('',(4.559065791873,0.538778293878,3.150719998397
    ));
#3467 = CARTESIAN_POINT('',(4.559289364462,0.534001445917,3.173193301142
    ));
#3468 = CARTESIAN_POINT('',(4.559389347551,0.531656709793,3.184224417312
    ));
#3469 = CARTESIAN_POINT('',(4.559479713778,0.529306845248,3.195279660803
    ));
#3470 = CARTESIAN_POINT('',(4.559643309223,0.524531015986,3.217748170946
    ));
#3471 = CARTESIAN_POINT('',(4.559715977255,0.522104789354,3.229162669811
    ));
#3472 = CARTESIAN_POINT('',(4.559778258107,0.519674441603,3.240596557019
    ));
#3473 = CARTESIAN_POINT('',(4.559881673858,0.514817097121,3.263448566119
    ));
#3474 = CARTESIAN_POINT('',(4.559922896137,0.512390127828,3.274866558929
    ));
#3475 = CARTESIAN_POINT('',(4.559953664448,0.509960487816,3.286297116485
    ));
#3476 = CARTESIAN_POINT('',(4.559994160514,0.505103118425,3.309149242777
    ));
#3477 = CARTESIAN_POINT('',(4.560003938104,0.502675397106,3.320570773588
    ));
#3478 = CARTESIAN_POINT('',(4.560003227463,0.500246491538,3.331997875857
    ));
#3479 = CARTESIAN_POINT('',(4.559980823682,0.49538911742,3.354850024389)
  );
#3480 = CARTESIAN_POINT('',(4.559959141833,0.492960648212,3.366275073744
    ));
#3481 = CARTESIAN_POINT('',(4.559926971124,0.490532491387,3.37769865345)
  );
#3482 = CARTESIAN_POINT('',(4.559841656474,0.485675133035,3.400550727806
    ));
#3483 = CARTESIAN_POINT('',(4.559788485318,0.483245933163,3.411979214666
    ));
#3484 = CARTESIAN_POINT('',(4.559724858065,0.480818526053,3.423399267246
    ));
#3485 = CARTESIAN_POINT('',(4.559576590602,0.475961202735,3.446251176778
    ));
#3486 = CARTESIAN_POINT('',(4.559491885731,0.473531301133,3.457682965016
    ));
#3487 = CARTESIAN_POINT('',(4.55939678937,0.471104631472,3.469099548169)
  );
#3488 = CARTESIAN_POINT('',(4.559185496001,0.466247359896,3.491951214278
    ));
#3489 = CARTESIAN_POINT('',(4.559069198868,0.463816795086,3.503386122664
    ));
#3490 = CARTESIAN_POINT('',(4.558942604012,0.461390838462,3.514799351241
    ));
#3491 = CARTESIAN_POINT('',(4.558668180126,0.456533631832,3.537650711804
    ));
#3492 = CARTESIAN_POINT('',(4.55852021822,0.454102449372,3.549088526007)
  );
#3493 = CARTESIAN_POINT('',(4.558362078002,0.451677171116,3.560498563111
    ));
#3494 = CARTESIAN_POINT('',(4.558024386988,0.446820038677,3.583349574633
    ));
#3495 = CARTESIAN_POINT('',(4.557844673802,0.444388288514,3.594790059667
    ));
#3496 = CARTESIAN_POINT('',(4.557654923327,0.441963646102,3.606197105365
    ));
#3497 = CARTESIAN_POINT('',(4.557179430408,0.436206135645,3.633284062415
    ));
#3498 = CARTESIAN_POINT('',(4.556884708632,0.432880166482,3.64893151708)
  );
#3499 = CARTESIAN_POINT('',(4.556571593687,0.42956992391,3.664504983956)
  );
#3500 = CARTESIAN_POINT('',(4.55624057783,0.426276356577,3.68));
#3501 = ORIENTED_EDGE('',*,*,#3502,.F.);
#3502 = EDGE_CURVE('',#2404,#3397,#3503,.T.);
#3503 = LINE('',#3504,#3505);
#3504 = CARTESIAN_POINT('',(6.586276356577,0.426276356577,3.68));
#3505 = VECTOR('',#3506,1.);
#3506 = DIRECTION('',(-1.,-4.440892098501E-16,0.));
#3507 = B_SPLINE_SURFACE_WITH_KNOTS('',1,1,(
    (#3508,#3509)
    ,(#3510,#3511
    )),.UNSPECIFIED.,.F.,.F.,.F.,(2,2),(2,2),(0.,6.2),(0.,1.),
  .PIECEWISE_BEZIER_KNOTS.);
#3508 = CARTESIAN_POINT('',(6.91,0.75,2.157));
#3509 = CARTESIAN_POINT('',(6.586276356577,0.426276356577,3.68));
#3510 = CARTESIAN_POINT('',(0.71,0.75,2.157));
#3511 = CARTESIAN_POINT('',(1.033723643423,0.426276356577,3.68));
#3512 = ADVANCED_FACE('',(#3513),#3558,.T.);
#3513 = FACE_BOUND('',#3514,.T.);
#3514 = EDGE_LOOP('',(#3515,#3516,#3522,#3523,#3529,#3530,#3536,#3537,
    #3543,#3544,#3551,#3557));
#3515 = ORIENTED_EDGE('',*,*,#1688,.T.);
#3516 = ORIENTED_EDGE('',*,*,#3517,.T.);
#3517 = EDGE_CURVE('',#1681,#1999,#3518,.T.);
#3518 = LINE('',#3519,#3520);
#3519 = CARTESIAN_POINT('',(0.71,0.75,2.157));
#3520 = VECTOR('',#3521,1.);
#3521 = DIRECTION('',(4.440892098501E-16,-1.,0.));
#3522 = ORIENTED_EDGE('',*,*,#2015,.T.);
#3523 = ORIENTED_EDGE('',*,*,#3524,.T.);
#3524 = EDGE_CURVE('',#2008,#2327,#3525,.T.);
#3525 = LINE('',#3526,#3527);
#3526 = CARTESIAN_POINT('',(0.71,0.75,2.157));
#3527 = VECTOR('',#3528,1.);
#3528 = DIRECTION('',(4.440892098501E-16,-1.,0.));
#3529 = ORIENTED_EDGE('',*,*,#2343,.T.);
#3530 = ORIENTED_EDGE('',*,*,#3531,.T.);
#3531 = EDGE_CURVE('',#2336,#2146,#3532,.T.);
#3532 = LINE('',#3533,#3534);
#3533 = CARTESIAN_POINT('',(0.71,0.75,2.157));
#3534 = VECTOR('',#3535,1.);
#3535 = DIRECTION('',(4.440892098501E-16,-1.,0.));
#3536 = ORIENTED_EDGE('',*,*,#2162,.T.);
#3537 = ORIENTED_EDGE('',*,*,#3538,.T.);
#3538 = EDGE_CURVE('',#2155,#1819,#3539,.T.);
#3539 = LINE('',#3540,#3541);
#3540 = CARTESIAN_POINT('',(0.71,0.75,2.157));
#3541 = VECTOR('',#3542,1.);
#3542 = DIRECTION('',(4.440892098501E-16,-1.,0.));
#3543 = ORIENTED_EDGE('',*,*,#1834,.T.);
#3544 = ORIENTED_EDGE('',*,*,#3545,.T.);
#3545 = EDGE_CURVE('',#1828,#3546,#3548,.T.);
#3546 = VERTEX_POINT('',#3547);
#3547 = CARTESIAN_POINT('',(1.033723643423,-8.046276356577,3.68));
#3548 = B_SPLINE_CURVE_WITH_KNOTS('',1,(#3549,#3550),.UNSPECIFIED.,.F.,
  .F.,(2,2),(0.,1.),.PIECEWISE_BEZIER_KNOTS.);
#3549 = CARTESIAN_POINT('',(0.71,-8.37,2.157));
#3550 = CARTESIAN_POINT('',(1.033723643423,-8.046276356577,3.68));
#3551 = ORIENTED_EDGE('',*,*,#3552,.F.);
#3552 = EDGE_CURVE('',#3170,#3546,#3553,.T.);
#3553 = LINE('',#3554,#3555);
#3554 = CARTESIAN_POINT('',(1.033723643423,0.426276356577,3.68));
#3555 = VECTOR('',#3556,1.);
#3556 = DIRECTION('',(4.440892098501E-16,-1.,0.));
#3557 = ORIENTED_EDGE('',*,*,#3169,.F.);
#3558 = B_SPLINE_SURFACE_WITH_KNOTS('',1,1,(
    (#3559,#3560)
    ,(#3561,#3562
    )),.UNSPECIFIED.,.F.,.F.,.F.,(2,2),(2,2),(0.,9.12),(0.,1.),
  .PIECEWISE_BEZIER_KNOTS.);
#3559 = CARTESIAN_POINT('',(0.71,0.75,2.157));
#3560 = CARTESIAN_POINT('',(1.033723643423,0.426276356577,3.68));
#3561 = CARTESIAN_POINT('',(0.71,-8.37,2.157));
#3562 = CARTESIAN_POINT('',(1.033723643423,-8.046276356577,3.68));
#3563 = ADVANCED_FACE('',(#3564),#3577,.T.);
#3564 = FACE_BOUND('',#3565,.T.);
#3565 = EDGE_LOOP('',(#3566,#3567,#3568,#3569,#3570,#3576));
#3566 = ORIENTED_EDGE('',*,*,#1998,.F.);
#3567 = ORIENTED_EDGE('',*,*,#3517,.F.);
#3568 = ORIENTED_EDGE('',*,*,#1680,.F.);
#3569 = ORIENTED_EDGE('',*,*,#1702,.F.);
#3570 = ORIENTED_EDGE('',*,*,#3571,.F.);
#3571 = EDGE_CURVE('',#1849,#1703,#3572,.T.);
#3572 = LINE('',#3573,#3574);
#3573 = CARTESIAN_POINT('',(0.254,-0.762,2.157));
#3574 = VECTOR('',#3575,1.);
#3575 = DIRECTION('',(-4.440892098501E-16,1.,0.));
#3576 = ORIENTED_EDGE('',*,*,#1892,.F.);
#3577 = PLANE('',#3578);
#3578 = AXIS2_PLACEMENT_3D('',#3579,#3580,#3581);
#3579 = CARTESIAN_POINT('',(3.81,-0.762,2.157));
#3580 = DIRECTION('',(0.,0.,1.));
#3581 = DIRECTION('',(-4.440892098501E-16,1.,0.));
#3582 = ADVANCED_FACE('',(#3583),#3626,.T.);
#3583 = FACE_BOUND('',#3584,.T.);
#3584 = EDGE_LOOP('',(#3585,#3586,#3587,#3588,#3596,#3604,#3612,#3620));
#3585 = ORIENTED_EDGE('',*,*,#1735,.F.);
#3586 = ORIENTED_EDGE('',*,*,#1906,.T.);
#3587 = ORIENTED_EDGE('',*,*,#1875,.F.);
#3588 = ORIENTED_EDGE('',*,*,#3589,.F.);
#3589 = EDGE_CURVE('',#3590,#1868,#3592,.T.);
#3590 = VERTEX_POINT('',#3591);
#3591 = CARTESIAN_POINT('',(0.127,-0.2285,0.));
#3592 = LINE('',#3593,#3594);
#3593 = CARTESIAN_POINT('',(0.127,-0.2285,0.));
#3594 = VECTOR('',#3595,1.);
#3595 = DIRECTION('',(4.440892098501E-16,-1.,0.));
#3596 = ORIENTED_EDGE('',*,*,#3597,.F.);
#3597 = EDGE_CURVE('',#3598,#3590,#3600,.T.);
#3598 = VERTEX_POINT('',#3599);
#3599 = CARTESIAN_POINT('',(0.127,-0.2285,-2.843));
#3600 = LINE('',#3601,#3602);
#3601 = CARTESIAN_POINT('',(0.127,-0.2285,-2.843));
#3602 = VECTOR('',#3603,1.);
#3603 = DIRECTION('',(0.,0.,1.));
#3604 = ORIENTED_EDGE('',*,*,#3605,.F.);
#3605 = EDGE_CURVE('',#3606,#3598,#3608,.T.);
#3606 = VERTEX_POINT('',#3607);
#3607 = CARTESIAN_POINT('',(0.127,-0.11425,-3.3));
#3608 = LINE('',#3609,#3610);
#3609 = CARTESIAN_POINT('',(0.127,-0.11425,-3.3));
#3610 = VECTOR('',#3611,1.);
#3611 = DIRECTION('',(1.077074540829E-16,-0.242535625036,0.970142500145)
  );
#3612 = ORIENTED_EDGE('',*,*,#3613,.F.);
#3613 = EDGE_CURVE('',#3614,#3606,#3616,.T.);
#3614 = VERTEX_POINT('',#3615);
#3615 = CARTESIAN_POINT('',(0.127,0.11425,-3.3));
#3616 = LINE('',#3617,#3618);
#3617 = CARTESIAN_POINT('',(0.127,0.11425,-3.3));
#3618 = VECTOR('',#3619,1.);
#3619 = DIRECTION('',(4.440892098501E-16,-1.,0.));
#3620 = ORIENTED_EDGE('',*,*,#3621,.F.);
#3621 = EDGE_CURVE('',#1728,#3614,#3622,.T.);
#3622 = LINE('',#3623,#3624);
#3623 = CARTESIAN_POINT('',(0.127,0.2285,-2.843));
#3624 = VECTOR('',#3625,1.);
#3625 = DIRECTION('',(1.077074540829E-16,-0.242535625036,-0.970142500145
    ));
#3626 = PLANE('',#3627);
#3627 = AXIS2_PLACEMENT_3D('',#3628,#3629,#3630);
#3628 = CARTESIAN_POINT('',(0.127,0.2285,2.157));
#3629 = DIRECTION('',(1.,4.440892098501E-16,0.));
#3630 = DIRECTION('',(0.,0.,-1.));
#3631 = ADVANCED_FACE('',(#3632),#3650,.T.);
#3632 = FACE_BOUND('',#3633,.T.);
#3633 = EDGE_LOOP('',(#3634,#3635,#3636,#3644));
#3634 = ORIENTED_EDGE('',*,*,#1727,.T.);
#3635 = ORIENTED_EDGE('',*,*,#3621,.T.);
#3636 = ORIENTED_EDGE('',*,*,#3637,.F.);
#3637 = EDGE_CURVE('',#3638,#3614,#3640,.T.);
#3638 = VERTEX_POINT('',#3639);
#3639 = CARTESIAN_POINT('',(-0.127,0.11425,-3.3));
#3640 = LINE('',#3641,#3642);
#3641 = CARTESIAN_POINT('',(-0.127,0.11425,-3.3));
#3642 = VECTOR('',#3643,1.);
#3643 = DIRECTION('',(1.,4.440892098501E-16,0.));
#3644 = ORIENTED_EDGE('',*,*,#3645,.F.);
#3645 = EDGE_CURVE('',#1720,#3638,#3646,.T.);
#3646 = LINE('',#3647,#3648);
#3647 = CARTESIAN_POINT('',(-0.127,0.2285,-2.843));
#3648 = VECTOR('',#3649,1.);
#3649 = DIRECTION('',(1.077074540829E-16,-0.242535625036,-0.970142500145
    ));
#3650 = PLANE('',#3651);
#3651 = AXIS2_PLACEMENT_3D('',#3652,#3653,#3654);
#3652 = CARTESIAN_POINT('',(-0.127,0.2285,-2.843));
#3653 = DIRECTION('',(-4.308298163317E-16,0.970142500145,-0.242535625036
    ));
#3654 = DIRECTION('',(1.077074540829E-16,-0.242535625036,-0.970142500145
    ));
#3655 = ADVANCED_FACE('',(#3656),#3697,.F.);
#3656 = FACE_BOUND('',#3657,.F.);
#3657 = EDGE_LOOP('',(#3658,#3659,#3665,#3666,#3674,#3682,#3690,#3696));
#3658 = ORIENTED_EDGE('',*,*,#1719,.F.);
#3659 = ORIENTED_EDGE('',*,*,#3660,.F.);
#3660 = EDGE_CURVE('',#1851,#1711,#3661,.T.);
#3661 = LINE('',#3662,#3663);
#3662 = CARTESIAN_POINT('',(-0.127,-0.762,1.776));
#3663 = VECTOR('',#3664,1.);
#3664 = DIRECTION('',(-4.440892098501E-16,1.,0.));
#3665 = ORIENTED_EDGE('',*,*,#1859,.F.);
#3666 = ORIENTED_EDGE('',*,*,#3667,.F.);
#3667 = EDGE_CURVE('',#3668,#1860,#3670,.T.);
#3668 = VERTEX_POINT('',#3669);
#3669 = CARTESIAN_POINT('',(-0.127,-0.2285,0.));
#3670 = LINE('',#3671,#3672);
#3671 = CARTESIAN_POINT('',(-0.127,-0.2285,0.));
#3672 = VECTOR('',#3673,1.);
#3673 = DIRECTION('',(4.440892098501E-16,-1.,0.));
#3674 = ORIENTED_EDGE('',*,*,#3675,.F.);
#3675 = EDGE_CURVE('',#3676,#3668,#3678,.T.);
#3676 = VERTEX_POINT('',#3677);
#3677 = CARTESIAN_POINT('',(-0.127,-0.2285,-2.843));
#3678 = LINE('',#3679,#3680);
#3679 = CARTESIAN_POINT('',(-0.127,-0.2285,-2.843));
#3680 = VECTOR('',#3681,1.);
#3681 = DIRECTION('',(0.,0.,1.));
#3682 = ORIENTED_EDGE('',*,*,#3683,.F.);
#3683 = EDGE_CURVE('',#3684,#3676,#3686,.T.);
#3684 = VERTEX_POINT('',#3685);
#3685 = CARTESIAN_POINT('',(-0.127,-0.11425,-3.3));
#3686 = LINE('',#3687,#3688);
#3687 = CARTESIAN_POINT('',(-0.127,-0.11425,-3.3));
#3688 = VECTOR('',#3689,1.);
#3689 = DIRECTION('',(1.077074540829E-16,-0.242535625036,0.970142500145)
  );
#3690 = ORIENTED_EDGE('',*,*,#3691,.F.);
#3691 = EDGE_CURVE('',#3638,#3684,#3692,.T.);
#3692 = LINE('',#3693,#3694);
#3693 = CARTESIAN_POINT('',(-0.127,0.11425,-3.3));
#3694 = VECTOR('',#3695,1.);
#3695 = DIRECTION('',(4.440892098501E-16,-1.,0.));
#3696 = ORIENTED_EDGE('',*,*,#3645,.F.);
#3697 = PLANE('',#3698);
#3698 = AXIS2_PLACEMENT_3D('',#3699,#3700,#3701);
#3699 = CARTESIAN_POINT('',(-0.127,0.2285,2.157));
#3700 = DIRECTION('',(1.,4.440892098501E-16,0.));
#3701 = DIRECTION('',(0.,0.,-1.));
#3702 = ADVANCED_FACE('',(#3703),#3709,.T.);
#3703 = FACE_BOUND('',#3704,.T.);
#3704 = EDGE_LOOP('',(#3705,#3706,#3707,#3708));
#3705 = ORIENTED_EDGE('',*,*,#3571,.T.);
#3706 = ORIENTED_EDGE('',*,*,#1710,.T.);
#3707 = ORIENTED_EDGE('',*,*,#3660,.F.);
#3708 = ORIENTED_EDGE('',*,*,#1848,.F.);
#3709 = CYLINDRICAL_SURFACE('',#3710,0.381);
#3710 = AXIS2_PLACEMENT_3D('',#3711,#3712,#3713);
#3711 = CARTESIAN_POINT('',(0.254,-0.762,1.776));
#3712 = DIRECTION('',(-4.440892098501E-16,1.,0.));
#3713 = DIRECTION('',(0.,0.,1.));
#3714 = ADVANCED_FACE('',(#3715),#3763,.T.);
#3715 = FACE_BOUND('',#3716,.T.);
#3716 = EDGE_LOOP('',(#3717,#3718,#3724,#3725,#3733,#3741,#3749,#3757));
#3717 = ORIENTED_EDGE('',*,*,#1760,.F.);
#3718 = ORIENTED_EDGE('',*,*,#3719,.T.);
#3719 = EDGE_CURVE('',#1761,#1932,#3720,.T.);
#3720 = LINE('',#3721,#3722);
#3721 = CARTESIAN_POINT('',(-0.127,-7.8485,1.776));
#3722 = VECTOR('',#3723,1.);
#3723 = DIRECTION('',(-4.440892098501E-16,1.,0.));
#3724 = ORIENTED_EDGE('',*,*,#1940,.F.);
#3725 = ORIENTED_EDGE('',*,*,#3726,.F.);
#3726 = EDGE_CURVE('',#3727,#1941,#3729,.T.);
#3727 = VERTEX_POINT('',#3728);
#3728 = CARTESIAN_POINT('',(-0.127,-7.3915,0.));
#3729 = LINE('',#3730,#3731);
#3730 = CARTESIAN_POINT('',(-0.127,-7.3915,0.));
#3731 = VECTOR('',#3732,1.);
#3732 = DIRECTION('',(-4.440892098501E-16,1.,0.));
#3733 = ORIENTED_EDGE('',*,*,#3734,.F.);
#3734 = EDGE_CURVE('',#3735,#3727,#3737,.T.);
#3735 = VERTEX_POINT('',#3736);
#3736 = CARTESIAN_POINT('',(-0.127,-7.3915,-2.843));
#3737 = LINE('',#3738,#3739);
#3738 = CARTESIAN_POINT('',(-0.127,-7.3915,-2.843));
#3739 = VECTOR('',#3740,1.);
#3740 = DIRECTION('',(0.,0.,1.));
#3741 = ORIENTED_EDGE('',*,*,#3742,.F.);
#3742 = EDGE_CURVE('',#3743,#3735,#3745,.T.);
#3743 = VERTEX_POINT('',#3744);
#3744 = CARTESIAN_POINT('',(-0.127,-7.50575,-3.3));
#3745 = LINE('',#3746,#3747);
#3746 = CARTESIAN_POINT('',(-0.127,-7.50575,-3.3));
#3747 = VECTOR('',#3748,1.);
#3748 = DIRECTION('',(-1.077074540829E-16,0.242535625036,0.970142500145)
  );
#3749 = ORIENTED_EDGE('',*,*,#3750,.F.);
#3750 = EDGE_CURVE('',#3751,#3743,#3753,.T.);
#3751 = VERTEX_POINT('',#3752);
#3752 = CARTESIAN_POINT('',(-0.127,-7.73425,-3.3));
#3753 = LINE('',#3754,#3755);
#3754 = CARTESIAN_POINT('',(-0.127,-7.73425,-3.3));
#3755 = VECTOR('',#3756,1.);
#3756 = DIRECTION('',(-4.440892098501E-16,1.,0.));
#3757 = ORIENTED_EDGE('',*,*,#3758,.F.);
#3758 = EDGE_CURVE('',#1763,#3751,#3759,.T.);
#3759 = LINE('',#3760,#3761);
#3760 = CARTESIAN_POINT('',(-0.127,-7.8485,-2.843));
#3761 = VECTOR('',#3762,1.);
#3762 = DIRECTION('',(-1.077074540829E-16,0.242535625036,-0.970142500145
    ));
#3763 = PLANE('',#3764);
#3764 = AXIS2_PLACEMENT_3D('',#3765,#3766,#3767);
#3765 = CARTESIAN_POINT('',(-0.127,-7.8485,2.157));
#3766 = DIRECTION('',(-1.,-4.440892098501E-16,0.));
#3767 = DIRECTION('',(0.,0.,1.));
#3768 = ADVANCED_FACE('',(#3769),#3787,.F.);
#3769 = FACE_BOUND('',#3770,.F.);
#3770 = EDGE_LOOP('',(#3771,#3772,#3780,#3786));
#3771 = ORIENTED_EDGE('',*,*,#1804,.T.);
#3772 = ORIENTED_EDGE('',*,*,#3773,.T.);
#3773 = EDGE_CURVE('',#1797,#3774,#3776,.T.);
#3774 = VERTEX_POINT('',#3775);
#3775 = CARTESIAN_POINT('',(0.127,-7.73425,-3.3));
#3776 = LINE('',#3777,#3778);
#3777 = CARTESIAN_POINT('',(0.127,-7.8485,-2.843));
#3778 = VECTOR('',#3779,1.);
#3779 = DIRECTION('',(-1.077074540829E-16,0.242535625036,-0.970142500145
    ));
#3780 = ORIENTED_EDGE('',*,*,#3781,.F.);
#3781 = EDGE_CURVE('',#3751,#3774,#3782,.T.);
#3782 = LINE('',#3783,#3784);
#3783 = CARTESIAN_POINT('',(-0.127,-7.73425,-3.3));
#3784 = VECTOR('',#3785,1.);
#3785 = DIRECTION('',(1.,4.440892098501E-16,0.));
#3786 = ORIENTED_EDGE('',*,*,#3758,.F.);
#3787 = PLANE('',#3788);
#3788 = AXIS2_PLACEMENT_3D('',#3789,#3790,#3791);
#3789 = CARTESIAN_POINT('',(-0.127,-7.8485,-2.843));
#3790 = DIRECTION('',(-4.308298163317E-16,0.970142500145,0.242535625036)
  );
#3791 = DIRECTION('',(-1.077074540829E-16,0.242535625036,-0.970142500145
    ));
#3792 = ADVANCED_FACE('',(#3793),#3829,.F.);
#3793 = FACE_BOUND('',#3794,.F.);
#3794 = EDGE_LOOP('',(#3795,#3796,#3797,#3798,#3806,#3814,#3822,#3828));
#3795 = ORIENTED_EDGE('',*,*,#1796,.F.);
#3796 = ORIENTED_EDGE('',*,*,#1984,.T.);
#3797 = ORIENTED_EDGE('',*,*,#1956,.F.);
#3798 = ORIENTED_EDGE('',*,*,#3799,.F.);
#3799 = EDGE_CURVE('',#3800,#1949,#3802,.T.);
#3800 = VERTEX_POINT('',#3801);
#3801 = CARTESIAN_POINT('',(0.127,-7.3915,0.));
#3802 = LINE('',#3803,#3804);
#3803 = CARTESIAN_POINT('',(0.127,-7.3915,0.));
#3804 = VECTOR('',#3805,1.);
#3805 = DIRECTION('',(-4.440892098501E-16,1.,0.));
#3806 = ORIENTED_EDGE('',*,*,#3807,.F.);
#3807 = EDGE_CURVE('',#3808,#3800,#3810,.T.);
#3808 = VERTEX_POINT('',#3809);
#3809 = CARTESIAN_POINT('',(0.127,-7.3915,-2.843));
#3810 = LINE('',#3811,#3812);
#3811 = CARTESIAN_POINT('',(0.127,-7.3915,-2.843));
#3812 = VECTOR('',#3813,1.);
#3813 = DIRECTION('',(0.,0.,1.));
#3814 = ORIENTED_EDGE('',*,*,#3815,.F.);
#3815 = EDGE_CURVE('',#3816,#3808,#3818,.T.);
#3816 = VERTEX_POINT('',#3817);
#3817 = CARTESIAN_POINT('',(0.127,-7.50575,-3.3));
#3818 = LINE('',#3819,#3820);
#3819 = CARTESIAN_POINT('',(0.127,-7.50575,-3.3));
#3820 = VECTOR('',#3821,1.);
#3821 = DIRECTION('',(-1.077074540829E-16,0.242535625036,0.970142500145)
  );
#3822 = ORIENTED_EDGE('',*,*,#3823,.F.);
#3823 = EDGE_CURVE('',#3774,#3816,#3824,.T.);
#3824 = LINE('',#3825,#3826);
#3825 = CARTESIAN_POINT('',(0.127,-7.73425,-3.3));
#3826 = VECTOR('',#3827,1.);
#3827 = DIRECTION('',(-4.440892098501E-16,1.,0.));
#3828 = ORIENTED_EDGE('',*,*,#3773,.F.);
#3829 = PLANE('',#3830);
#3830 = AXIS2_PLACEMENT_3D('',#3831,#3832,#3833);
#3831 = CARTESIAN_POINT('',(0.127,-7.8485,2.157));
#3832 = DIRECTION('',(-1.,-4.440892098501E-16,0.));
#3833 = DIRECTION('',(0.,0.,1.));
#3834 = ADVANCED_FACE('',(#3835),#3848,.T.);
#3835 = FACE_BOUND('',#3836,.T.);
#3836 = EDGE_LOOP('',(#3837,#3838,#3839,#3840,#3841,#3847));
#3837 = ORIENTED_EDGE('',*,*,#1818,.F.);
#3838 = ORIENTED_EDGE('',*,*,#3538,.F.);
#3839 = ORIENTED_EDGE('',*,*,#2154,.F.);
#3840 = ORIENTED_EDGE('',*,*,#1923,.F.);
#3841 = ORIENTED_EDGE('',*,*,#3842,.F.);
#3842 = EDGE_CURVE('',#1771,#1924,#3843,.T.);
#3843 = LINE('',#3844,#3845);
#3844 = CARTESIAN_POINT('',(0.254,-7.8485,2.157));
#3845 = VECTOR('',#3846,1.);
#3846 = DIRECTION('',(-4.440892098501E-16,1.,0.));
#3847 = ORIENTED_EDGE('',*,*,#1779,.F.);
#3848 = PLANE('',#3849);
#3849 = AXIS2_PLACEMENT_3D('',#3850,#3851,#3852);
#3850 = CARTESIAN_POINT('',(3.81,-7.8485,2.157));
#3851 = DIRECTION('',(0.,0.,1.));
#3852 = DIRECTION('',(-4.440892098501E-16,1.,0.));
#3853 = ADVANCED_FACE('',(#3854),#3860,.T.);
#3854 = FACE_BOUND('',#3855,.T.);
#3855 = EDGE_LOOP('',(#3856,#3857,#3858,#3859));
#3856 = ORIENTED_EDGE('',*,*,#1770,.T.);
#3857 = ORIENTED_EDGE('',*,*,#3842,.T.);
#3858 = ORIENTED_EDGE('',*,*,#1931,.F.);
#3859 = ORIENTED_EDGE('',*,*,#3719,.F.);
#3860 = CYLINDRICAL_SURFACE('',#3861,0.381);
#3861 = AXIS2_PLACEMENT_3D('',#3862,#3863,#3864);
#3862 = CARTESIAN_POINT('',(0.254,-7.8485,1.776));
#3863 = DIRECTION('',(-4.440892098501E-16,1.,0.));
#3864 = DIRECTION('',(-1.,-4.440892098501E-16,0.));
#3865 = ADVANCED_FACE('',(#3866),#3877,.T.);
#3866 = FACE_BOUND('',#3867,.T.);
#3867 = EDGE_LOOP('',(#3868,#3874,#3875,#3876));
#3868 = ORIENTED_EDGE('',*,*,#3869,.T.);
#3869 = EDGE_CURVE('',#3668,#3590,#3870,.T.);
#3870 = LINE('',#3871,#3872);
#3871 = CARTESIAN_POINT('',(-0.127,-0.2285,0.));
#3872 = VECTOR('',#3873,1.);
#3873 = DIRECTION('',(1.,4.440892098501E-16,0.));
#3874 = ORIENTED_EDGE('',*,*,#3589,.T.);
#3875 = ORIENTED_EDGE('',*,*,#1867,.F.);
#3876 = ORIENTED_EDGE('',*,*,#3667,.F.);
#3877 = PLANE('',#3878);
#3878 = AXIS2_PLACEMENT_3D('',#3879,#3880,#3881);
#3879 = CARTESIAN_POINT('',(-0.127,-0.2285,0.));
#3880 = DIRECTION('',(0.,0.,-1.));
#3881 = DIRECTION('',(4.440892098501E-16,-1.,0.));
#3882 = ADVANCED_FACE('',(#3883),#3894,.F.);
#3883 = FACE_BOUND('',#3884,.F.);
#3884 = EDGE_LOOP('',(#3885,#3891,#3892,#3893));
#3885 = ORIENTED_EDGE('',*,*,#3886,.T.);
#3886 = EDGE_CURVE('',#3727,#3800,#3887,.T.);
#3887 = LINE('',#3888,#3889);
#3888 = CARTESIAN_POINT('',(-0.127,-7.3915,0.));
#3889 = VECTOR('',#3890,1.);
#3890 = DIRECTION('',(1.,4.440892098501E-16,0.));
#3891 = ORIENTED_EDGE('',*,*,#3799,.T.);
#3892 = ORIENTED_EDGE('',*,*,#1948,.F.);
#3893 = ORIENTED_EDGE('',*,*,#3726,.F.);
#3894 = PLANE('',#3895);
#3895 = AXIS2_PLACEMENT_3D('',#3896,#3897,#3898);
#3896 = CARTESIAN_POINT('',(-0.127,-7.3915,0.));
#3897 = DIRECTION('',(0.,0.,1.));
#3898 = DIRECTION('',(-4.440892098501E-16,1.,0.));
#3899 = ADVANCED_FACE('',(#3900),#3913,.T.);
#3900 = FACE_BOUND('',#3901,.T.);
#3901 = EDGE_LOOP('',(#3902,#3903,#3904,#3905,#3906,#3912));
#3902 = ORIENTED_EDGE('',*,*,#2326,.F.);
#3903 = ORIENTED_EDGE('',*,*,#3524,.F.);
#3904 = ORIENTED_EDGE('',*,*,#2007,.F.);
#3905 = ORIENTED_EDGE('',*,*,#2040,.F.);
#3906 = ORIENTED_EDGE('',*,*,#3907,.F.);
#3907 = EDGE_CURVE('',#2177,#2030,#3908,.T.);
#3908 = LINE('',#3909,#3910);
#3909 = CARTESIAN_POINT('',(0.254,-3.302,2.157));
#3910 = VECTOR('',#3911,1.);
#3911 = DIRECTION('',(-4.440892098501E-16,1.,0.));
#3912 = ORIENTED_EDGE('',*,*,#2187,.F.);
#3913 = PLANE('',#3914);
#3914 = AXIS2_PLACEMENT_3D('',#3915,#3916,#3917);
#3915 = CARTESIAN_POINT('',(3.683,-3.302,2.157));
#3916 = DIRECTION('',(0.,0.,1.));
#3917 = DIRECTION('',(-4.440892098501E-16,1.,0.));
#3918 = ADVANCED_FACE('',(#3919),#3930,.T.);
#3919 = FACE_BOUND('',#3920,.T.);
#3920 = EDGE_LOOP('',(#3921,#3922,#3923,#3929));
#3921 = ORIENTED_EDGE('',*,*,#3907,.T.);
#3922 = ORIENTED_EDGE('',*,*,#2029,.T.);
#3923 = ORIENTED_EDGE('',*,*,#3924,.F.);
#3924 = EDGE_CURVE('',#2179,#2032,#3925,.T.);
#3925 = LINE('',#3926,#3927);
#3926 = CARTESIAN_POINT('',(-0.127,-3.302,1.776));
#3927 = VECTOR('',#3928,1.);
#3928 = DIRECTION('',(-4.440892098501E-16,1.,0.));
#3929 = ORIENTED_EDGE('',*,*,#2176,.F.);
#3930 = CYLINDRICAL_SURFACE('',#3931,0.381);
#3931 = AXIS2_PLACEMENT_3D('',#3932,#3933,#3934);
#3932 = CARTESIAN_POINT('',(0.254,-3.302,1.776));
#3933 = DIRECTION('',(-4.440892098501E-16,1.,0.));
#3934 = DIRECTION('',(0.,0.,1.));
#3935 = ADVANCED_FACE('',(#3936),#3995,.F.);
#3936 = FACE_BOUND('',#3937,.F.);
#3937 = EDGE_LOOP('',(#3938,#3939,#3940,#3941,#3949,#3957,#3965,#3973,
    #3981,#3989));
#3938 = ORIENTED_EDGE('',*,*,#2073,.F.);
#3939 = ORIENTED_EDGE('',*,*,#3924,.F.);
#3940 = ORIENTED_EDGE('',*,*,#2220,.F.);
#3941 = ORIENTED_EDGE('',*,*,#3942,.F.);
#3942 = EDGE_CURVE('',#3943,#2213,#3945,.T.);
#3943 = VERTEX_POINT('',#3944);
#3944 = CARTESIAN_POINT('',(-0.127,-2.7685,0.));
#3945 = LINE('',#3946,#3947);
#3946 = CARTESIAN_POINT('',(-0.127,-2.7685,0.));
#3947 = VECTOR('',#3948,1.);
#3948 = DIRECTION('',(4.440892098501E-16,-1.,0.));
#3949 = ORIENTED_EDGE('',*,*,#3950,.F.);
#3950 = EDGE_CURVE('',#3951,#3943,#3953,.T.);
#3951 = VERTEX_POINT('',#3952);
#3952 = CARTESIAN_POINT('',(-0.127,-2.7685,-2.843));
#3953 = LINE('',#3954,#3955);
#3954 = CARTESIAN_POINT('',(-0.127,-2.7685,-2.843));
#3955 = VECTOR('',#3956,1.);
#3956 = DIRECTION('',(0.,0.,1.));
#3957 = ORIENTED_EDGE('',*,*,#3958,.F.);
#3958 = EDGE_CURVE('',#3959,#3951,#3961,.T.);
#3959 = VERTEX_POINT('',#3960);
#3960 = CARTESIAN_POINT('',(-0.127,-2.65425,-3.3));
#3961 = LINE('',#3962,#3963);
#3962 = CARTESIAN_POINT('',(-0.127,-2.65425,-3.3));
#3963 = VECTOR('',#3964,1.);
#3964 = DIRECTION('',(1.077074540829E-16,-0.242535625036,0.970142500145)
  );
#3965 = ORIENTED_EDGE('',*,*,#3966,.F.);
#3966 = EDGE_CURVE('',#3967,#3959,#3969,.T.);
#3967 = VERTEX_POINT('',#3968);
#3968 = CARTESIAN_POINT('',(-0.127,-2.42575,-3.3));
#3969 = LINE('',#3970,#3971);
#3970 = CARTESIAN_POINT('',(-0.127,-2.42575,-3.3));
#3971 = VECTOR('',#3972,1.);
#3972 = DIRECTION('',(4.440892098501E-16,-1.,0.));
#3973 = ORIENTED_EDGE('',*,*,#3974,.F.);
#3974 = EDGE_CURVE('',#3975,#3967,#3977,.T.);
#3975 = VERTEX_POINT('',#3976);
#3976 = CARTESIAN_POINT('',(-0.127,-2.3115,-2.843));
#3977 = LINE('',#3978,#3979);
#3978 = CARTESIAN_POINT('',(-0.127,-2.3115,-2.843));
#3979 = VECTOR('',#3980,1.);
#3980 = DIRECTION('',(1.077074540829E-16,-0.242535625036,-0.970142500145
    ));
#3981 = ORIENTED_EDGE('',*,*,#3982,.F.);
#3982 = EDGE_CURVE('',#3983,#3975,#3985,.T.);
#3983 = VERTEX_POINT('',#3984);
#3984 = CARTESIAN_POINT('',(-0.127,-2.3115,0.));
#3985 = LINE('',#3986,#3987);
#3986 = CARTESIAN_POINT('',(-0.127,-2.3115,0.));
#3987 = VECTOR('',#3988,1.);
#3988 = DIRECTION('',(-0.,0.,-1.));
#3989 = ORIENTED_EDGE('',*,*,#3990,.F.);
#3990 = EDGE_CURVE('',#2066,#3983,#3991,.T.);
#3991 = LINE('',#3992,#3993);
#3992 = CARTESIAN_POINT('',(-0.127,-1.778,0.));
#3993 = VECTOR('',#3994,1.);
#3994 = DIRECTION('',(4.440892098501E-16,-1.,0.));
#3995 = PLANE('',#3996);
#3996 = AXIS2_PLACEMENT_3D('',#3997,#3998,#3999);
#3997 = CARTESIAN_POINT('',(-0.127,-1.778,2.157));
#3998 = DIRECTION('',(1.,4.440892098501E-16,0.));
#3999 = DIRECTION('',(0.,0.,-1.));
#4000 = ADVANCED_FACE('',(#4001),#4019,.T.);
#4001 = FACE_BOUND('',#4002,.T.);
#4002 = EDGE_LOOP('',(#4003,#4004,#4012,#4018));
#4003 = ORIENTED_EDGE('',*,*,#2065,.T.);
#4004 = ORIENTED_EDGE('',*,*,#4005,.T.);
#4005 = EDGE_CURVE('',#2058,#4006,#4008,.T.);
#4006 = VERTEX_POINT('',#4007);
#4007 = CARTESIAN_POINT('',(0.127,-2.3115,0.));
#4008 = LINE('',#4009,#4010);
#4009 = CARTESIAN_POINT('',(0.127,-1.778,0.));
#4010 = VECTOR('',#4011,1.);
#4011 = DIRECTION('',(4.440892098501E-16,-1.,0.));
#4012 = ORIENTED_EDGE('',*,*,#4013,.F.);
#4013 = EDGE_CURVE('',#3983,#4006,#4014,.T.);
#4014 = LINE('',#4015,#4016);
#4015 = CARTESIAN_POINT('',(-0.127,-2.3115,0.));
#4016 = VECTOR('',#4017,1.);
#4017 = DIRECTION('',(1.,4.440892098501E-16,0.));
#4018 = ORIENTED_EDGE('',*,*,#3990,.F.);
#4019 = PLANE('',#4020);
#4020 = AXIS2_PLACEMENT_3D('',#4021,#4022,#4023);
#4021 = CARTESIAN_POINT('',(-0.127,-1.778,0.));
#4022 = DIRECTION('',(0.,0.,-1.));
#4023 = DIRECTION('',(4.440892098501E-16,-1.,0.));
#4024 = ADVANCED_FACE('',(#4025),#4077,.T.);
#4025 = FACE_BOUND('',#4026,.T.);
#4026 = EDGE_LOOP('',(#4027,#4028,#4029,#4030,#4038,#4046,#4054,#4062,
    #4070,#4076));
#4027 = ORIENTED_EDGE('',*,*,#2057,.F.);
#4028 = ORIENTED_EDGE('',*,*,#2234,.T.);
#4029 = ORIENTED_EDGE('',*,*,#2204,.F.);
#4030 = ORIENTED_EDGE('',*,*,#4031,.F.);
#4031 = EDGE_CURVE('',#4032,#2205,#4034,.T.);
#4032 = VERTEX_POINT('',#4033);
#4033 = CARTESIAN_POINT('',(0.127,-2.7685,0.));
#4034 = LINE('',#4035,#4036);
#4035 = CARTESIAN_POINT('',(0.127,-2.7685,0.));
#4036 = VECTOR('',#4037,1.);
#4037 = DIRECTION('',(4.440892098501E-16,-1.,0.));
#4038 = ORIENTED_EDGE('',*,*,#4039,.F.);
#4039 = EDGE_CURVE('',#4040,#4032,#4042,.T.);
#4040 = VERTEX_POINT('',#4041);
#4041 = CARTESIAN_POINT('',(0.127,-2.7685,-2.843));
#4042 = LINE('',#4043,#4044);
#4043 = CARTESIAN_POINT('',(0.127,-2.7685,-2.843));
#4044 = VECTOR('',#4045,1.);
#4045 = DIRECTION('',(0.,0.,1.));
#4046 = ORIENTED_EDGE('',*,*,#4047,.F.);
#4047 = EDGE_CURVE('',#4048,#4040,#4050,.T.);
#4048 = VERTEX_POINT('',#4049);
#4049 = CARTESIAN_POINT('',(0.127,-2.65425,-3.3));
#4050 = LINE('',#4051,#4052);
#4051 = CARTESIAN_POINT('',(0.127,-2.65425,-3.3));
#4052 = VECTOR('',#4053,1.);
#4053 = DIRECTION('',(1.077074540829E-16,-0.242535625036,0.970142500145)
  );
#4054 = ORIENTED_EDGE('',*,*,#4055,.F.);
#4055 = EDGE_CURVE('',#4056,#4048,#4058,.T.);
#4056 = VERTEX_POINT('',#4057);
#4057 = CARTESIAN_POINT('',(0.127,-2.42575,-3.3));
#4058 = LINE('',#4059,#4060);
#4059 = CARTESIAN_POINT('',(0.127,-2.42575,-3.3));
#4060 = VECTOR('',#4061,1.);
#4061 = DIRECTION('',(4.440892098501E-16,-1.,0.));
#4062 = ORIENTED_EDGE('',*,*,#4063,.F.);
#4063 = EDGE_CURVE('',#4064,#4056,#4066,.T.);
#4064 = VERTEX_POINT('',#4065);
#4065 = CARTESIAN_POINT('',(0.127,-2.3115,-2.843));
#4066 = LINE('',#4067,#4068);
#4067 = CARTESIAN_POINT('',(0.127,-2.3115,-2.843));
#4068 = VECTOR('',#4069,1.);
#4069 = DIRECTION('',(1.077074540829E-16,-0.242535625036,-0.970142500145
    ));
#4070 = ORIENTED_EDGE('',*,*,#4071,.F.);
#4071 = EDGE_CURVE('',#4006,#4064,#4072,.T.);
#4072 = LINE('',#4073,#4074);
#4073 = CARTESIAN_POINT('',(0.127,-2.3115,0.));
#4074 = VECTOR('',#4075,1.);
#4075 = DIRECTION('',(-0.,0.,-1.));
#4076 = ORIENTED_EDGE('',*,*,#4005,.F.);
#4077 = PLANE('',#4078);
#4078 = AXIS2_PLACEMENT_3D('',#4079,#4080,#4081);
#4079 = CARTESIAN_POINT('',(0.127,-1.778,2.157));
#4080 = DIRECTION('',(1.,4.440892098501E-16,0.));
#4081 = DIRECTION('',(0.,0.,-1.));
#4082 = ADVANCED_FACE('',(#4083),#4099,.T.);
#4083 = FACE_BOUND('',#4084,.T.);
#4084 = EDGE_LOOP('',(#4085,#4091,#4092,#4098));
#4085 = ORIENTED_EDGE('',*,*,#4086,.T.);
#4086 = EDGE_CURVE('',#2088,#2252,#4087,.T.);
#4087 = LINE('',#4088,#4089);
#4088 = CARTESIAN_POINT('',(0.254,-5.842,2.157));
#4089 = VECTOR('',#4090,1.);
#4090 = DIRECTION('',(-4.440892098501E-16,1.,0.));
#4091 = ORIENTED_EDGE('',*,*,#2251,.T.);
#4092 = ORIENTED_EDGE('',*,*,#4093,.F.);
#4093 = EDGE_CURVE('',#2090,#2254,#4094,.T.);
#4094 = LINE('',#4095,#4096);
#4095 = CARTESIAN_POINT('',(-0.127,-5.842,1.776));
#4096 = VECTOR('',#4097,1.);
#4097 = DIRECTION('',(-4.440892098501E-16,1.,0.));
#4098 = ORIENTED_EDGE('',*,*,#2087,.F.);
#4099 = CYLINDRICAL_SURFACE('',#4100,0.381);
#4100 = AXIS2_PLACEMENT_3D('',#4101,#4102,#4103);
#4101 = CARTESIAN_POINT('',(0.254,-5.842,1.776));
#4102 = DIRECTION('',(-4.440892098501E-16,1.,0.));
#4103 = DIRECTION('',(0.,0.,1.));
#4104 = ADVANCED_FACE('',(#4105),#4164,.F.);
#4105 = FACE_BOUND('',#4106,.F.);
#4106 = EDGE_LOOP('',(#4107,#4108,#4109,#4110,#4118,#4126,#4134,#4142,
    #4150,#4158));
#4107 = ORIENTED_EDGE('',*,*,#2295,.F.);
#4108 = ORIENTED_EDGE('',*,*,#4093,.F.);
#4109 = ORIENTED_EDGE('',*,*,#2131,.F.);
#4110 = ORIENTED_EDGE('',*,*,#4111,.F.);
#4111 = EDGE_CURVE('',#4112,#2124,#4114,.T.);
#4112 = VERTEX_POINT('',#4113);
#4113 = CARTESIAN_POINT('',(-0.127,-5.3085,0.));
#4114 = LINE('',#4115,#4116);
#4115 = CARTESIAN_POINT('',(-0.127,-5.3085,0.));
#4116 = VECTOR('',#4117,1.);
#4117 = DIRECTION('',(4.440892098501E-16,-1.,0.));
#4118 = ORIENTED_EDGE('',*,*,#4119,.F.);
#4119 = EDGE_CURVE('',#4120,#4112,#4122,.T.);
#4120 = VERTEX_POINT('',#4121);
#4121 = CARTESIAN_POINT('',(-0.127,-5.3085,-2.843));
#4122 = LINE('',#4123,#4124);
#4123 = CARTESIAN_POINT('',(-0.127,-5.3085,-2.843));
#4124 = VECTOR('',#4125,1.);
#4125 = DIRECTION('',(0.,0.,1.));
#4126 = ORIENTED_EDGE('',*,*,#4127,.F.);
#4127 = EDGE_CURVE('',#4128,#4120,#4130,.T.);
#4128 = VERTEX_POINT('',#4129);
#4129 = CARTESIAN_POINT('',(-0.127,-5.19425,-3.3));
#4130 = LINE('',#4131,#4132);
#4131 = CARTESIAN_POINT('',(-0.127,-5.19425,-3.3));
#4132 = VECTOR('',#4133,1.);
#4133 = DIRECTION('',(1.077074540829E-16,-0.242535625036,0.970142500145)
  );
#4134 = ORIENTED_EDGE('',*,*,#4135,.F.);
#4135 = EDGE_CURVE('',#4136,#4128,#4138,.T.);
#4136 = VERTEX_POINT('',#4137);
#4137 = CARTESIAN_POINT('',(-0.127,-4.96575,-3.3));
#4138 = LINE('',#4139,#4140);
#4139 = CARTESIAN_POINT('',(-0.127,-4.96575,-3.3));
#4140 = VECTOR('',#4141,1.);
#4141 = DIRECTION('',(4.440892098501E-16,-1.,0.));
#4142 = ORIENTED_EDGE('',*,*,#4143,.F.);
#4143 = EDGE_CURVE('',#4144,#4136,#4146,.T.);
#4144 = VERTEX_POINT('',#4145);
#4145 = CARTESIAN_POINT('',(-0.127,-4.8515,-2.843));
#4146 = LINE('',#4147,#4148);
#4147 = CARTESIAN_POINT('',(-0.127,-4.8515,-2.843));
#4148 = VECTOR('',#4149,1.);
#4149 = DIRECTION('',(1.077074540829E-16,-0.242535625036,-0.970142500145
    ));
#4150 = ORIENTED_EDGE('',*,*,#4151,.F.);
#4151 = EDGE_CURVE('',#4152,#4144,#4154,.T.);
#4152 = VERTEX_POINT('',#4153);
#4153 = CARTESIAN_POINT('',(-0.127,-4.8515,0.));
#4154 = LINE('',#4155,#4156);
#4155 = CARTESIAN_POINT('',(-0.127,-4.8515,0.));
#4156 = VECTOR('',#4157,1.);
#4157 = DIRECTION('',(-0.,0.,-1.));
#4158 = ORIENTED_EDGE('',*,*,#4159,.F.);
#4159 = EDGE_CURVE('',#2288,#4152,#4160,.T.);
#4160 = LINE('',#4161,#4162);
#4161 = CARTESIAN_POINT('',(-0.127,-4.318,0.));
#4162 = VECTOR('',#4163,1.);
#4163 = DIRECTION('',(4.440892098501E-16,-1.,0.));
#4164 = PLANE('',#4165);
#4165 = AXIS2_PLACEMENT_3D('',#4166,#4167,#4168);
#4166 = CARTESIAN_POINT('',(-0.127,-4.318,2.157));
#4167 = DIRECTION('',(1.,4.440892098501E-16,0.));
#4168 = DIRECTION('',(0.,0.,-1.));
#4169 = ADVANCED_FACE('',(#4170),#4188,.T.);
#4170 = FACE_BOUND('',#4171,.T.);
#4171 = EDGE_LOOP('',(#4172,#4180,#4186,#4187));
#4172 = ORIENTED_EDGE('',*,*,#4173,.T.);
#4173 = EDGE_CURVE('',#4112,#4174,#4176,.T.);
#4174 = VERTEX_POINT('',#4175);
#4175 = CARTESIAN_POINT('',(0.127,-5.3085,0.));
#4176 = LINE('',#4177,#4178);
#4177 = CARTESIAN_POINT('',(-0.127,-5.3085,0.));
#4178 = VECTOR('',#4179,1.);
#4179 = DIRECTION('',(1.,4.440892098501E-16,0.));
#4180 = ORIENTED_EDGE('',*,*,#4181,.T.);
#4181 = EDGE_CURVE('',#4174,#2116,#4182,.T.);
#4182 = LINE('',#4183,#4184);
#4183 = CARTESIAN_POINT('',(0.127,-5.3085,0.));
#4184 = VECTOR('',#4185,1.);
#4185 = DIRECTION('',(4.440892098501E-16,-1.,0.));
#4186 = ORIENTED_EDGE('',*,*,#2123,.F.);
#4187 = ORIENTED_EDGE('',*,*,#4111,.F.);
#4188 = PLANE('',#4189);
#4189 = AXIS2_PLACEMENT_3D('',#4190,#4191,#4192);
#4190 = CARTESIAN_POINT('',(-0.127,-5.3085,0.));
#4191 = DIRECTION('',(0.,0.,-1.));
#4192 = DIRECTION('',(4.440892098501E-16,-1.,0.));
#4193 = ADVANCED_FACE('',(#4194),#4246,.T.);
#4194 = FACE_BOUND('',#4195,.T.);
#4195 = EDGE_LOOP('',(#4196,#4197,#4198,#4199,#4200,#4208,#4216,#4224,
    #4232,#4240));
#4196 = ORIENTED_EDGE('',*,*,#2279,.F.);
#4197 = ORIENTED_EDGE('',*,*,#2309,.T.);
#4198 = ORIENTED_EDGE('',*,*,#2115,.F.);
#4199 = ORIENTED_EDGE('',*,*,#4181,.F.);
#4200 = ORIENTED_EDGE('',*,*,#4201,.F.);
#4201 = EDGE_CURVE('',#4202,#4174,#4204,.T.);
#4202 = VERTEX_POINT('',#4203);
#4203 = CARTESIAN_POINT('',(0.127,-5.3085,-2.843));
#4204 = LINE('',#4205,#4206);
#4205 = CARTESIAN_POINT('',(0.127,-5.3085,-2.843));
#4206 = VECTOR('',#4207,1.);
#4207 = DIRECTION('',(0.,0.,1.));
#4208 = ORIENTED_EDGE('',*,*,#4209,.F.);
#4209 = EDGE_CURVE('',#4210,#4202,#4212,.T.);
#4210 = VERTEX_POINT('',#4211);
#4211 = CARTESIAN_POINT('',(0.127,-5.19425,-3.3));
#4212 = LINE('',#4213,#4214);
#4213 = CARTESIAN_POINT('',(0.127,-5.19425,-3.3));
#4214 = VECTOR('',#4215,1.);
#4215 = DIRECTION('',(1.077074540829E-16,-0.242535625036,0.970142500145)
  );
#4216 = ORIENTED_EDGE('',*,*,#4217,.F.);
#4217 = EDGE_CURVE('',#4218,#4210,#4220,.T.);
#4218 = VERTEX_POINT('',#4219);
#4219 = CARTESIAN_POINT('',(0.127,-4.96575,-3.3));
#4220 = LINE('',#4221,#4222);
#4221 = CARTESIAN_POINT('',(0.127,-4.96575,-3.3));
#4222 = VECTOR('',#4223,1.);
#4223 = DIRECTION('',(4.440892098501E-16,-1.,0.));
#4224 = ORIENTED_EDGE('',*,*,#4225,.F.);
#4225 = EDGE_CURVE('',#4226,#4218,#4228,.T.);
#4226 = VERTEX_POINT('',#4227);
#4227 = CARTESIAN_POINT('',(0.127,-4.8515,-2.843));
#4228 = LINE('',#4229,#4230);
#4229 = CARTESIAN_POINT('',(0.127,-4.8515,-2.843));
#4230 = VECTOR('',#4231,1.);
#4231 = DIRECTION('',(1.077074540829E-16,-0.242535625036,-0.970142500145
    ));
#4232 = ORIENTED_EDGE('',*,*,#4233,.F.);
#4233 = EDGE_CURVE('',#4234,#4226,#4236,.T.);
#4234 = VERTEX_POINT('',#4235);
#4235 = CARTESIAN_POINT('',(0.127,-4.8515,0.));
#4236 = LINE('',#4237,#4238);
#4237 = CARTESIAN_POINT('',(0.127,-4.8515,0.));
#4238 = VECTOR('',#4239,1.);
#4239 = DIRECTION('',(-0.,0.,-1.));
#4240 = ORIENTED_EDGE('',*,*,#4241,.F.);
#4241 = EDGE_CURVE('',#2280,#4234,#4242,.T.);
#4242 = LINE('',#4243,#4244);
#4243 = CARTESIAN_POINT('',(0.127,-4.318,0.));
#4244 = VECTOR('',#4245,1.);
#4245 = DIRECTION('',(4.440892098501E-16,-1.,0.));
#4246 = PLANE('',#4247);
#4247 = AXIS2_PLACEMENT_3D('',#4248,#4249,#4250);
#4248 = CARTESIAN_POINT('',(0.127,-4.318,2.157));
#4249 = DIRECTION('',(1.,4.440892098501E-16,0.));
#4250 = DIRECTION('',(0.,0.,-1.));
#4251 = ADVANCED_FACE('',(#4252),#4260,.T.);
#4252 = FACE_BOUND('',#4253,.T.);
#4253 = EDGE_LOOP('',(#4254,#4255,#4256,#4257,#4258,#4259));
#4254 = ORIENTED_EDGE('',*,*,#2145,.F.);
#4255 = ORIENTED_EDGE('',*,*,#3531,.F.);
#4256 = ORIENTED_EDGE('',*,*,#2335,.F.);
#4257 = ORIENTED_EDGE('',*,*,#2262,.F.);
#4258 = ORIENTED_EDGE('',*,*,#4086,.F.);
#4259 = ORIENTED_EDGE('',*,*,#2098,.F.);
#4260 = PLANE('',#4261);
#4261 = AXIS2_PLACEMENT_3D('',#4262,#4263,#4264);
#4262 = CARTESIAN_POINT('',(3.683,-5.842,2.157));
#4263 = DIRECTION('',(0.,0.,1.));
#4264 = DIRECTION('',(-4.440892098501E-16,1.,0.));
#4265 = ADVANCED_FACE('',(#4266),#4277,.T.);
#4266 = FACE_BOUND('',#4267,.T.);
#4267 = EDGE_LOOP('',(#4268,#4274,#4275,#4276));
#4268 = ORIENTED_EDGE('',*,*,#4269,.T.);
#4269 = EDGE_CURVE('',#3943,#4032,#4270,.T.);
#4270 = LINE('',#4271,#4272);
#4271 = CARTESIAN_POINT('',(-0.127,-2.7685,0.));
#4272 = VECTOR('',#4273,1.);
#4273 = DIRECTION('',(1.,4.440892098501E-16,0.));
#4274 = ORIENTED_EDGE('',*,*,#4031,.T.);
#4275 = ORIENTED_EDGE('',*,*,#2212,.F.);
#4276 = ORIENTED_EDGE('',*,*,#3942,.F.);
#4277 = PLANE('',#4278);
#4278 = AXIS2_PLACEMENT_3D('',#4279,#4280,#4281);
#4279 = CARTESIAN_POINT('',(-0.127,-2.7685,0.));
#4280 = DIRECTION('',(0.,0.,-1.));
#4281 = DIRECTION('',(4.440892098501E-16,-1.,0.));
#4282 = ADVANCED_FACE('',(#4283),#4294,.T.);
#4283 = FACE_BOUND('',#4284,.T.);
#4284 = EDGE_LOOP('',(#4285,#4286,#4287,#4293));
#4285 = ORIENTED_EDGE('',*,*,#2287,.T.);
#4286 = ORIENTED_EDGE('',*,*,#4241,.T.);
#4287 = ORIENTED_EDGE('',*,*,#4288,.F.);
#4288 = EDGE_CURVE('',#4152,#4234,#4289,.T.);
#4289 = LINE('',#4290,#4291);
#4290 = CARTESIAN_POINT('',(-0.127,-4.8515,0.));
#4291 = VECTOR('',#4292,1.);
#4292 = DIRECTION('',(1.,4.440892098501E-16,0.));
#4293 = ORIENTED_EDGE('',*,*,#4159,.F.);
#4294 = PLANE('',#4295);
#4295 = AXIS2_PLACEMENT_3D('',#4296,#4297,#4298);
#4296 = CARTESIAN_POINT('',(-0.127,-4.318,0.));
#4297 = DIRECTION('',(0.,0.,-1.));
#4298 = DIRECTION('',(4.440892098501E-16,-1.,0.));
#4299 = ADVANCED_FACE('',(#4300),#4311,.T.);
#4300 = FACE_BOUND('',#4301,.T.);
#4301 = EDGE_LOOP('',(#4302,#4303,#4304,#4310));
#4302 = ORIENTED_EDGE('',*,*,#2359,.T.);
#4303 = ORIENTED_EDGE('',*,*,#2418,.T.);
#4304 = ORIENTED_EDGE('',*,*,#4305,.F.);
#4305 = EDGE_CURVE('',#3546,#2411,#4306,.T.);
#4306 = LINE('',#4307,#4308);
#4307 = CARTESIAN_POINT('',(1.033723643423,-8.046276356577,3.68));
#4308 = VECTOR('',#4309,1.);
#4309 = DIRECTION('',(1.,4.440892098501E-16,0.));
#4310 = ORIENTED_EDGE('',*,*,#3545,.F.);
#4311 = B_SPLINE_SURFACE_WITH_KNOTS('',1,1,(
    (#4312,#4313)
    ,(#4314,#4315
    )),.UNSPECIFIED.,.F.,.F.,.F.,(2,2),(2,2),(0.,6.2),(0.,1.),
  .PIECEWISE_BEZIER_KNOTS.);
#4312 = CARTESIAN_POINT('',(0.71,-8.37,2.157));
#4313 = CARTESIAN_POINT('',(1.033723643423,-8.046276356577,3.68));
#4314 = CARTESIAN_POINT('',(6.91,-8.37,2.157));
#4315 = CARTESIAN_POINT('',(6.586276356577,-8.046276356577,3.68));
#4316 = ADVANCED_FACE('',(#4317),#4340,.F.);
#4317 = FACE_BOUND('',#4318,.F.);
#4318 = EDGE_LOOP('',(#4319,#4320,#4321,#4322,#4323,#4332,#4339));
#4319 = ORIENTED_EDGE('',*,*,#2410,.F.);
#4320 = ORIENTED_EDGE('',*,*,#4305,.F.);
#4321 = ORIENTED_EDGE('',*,*,#3552,.F.);
#4322 = ORIENTED_EDGE('',*,*,#3176,.F.);
#4323 = ORIENTED_EDGE('',*,*,#4324,.F.);
#4324 = EDGE_CURVE('',#4325,#3177,#4327,.T.);
#4325 = VERTEX_POINT('',#4326);
#4326 = CARTESIAN_POINT('',(3.81,-0.248723643423,3.68));
#4327 = CIRCLE('',#4328,0.75);
#4328 = AXIS2_PLACEMENT_3D('',#4329,#4330,#4331);
#4329 = CARTESIAN_POINT('',(3.81,0.501276356577,3.68));
#4330 = DIRECTION('',(0.,-0.,-1.));
#4331 = DIRECTION('',(4.440892098501E-16,-1.,0.));
#4332 = ORIENTED_EDGE('',*,*,#4333,.F.);
#4333 = EDGE_CURVE('',#3397,#4325,#4334,.T.);
#4334 = CIRCLE('',#4335,0.75);
#4335 = AXIS2_PLACEMENT_3D('',#4336,#4337,#4338);
#4336 = CARTESIAN_POINT('',(3.81,0.501276356577,3.68));
#4337 = DIRECTION('',(0.,-0.,-1.));
#4338 = DIRECTION('',(4.440892098501E-16,-1.,0.));
#4339 = ORIENTED_EDGE('',*,*,#3502,.F.);
#4340 = PLANE('',#4341);
#4341 = AXIS2_PLACEMENT_3D('',#4342,#4343,#4344);
#4342 = CARTESIAN_POINT('',(6.586276356577,-8.046276356577,3.68));
#4343 = DIRECTION('',(-0.,0.,-1.));
#4344 = DIRECTION('',(-0.548134684942,0.836390080742,0.));
#4345 = ADVANCED_FACE('',(#4346),#4357,.T.);
#4346 = FACE_BOUND('',#4347,.T.);
#4347 = EDGE_LOOP('',(#4348,#4349,#4350,#4356));
#4348 = ORIENTED_EDGE('',*,*,#2501,.T.);
#4349 = ORIENTED_EDGE('',*,*,#2477,.T.);
#4350 = ORIENTED_EDGE('',*,*,#4351,.F.);
#4351 = EDGE_CURVE('',#2548,#2470,#4352,.T.);
#4352 = LINE('',#4353,#4354);
#4353 = CARTESIAN_POINT('',(7.747,-7.50575,-3.3));
#4354 = VECTOR('',#4355,1.);
#4355 = DIRECTION('',(-1.,-3.216245299353E-16,0.));
#4356 = ORIENTED_EDGE('',*,*,#2555,.F.);
#4357 = PLANE('',#4358);
#4358 = AXIS2_PLACEMENT_3D('',#4359,#4360,#4361);
#4359 = CARTESIAN_POINT('',(7.747,-7.73425,-3.3));
#4360 = DIRECTION('',(-0.,0.,-1.));
#4361 = DIRECTION('',(-3.216245299353E-16,1.,0.));
#4362 = ADVANCED_FACE('',(#4363),#4374,.T.);
#4363 = FACE_BOUND('',#4364,.T.);
#4364 = EDGE_LOOP('',(#4365,#4366,#4367,#4373));
#4365 = ORIENTED_EDGE('',*,*,#4351,.T.);
#4366 = ORIENTED_EDGE('',*,*,#2469,.T.);
#4367 = ORIENTED_EDGE('',*,*,#4368,.F.);
#4368 = EDGE_CURVE('',#2540,#2462,#4369,.T.);
#4369 = LINE('',#4370,#4371);
#4370 = CARTESIAN_POINT('',(7.747,-7.3915,-2.843));
#4371 = VECTOR('',#4372,1.);
#4372 = DIRECTION('',(-1.,-3.216245299353E-16,0.));
#4373 = ORIENTED_EDGE('',*,*,#2547,.F.);
#4374 = PLANE('',#4375);
#4375 = AXIS2_PLACEMENT_3D('',#4376,#4377,#4378);
#4376 = CARTESIAN_POINT('',(7.747,-7.50575,-3.3));
#4377 = DIRECTION('',(-3.120216255796E-16,0.970142500145,-0.242535625036
    ));
#4378 = DIRECTION('',(-7.800540639491E-17,0.242535625036,0.970142500145)
  );
#4379 = ADVANCED_FACE('',(#4380),#4386,.T.);
#4380 = FACE_BOUND('',#4381,.T.);
#4381 = EDGE_LOOP('',(#4382,#4383,#4384,#4385));
#4382 = ORIENTED_EDGE('',*,*,#4368,.T.);
#4383 = ORIENTED_EDGE('',*,*,#2461,.T.);
#4384 = ORIENTED_EDGE('',*,*,#2733,.F.);
#4385 = ORIENTED_EDGE('',*,*,#2539,.F.);
#4386 = PLANE('',#4387);
#4387 = AXIS2_PLACEMENT_3D('',#4388,#4389,#4390);
#4388 = CARTESIAN_POINT('',(7.747,-7.3915,-2.843));
#4389 = DIRECTION('',(-3.216245299353E-16,1.,0.));
#4390 = DIRECTION('',(0.,0.,1.));
#4391 = ADVANCED_FACE('',(#4392),#4403,.F.);
#4392 = FACE_BOUND('',#4393,.F.);
#4393 = EDGE_LOOP('',(#4394,#4395,#4396,#4402));
#4394 = ORIENTED_EDGE('',*,*,#2676,.T.);
#4395 = ORIENTED_EDGE('',*,*,#2718,.T.);
#4396 = ORIENTED_EDGE('',*,*,#4397,.F.);
#4397 = EDGE_CURVE('',#2638,#2711,#4398,.T.);
#4398 = LINE('',#4399,#4400);
#4399 = CARTESIAN_POINT('',(7.747,-0.11425,-3.3));
#4400 = VECTOR('',#4401,1.);
#4401 = DIRECTION('',(-1.,-3.216245299353E-16,0.));
#4402 = ORIENTED_EDGE('',*,*,#2645,.F.);
#4403 = PLANE('',#4404);
#4404 = AXIS2_PLACEMENT_3D('',#4405,#4406,#4407);
#4405 = CARTESIAN_POINT('',(7.747,0.11425,-3.3));
#4406 = DIRECTION('',(0.,0.,1.));
#4407 = DIRECTION('',(3.216245299353E-16,-1.,0.));
#4408 = ADVANCED_FACE('',(#4409),#4420,.F.);
#4409 = FACE_BOUND('',#4410,.F.);
#4410 = EDGE_LOOP('',(#4411,#4412,#4413,#4419));
#4411 = ORIENTED_EDGE('',*,*,#4397,.T.);
#4412 = ORIENTED_EDGE('',*,*,#2710,.T.);
#4413 = ORIENTED_EDGE('',*,*,#4414,.F.);
#4414 = EDGE_CURVE('',#2630,#2703,#4415,.T.);
#4415 = LINE('',#4416,#4417);
#4416 = CARTESIAN_POINT('',(7.747,-0.2285,-2.843));
#4417 = VECTOR('',#4418,1.);
#4418 = DIRECTION('',(-1.,-3.216245299353E-16,0.));
#4419 = ORIENTED_EDGE('',*,*,#2637,.F.);
#4420 = PLANE('',#4421);
#4421 = AXIS2_PLACEMENT_3D('',#4422,#4423,#4424);
#4422 = CARTESIAN_POINT('',(7.747,-0.11425,-3.3));
#4423 = DIRECTION('',(-3.120216255796E-16,0.970142500145,0.242535625036)
  );
#4424 = DIRECTION('',(7.800540639491E-17,-0.242535625036,0.970142500145)
  );
#4425 = ADVANCED_FACE('',(#4426),#4432,.F.);
#4426 = FACE_BOUND('',#4427,.F.);
#4427 = EDGE_LOOP('',(#4428,#4429,#4430,#4431));
#4428 = ORIENTED_EDGE('',*,*,#4414,.T.);
#4429 = ORIENTED_EDGE('',*,*,#2702,.T.);
#4430 = ORIENTED_EDGE('',*,*,#2750,.F.);
#4431 = ORIENTED_EDGE('',*,*,#2629,.F.);
#4432 = PLANE('',#4433);
#4433 = AXIS2_PLACEMENT_3D('',#4434,#4435,#4436);
#4434 = CARTESIAN_POINT('',(7.747,-0.2285,-2.843));
#4435 = DIRECTION('',(-3.216245299353E-16,1.,0.));
#4436 = DIRECTION('',(0.,0.,1.));
#4437 = ADVANCED_FACE('',(#4438),#4449,.T.);
#4438 = FACE_BOUND('',#4439,.T.);
#4439 = EDGE_LOOP('',(#4440,#4441,#4442,#4448));
#4440 = ORIENTED_EDGE('',*,*,#2853,.T.);
#4441 = ORIENTED_EDGE('',*,*,#2829,.T.);
#4442 = ORIENTED_EDGE('',*,*,#4443,.F.);
#4443 = EDGE_CURVE('',#2916,#2822,#4444,.T.);
#4444 = LINE('',#4445,#4446);
#4445 = CARTESIAN_POINT('',(7.747,-5.3085,-2.843));
#4446 = VECTOR('',#4447,1.);
#4447 = DIRECTION('',(-1.,-3.216245299353E-16,0.));
#4448 = ORIENTED_EDGE('',*,*,#2923,.F.);
#4449 = PLANE('',#4450);
#4450 = AXIS2_PLACEMENT_3D('',#4451,#4452,#4453);
#4451 = CARTESIAN_POINT('',(7.747,-5.3085,0.));
#4452 = DIRECTION('',(3.216245299353E-16,-1.,0.));
#4453 = DIRECTION('',(0.,0.,-1.));
#4454 = ADVANCED_FACE('',(#4455),#4466,.T.);
#4455 = FACE_BOUND('',#4456,.T.);
#4456 = EDGE_LOOP('',(#4457,#4458,#4459,#4465));
#4457 = ORIENTED_EDGE('',*,*,#4443,.T.);
#4458 = ORIENTED_EDGE('',*,*,#2821,.T.);
#4459 = ORIENTED_EDGE('',*,*,#4460,.F.);
#4460 = EDGE_CURVE('',#2908,#2814,#4461,.T.);
#4461 = LINE('',#4462,#4463);
#4462 = CARTESIAN_POINT('',(7.747,-5.19425,-3.3));
#4463 = VECTOR('',#4464,1.);
#4464 = DIRECTION('',(-1.,-3.216245299353E-16,0.));
#4465 = ORIENTED_EDGE('',*,*,#2915,.F.);
#4466 = PLANE('',#4467);
#4467 = AXIS2_PLACEMENT_3D('',#4468,#4469,#4470);
#4468 = CARTESIAN_POINT('',(7.747,-5.3085,-2.843));
#4469 = DIRECTION('',(3.120216255796E-16,-0.970142500145,-0.242535625036
    ));
#4470 = DIRECTION('',(-7.800540639491E-17,0.242535625036,-0.970142500145
    ));
#4471 = ADVANCED_FACE('',(#4472),#4483,.T.);
#4472 = FACE_BOUND('',#4473,.T.);
#4473 = EDGE_LOOP('',(#4474,#4480,#4481,#4482));
#4474 = ORIENTED_EDGE('',*,*,#4475,.T.);
#4475 = EDGE_CURVE('',#2892,#2798,#4476,.T.);
#4476 = LINE('',#4477,#4478);
#4477 = CARTESIAN_POINT('',(7.747,-4.8515,-2.843));
#4478 = VECTOR('',#4479,1.);
#4479 = DIRECTION('',(-1.,-3.216245299353E-16,0.));
#4480 = ORIENTED_EDGE('',*,*,#2797,.T.);
#4481 = ORIENTED_EDGE('',*,*,#3133,.F.);
#4482 = ORIENTED_EDGE('',*,*,#2891,.F.);
#4483 = PLANE('',#4484);
#4484 = AXIS2_PLACEMENT_3D('',#4485,#4486,#4487);
#4485 = CARTESIAN_POINT('',(7.747,-4.8515,-2.843));
#4486 = DIRECTION('',(-3.216245299353E-16,1.,0.));
#4487 = DIRECTION('',(0.,0.,1.));
#4488 = ADVANCED_FACE('',(#4489),#4500,.T.);
#4489 = FACE_BOUND('',#4490,.T.);
#4490 = EDGE_LOOP('',(#4491,#4492,#4493,#4499));
#4491 = ORIENTED_EDGE('',*,*,#4460,.T.);
#4492 = ORIENTED_EDGE('',*,*,#2813,.T.);
#4493 = ORIENTED_EDGE('',*,*,#4494,.F.);
#4494 = EDGE_CURVE('',#2900,#2806,#4495,.T.);
#4495 = LINE('',#4496,#4497);
#4496 = CARTESIAN_POINT('',(7.747,-4.96575,-3.3));
#4497 = VECTOR('',#4498,1.);
#4498 = DIRECTION('',(-1.,-3.216245299353E-16,0.));
#4499 = ORIENTED_EDGE('',*,*,#2907,.F.);
#4500 = PLANE('',#4501);
#4501 = AXIS2_PLACEMENT_3D('',#4502,#4503,#4504);
#4502 = CARTESIAN_POINT('',(7.747,-5.19425,-3.3));
#4503 = DIRECTION('',(-0.,0.,-1.));
#4504 = DIRECTION('',(-3.216245299353E-16,1.,0.));
#4505 = ADVANCED_FACE('',(#4506),#4512,.T.);
#4506 = FACE_BOUND('',#4507,.T.);
#4507 = EDGE_LOOP('',(#4508,#4509,#4510,#4511));
#4508 = ORIENTED_EDGE('',*,*,#4494,.T.);
#4509 = ORIENTED_EDGE('',*,*,#2805,.T.);
#4510 = ORIENTED_EDGE('',*,*,#4475,.F.);
#4511 = ORIENTED_EDGE('',*,*,#2899,.F.);
#4512 = PLANE('',#4513);
#4513 = AXIS2_PLACEMENT_3D('',#4514,#4515,#4516);
#4514 = CARTESIAN_POINT('',(7.747,-4.96575,-3.3));
#4515 = DIRECTION('',(-3.120216255796E-16,0.970142500145,-0.242535625036
    ));
#4516 = DIRECTION('',(-7.800540639491E-17,0.242535625036,0.970142500145)
  );
#4517 = ADVANCED_FACE('',(#4518),#4529,.T.);
#4518 = FACE_BOUND('',#4519,.T.);
#4519 = EDGE_LOOP('',(#4520,#4521,#4522,#4528));
#4520 = ORIENTED_EDGE('',*,*,#3152,.T.);
#4521 = ORIENTED_EDGE('',*,*,#2993,.T.);
#4522 = ORIENTED_EDGE('',*,*,#4523,.F.);
#4523 = EDGE_CURVE('',#3073,#2986,#4524,.T.);
#4524 = LINE('',#4525,#4526);
#4525 = CARTESIAN_POINT('',(7.747,-2.7685,-2.843));
#4526 = VECTOR('',#4527,1.);
#4527 = DIRECTION('',(-1.,-3.216245299353E-16,0.));
#4528 = ORIENTED_EDGE('',*,*,#3080,.F.);
#4529 = PLANE('',#4530);
#4530 = AXIS2_PLACEMENT_3D('',#4531,#4532,#4533);
#4531 = CARTESIAN_POINT('',(7.747,-2.7685,0.));
#4532 = DIRECTION('',(3.216245299353E-16,-1.,0.));
#4533 = DIRECTION('',(0.,0.,-1.));
#4534 = ADVANCED_FACE('',(#4535),#4546,.T.);
#4535 = FACE_BOUND('',#4536,.T.);
#4536 = EDGE_LOOP('',(#4537,#4538,#4539,#4545));
#4537 = ORIENTED_EDGE('',*,*,#4523,.T.);
#4538 = ORIENTED_EDGE('',*,*,#2985,.T.);
#4539 = ORIENTED_EDGE('',*,*,#4540,.F.);
#4540 = EDGE_CURVE('',#3065,#2978,#4541,.T.);
#4541 = LINE('',#4542,#4543);
#4542 = CARTESIAN_POINT('',(7.747,-2.65425,-3.3));
#4543 = VECTOR('',#4544,1.);
#4544 = DIRECTION('',(-1.,-3.216245299353E-16,0.));
#4545 = ORIENTED_EDGE('',*,*,#3072,.F.);
#4546 = PLANE('',#4547);
#4547 = AXIS2_PLACEMENT_3D('',#4548,#4549,#4550);
#4548 = CARTESIAN_POINT('',(7.747,-2.7685,-2.843));
#4549 = DIRECTION('',(3.120216255796E-16,-0.970142500145,-0.242535625036
    ));
#4550 = DIRECTION('',(-7.800540639491E-17,0.242535625036,-0.970142500145
    ));
#4551 = ADVANCED_FACE('',(#4552),#4563,.T.);
#4552 = FACE_BOUND('',#4553,.T.);
#4553 = EDGE_LOOP('',(#4554,#4560,#4561,#4562));
#4554 = ORIENTED_EDGE('',*,*,#4555,.T.);
#4555 = EDGE_CURVE('',#3049,#2962,#4556,.T.);
#4556 = LINE('',#4557,#4558);
#4557 = CARTESIAN_POINT('',(7.747,-2.3115,-2.843));
#4558 = VECTOR('',#4559,1.);
#4559 = DIRECTION('',(-1.,-3.216245299353E-16,0.));
#4560 = ORIENTED_EDGE('',*,*,#2961,.T.);
#4561 = ORIENTED_EDGE('',*,*,#3015,.F.);
#4562 = ORIENTED_EDGE('',*,*,#3048,.F.);
#4563 = PLANE('',#4564);
#4564 = AXIS2_PLACEMENT_3D('',#4565,#4566,#4567);
#4565 = CARTESIAN_POINT('',(7.747,-2.3115,-2.843));
#4566 = DIRECTION('',(-3.216245299353E-16,1.,0.));
#4567 = DIRECTION('',(0.,0.,1.));
#4568 = ADVANCED_FACE('',(#4569),#4580,.T.);
#4569 = FACE_BOUND('',#4570,.T.);
#4570 = EDGE_LOOP('',(#4571,#4572,#4573,#4579));
#4571 = ORIENTED_EDGE('',*,*,#4540,.T.);
#4572 = ORIENTED_EDGE('',*,*,#2977,.T.);
#4573 = ORIENTED_EDGE('',*,*,#4574,.F.);
#4574 = EDGE_CURVE('',#3057,#2970,#4575,.T.);
#4575 = LINE('',#4576,#4577);
#4576 = CARTESIAN_POINT('',(7.747,-2.42575,-3.3));
#4577 = VECTOR('',#4578,1.);
#4578 = DIRECTION('',(-1.,-3.216245299353E-16,0.));
#4579 = ORIENTED_EDGE('',*,*,#3064,.F.);
#4580 = PLANE('',#4581);
#4581 = AXIS2_PLACEMENT_3D('',#4582,#4583,#4584);
#4582 = CARTESIAN_POINT('',(7.747,-2.65425,-3.3));
#4583 = DIRECTION('',(-0.,0.,-1.));
#4584 = DIRECTION('',(-3.216245299353E-16,1.,0.));
#4585 = ADVANCED_FACE('',(#4586),#4592,.T.);
#4586 = FACE_BOUND('',#4587,.T.);
#4587 = EDGE_LOOP('',(#4588,#4589,#4590,#4591));
#4588 = ORIENTED_EDGE('',*,*,#4574,.T.);
#4589 = ORIENTED_EDGE('',*,*,#2969,.T.);
#4590 = ORIENTED_EDGE('',*,*,#4555,.F.);
#4591 = ORIENTED_EDGE('',*,*,#3056,.F.);
#4592 = PLANE('',#4593);
#4593 = AXIS2_PLACEMENT_3D('',#4594,#4595,#4596);
#4594 = CARTESIAN_POINT('',(7.747,-2.42575,-3.3));
#4595 = DIRECTION('',(-3.120216255796E-16,0.970142500145,-0.242535625036
    ));
#4596 = DIRECTION('',(-7.800540639491E-17,0.242535625036,0.970142500145)
  );
#4597 = ADVANCED_FACE('',(#4598),#4620,.F.);
#4598 = FACE_BOUND('',#4599,.F.);
#4599 = EDGE_LOOP('',(#4600,#4601,#4610,#4617,#4618,#4619));
#4600 = ORIENTED_EDGE('',*,*,#3184,.F.);
#4601 = ORIENTED_EDGE('',*,*,#4602,.F.);
#4602 = EDGE_CURVE('',#4603,#3185,#4605,.T.);
#4603 = VERTEX_POINT('',#4604);
#4604 = CARTESIAN_POINT('',(3.81,-0.248723643423,3.18));
#4605 = CIRCLE('',#4606,0.75);
#4606 = AXIS2_PLACEMENT_3D('',#4607,#4608,#4609);
#4607 = CARTESIAN_POINT('',(3.81,0.501276356577,3.18));
#4608 = DIRECTION('',(0.,-0.,-1.));
#4609 = DIRECTION('',(4.440892098501E-16,-1.,0.));
#4610 = ORIENTED_EDGE('',*,*,#4611,.F.);
#4611 = EDGE_CURVE('',#3291,#4603,#4612,.T.);
#4612 = CIRCLE('',#4613,0.75);
#4613 = AXIS2_PLACEMENT_3D('',#4614,#4615,#4616);
#4614 = CARTESIAN_POINT('',(3.81,0.501276356577,3.18));
#4615 = DIRECTION('',(0.,-0.,-1.));
#4616 = DIRECTION('',(4.440892098501E-16,-1.,0.));
#4617 = ORIENTED_EDGE('',*,*,#3396,.T.);
#4618 = ORIENTED_EDGE('',*,*,#4333,.T.);
#4619 = ORIENTED_EDGE('',*,*,#4324,.T.);
#4620 = CYLINDRICAL_SURFACE('',#4621,0.75);
#4621 = AXIS2_PLACEMENT_3D('',#4622,#4623,#4624);
#4622 = CARTESIAN_POINT('',(3.81,0.501276356577,3.68));
#4623 = DIRECTION('',(-0.,0.,-1.));
#4624 = DIRECTION('',(4.440892098501E-16,-1.,-0.));
#4625 = ADVANCED_FACE('',(#4626),#4631,.F.);
#4626 = FACE_BOUND('',#4627,.F.);
#4627 = EDGE_LOOP('',(#4628,#4629,#4630));
#4628 = ORIENTED_EDGE('',*,*,#4611,.T.);
#4629 = ORIENTED_EDGE('',*,*,#4602,.T.);
#4630 = ORIENTED_EDGE('',*,*,#3290,.T.);
#4631 = PLANE('',#4632);
#4632 = AXIS2_PLACEMENT_3D('',#4633,#4634,#4635);
#4633 = CARTESIAN_POINT('',(3.81,0.501276356577,3.18));
#4634 = DIRECTION('',(-0.,0.,-1.));
#4635 = DIRECTION('',(4.440892098501E-16,-1.,-0.));
#4636 = ADVANCED_FACE('',(#4637),#4648,.T.);
#4637 = FACE_BOUND('',#4638,.T.);
#4638 = EDGE_LOOP('',(#4639,#4640,#4641,#4647));
#4639 = ORIENTED_EDGE('',*,*,#3637,.T.);
#4640 = ORIENTED_EDGE('',*,*,#3613,.T.);
#4641 = ORIENTED_EDGE('',*,*,#4642,.F.);
#4642 = EDGE_CURVE('',#3684,#3606,#4643,.T.);
#4643 = LINE('',#4644,#4645);
#4644 = CARTESIAN_POINT('',(-0.127,-0.11425,-3.3));
#4645 = VECTOR('',#4646,1.);
#4646 = DIRECTION('',(1.,4.440892098501E-16,0.));
#4647 = ORIENTED_EDGE('',*,*,#3691,.F.);
#4648 = PLANE('',#4649);
#4649 = AXIS2_PLACEMENT_3D('',#4650,#4651,#4652);
#4650 = CARTESIAN_POINT('',(-0.127,0.11425,-3.3));
#4651 = DIRECTION('',(0.,0.,-1.));
#4652 = DIRECTION('',(4.440892098501E-16,-1.,0.));
#4653 = ADVANCED_FACE('',(#4654),#4665,.T.);
#4654 = FACE_BOUND('',#4655,.T.);
#4655 = EDGE_LOOP('',(#4656,#4657,#4658,#4664));
#4656 = ORIENTED_EDGE('',*,*,#4642,.T.);
#4657 = ORIENTED_EDGE('',*,*,#3605,.T.);
#4658 = ORIENTED_EDGE('',*,*,#4659,.F.);
#4659 = EDGE_CURVE('',#3676,#3598,#4660,.T.);
#4660 = LINE('',#4661,#4662);
#4661 = CARTESIAN_POINT('',(-0.127,-0.2285,-2.843));
#4662 = VECTOR('',#4663,1.);
#4663 = DIRECTION('',(1.,4.440892098501E-16,0.));
#4664 = ORIENTED_EDGE('',*,*,#3683,.F.);
#4665 = PLANE('',#4666);
#4666 = AXIS2_PLACEMENT_3D('',#4667,#4668,#4669);
#4667 = CARTESIAN_POINT('',(-0.127,-0.11425,-3.3));
#4668 = DIRECTION('',(4.308298163317E-16,-0.970142500145,-0.242535625036
    ));
#4669 = DIRECTION('',(1.077074540829E-16,-0.242535625036,0.970142500145)
  );
#4670 = ADVANCED_FACE('',(#4671),#4677,.T.);
#4671 = FACE_BOUND('',#4672,.T.);
#4672 = EDGE_LOOP('',(#4673,#4674,#4675,#4676));
#4673 = ORIENTED_EDGE('',*,*,#4659,.T.);
#4674 = ORIENTED_EDGE('',*,*,#3597,.T.);
#4675 = ORIENTED_EDGE('',*,*,#3869,.F.);
#4676 = ORIENTED_EDGE('',*,*,#3675,.F.);
#4677 = PLANE('',#4678);
#4678 = AXIS2_PLACEMENT_3D('',#4679,#4680,#4681);
#4679 = CARTESIAN_POINT('',(-0.127,-0.2285,-2.843));
#4680 = DIRECTION('',(4.440892098501E-16,-1.,0.));
#4681 = DIRECTION('',(0.,0.,1.));
#4682 = ADVANCED_FACE('',(#4683),#4694,.F.);
#4683 = FACE_BOUND('',#4684,.F.);
#4684 = EDGE_LOOP('',(#4685,#4686,#4687,#4693));
#4685 = ORIENTED_EDGE('',*,*,#3781,.T.);
#4686 = ORIENTED_EDGE('',*,*,#3823,.T.);
#4687 = ORIENTED_EDGE('',*,*,#4688,.F.);
#4688 = EDGE_CURVE('',#3743,#3816,#4689,.T.);
#4689 = LINE('',#4690,#4691);
#4690 = CARTESIAN_POINT('',(-0.127,-7.50575,-3.3));
#4691 = VECTOR('',#4692,1.);
#4692 = DIRECTION('',(1.,4.440892098501E-16,0.));
#4693 = ORIENTED_EDGE('',*,*,#3750,.F.);
#4694 = PLANE('',#4695);
#4695 = AXIS2_PLACEMENT_3D('',#4696,#4697,#4698);
#4696 = CARTESIAN_POINT('',(-0.127,-7.73425,-3.3));
#4697 = DIRECTION('',(0.,0.,1.));
#4698 = DIRECTION('',(-4.440892098501E-16,1.,0.));
#4699 = ADVANCED_FACE('',(#4700),#4711,.F.);
#4700 = FACE_BOUND('',#4701,.F.);
#4701 = EDGE_LOOP('',(#4702,#4703,#4704,#4710));
#4702 = ORIENTED_EDGE('',*,*,#4688,.T.);
#4703 = ORIENTED_EDGE('',*,*,#3815,.T.);
#4704 = ORIENTED_EDGE('',*,*,#4705,.F.);
#4705 = EDGE_CURVE('',#3735,#3808,#4706,.T.);
#4706 = LINE('',#4707,#4708);
#4707 = CARTESIAN_POINT('',(-0.127,-7.3915,-2.843));
#4708 = VECTOR('',#4709,1.);
#4709 = DIRECTION('',(1.,4.440892098501E-16,0.));
#4710 = ORIENTED_EDGE('',*,*,#3742,.F.);
#4711 = PLANE('',#4712);
#4712 = AXIS2_PLACEMENT_3D('',#4713,#4714,#4715);
#4713 = CARTESIAN_POINT('',(-0.127,-7.50575,-3.3));
#4714 = DIRECTION('',(4.308298163317E-16,-0.970142500145,0.242535625036)
  );
#4715 = DIRECTION('',(-1.077074540829E-16,0.242535625036,0.970142500145)
  );
#4716 = ADVANCED_FACE('',(#4717),#4723,.F.);
#4717 = FACE_BOUND('',#4718,.F.);
#4718 = EDGE_LOOP('',(#4719,#4720,#4721,#4722));
#4719 = ORIENTED_EDGE('',*,*,#4705,.T.);
#4720 = ORIENTED_EDGE('',*,*,#3807,.T.);
#4721 = ORIENTED_EDGE('',*,*,#3886,.F.);
#4722 = ORIENTED_EDGE('',*,*,#3734,.F.);
#4723 = PLANE('',#4724);
#4724 = AXIS2_PLACEMENT_3D('',#4725,#4726,#4727);
#4725 = CARTESIAN_POINT('',(-0.127,-7.3915,-2.843));
#4726 = DIRECTION('',(4.440892098501E-16,-1.,0.));
#4727 = DIRECTION('',(0.,0.,1.));
#4728 = ADVANCED_FACE('',(#4729),#4740,.T.);
#4729 = FACE_BOUND('',#4730,.T.);
#4730 = EDGE_LOOP('',(#4731,#4732,#4733,#4739));
#4731 = ORIENTED_EDGE('',*,*,#4013,.T.);
#4732 = ORIENTED_EDGE('',*,*,#4071,.T.);
#4733 = ORIENTED_EDGE('',*,*,#4734,.F.);
#4734 = EDGE_CURVE('',#3975,#4064,#4735,.T.);
#4735 = LINE('',#4736,#4737);
#4736 = CARTESIAN_POINT('',(-0.127,-2.3115,-2.843));
#4737 = VECTOR('',#4738,1.);
#4738 = DIRECTION('',(1.,4.440892098501E-16,0.));
#4739 = ORIENTED_EDGE('',*,*,#3982,.F.);
#4740 = PLANE('',#4741);
#4741 = AXIS2_PLACEMENT_3D('',#4742,#4743,#4744);
#4742 = CARTESIAN_POINT('',(-0.127,-2.3115,0.));
#4743 = DIRECTION('',(-4.440892098501E-16,1.,0.));
#4744 = DIRECTION('',(0.,0.,-1.));
#4745 = ADVANCED_FACE('',(#4746),#4757,.T.);
#4746 = FACE_BOUND('',#4747,.T.);
#4747 = EDGE_LOOP('',(#4748,#4749,#4750,#4756));
#4748 = ORIENTED_EDGE('',*,*,#4734,.T.);
#4749 = ORIENTED_EDGE('',*,*,#4063,.T.);
#4750 = ORIENTED_EDGE('',*,*,#4751,.F.);
#4751 = EDGE_CURVE('',#3967,#4056,#4752,.T.);
#4752 = LINE('',#4753,#4754);
#4753 = CARTESIAN_POINT('',(-0.127,-2.42575,-3.3));
#4754 = VECTOR('',#4755,1.);
#4755 = DIRECTION('',(1.,4.440892098501E-16,0.));
#4756 = ORIENTED_EDGE('',*,*,#3974,.F.);
#4757 = PLANE('',#4758);
#4758 = AXIS2_PLACEMENT_3D('',#4759,#4760,#4761);
#4759 = CARTESIAN_POINT('',(-0.127,-2.3115,-2.843));
#4760 = DIRECTION('',(-4.308298163317E-16,0.970142500145,-0.242535625036
    ));
#4761 = DIRECTION('',(1.077074540829E-16,-0.242535625036,-0.970142500145
    ));
#4762 = ADVANCED_FACE('',(#4763),#4774,.T.);
#4763 = FACE_BOUND('',#4764,.T.);
#4764 = EDGE_LOOP('',(#4765,#4771,#4772,#4773));
#4765 = ORIENTED_EDGE('',*,*,#4766,.T.);
#4766 = EDGE_CURVE('',#3951,#4040,#4767,.T.);
#4767 = LINE('',#4768,#4769);
#4768 = CARTESIAN_POINT('',(-0.127,-2.7685,-2.843));
#4769 = VECTOR('',#4770,1.);
#4770 = DIRECTION('',(1.,4.440892098501E-16,0.));
#4771 = ORIENTED_EDGE('',*,*,#4039,.T.);
#4772 = ORIENTED_EDGE('',*,*,#4269,.F.);
#4773 = ORIENTED_EDGE('',*,*,#3950,.F.);
#4774 = PLANE('',#4775);
#4775 = AXIS2_PLACEMENT_3D('',#4776,#4777,#4778);
#4776 = CARTESIAN_POINT('',(-0.127,-2.7685,-2.843));
#4777 = DIRECTION('',(4.440892098501E-16,-1.,0.));
#4778 = DIRECTION('',(0.,0.,1.));
#4779 = ADVANCED_FACE('',(#4780),#4791,.T.);
#4780 = FACE_BOUND('',#4781,.T.);
#4781 = EDGE_LOOP('',(#4782,#4783,#4784,#4790));
#4782 = ORIENTED_EDGE('',*,*,#4751,.T.);
#4783 = ORIENTED_EDGE('',*,*,#4055,.T.);
#4784 = ORIENTED_EDGE('',*,*,#4785,.F.);
#4785 = EDGE_CURVE('',#3959,#4048,#4786,.T.);
#4786 = LINE('',#4787,#4788);
#4787 = CARTESIAN_POINT('',(-0.127,-2.65425,-3.3));
#4788 = VECTOR('',#4789,1.);
#4789 = DIRECTION('',(1.,4.440892098501E-16,0.));
#4790 = ORIENTED_EDGE('',*,*,#3966,.F.);
#4791 = PLANE('',#4792);
#4792 = AXIS2_PLACEMENT_3D('',#4793,#4794,#4795);
#4793 = CARTESIAN_POINT('',(-0.127,-2.42575,-3.3));
#4794 = DIRECTION('',(0.,0.,-1.));
#4795 = DIRECTION('',(4.440892098501E-16,-1.,0.));
#4796 = ADVANCED_FACE('',(#4797),#4803,.T.);
#4797 = FACE_BOUND('',#4798,.T.);
#4798 = EDGE_LOOP('',(#4799,#4800,#4801,#4802));
#4799 = ORIENTED_EDGE('',*,*,#4785,.T.);
#4800 = ORIENTED_EDGE('',*,*,#4047,.T.);
#4801 = ORIENTED_EDGE('',*,*,#4766,.F.);
#4802 = ORIENTED_EDGE('',*,*,#3958,.F.);
#4803 = PLANE('',#4804);
#4804 = AXIS2_PLACEMENT_3D('',#4805,#4806,#4807);
#4805 = CARTESIAN_POINT('',(-0.127,-2.65425,-3.3));
#4806 = DIRECTION('',(4.308298163317E-16,-0.970142500145,-0.242535625036
    ));
#4807 = DIRECTION('',(1.077074540829E-16,-0.242535625036,0.970142500145)
  );
#4808 = ADVANCED_FACE('',(#4809),#4820,.T.);
#4809 = FACE_BOUND('',#4810,.T.);
#4810 = EDGE_LOOP('',(#4811,#4812,#4813,#4819));
#4811 = ORIENTED_EDGE('',*,*,#4288,.T.);
#4812 = ORIENTED_EDGE('',*,*,#4233,.T.);
#4813 = ORIENTED_EDGE('',*,*,#4814,.F.);
#4814 = EDGE_CURVE('',#4144,#4226,#4815,.T.);
#4815 = LINE('',#4816,#4817);
#4816 = CARTESIAN_POINT('',(-0.127,-4.8515,-2.843));
#4817 = VECTOR('',#4818,1.);
#4818 = DIRECTION('',(1.,4.440892098501E-16,0.));
#4819 = ORIENTED_EDGE('',*,*,#4151,.F.);
#4820 = PLANE('',#4821);
#4821 = AXIS2_PLACEMENT_3D('',#4822,#4823,#4824);
#4822 = CARTESIAN_POINT('',(-0.127,-4.8515,0.));
#4823 = DIRECTION('',(-4.440892098501E-16,1.,0.));
#4824 = DIRECTION('',(0.,0.,-1.));
#4825 = ADVANCED_FACE('',(#4826),#4837,.T.);
#4826 = FACE_BOUND('',#4827,.T.);
#4827 = EDGE_LOOP('',(#4828,#4829,#4830,#4836));
#4828 = ORIENTED_EDGE('',*,*,#4814,.T.);
#4829 = ORIENTED_EDGE('',*,*,#4225,.T.);
#4830 = ORIENTED_EDGE('',*,*,#4831,.F.);
#4831 = EDGE_CURVE('',#4136,#4218,#4832,.T.);
#4832 = LINE('',#4833,#4834);
#4833 = CARTESIAN_POINT('',(-0.127,-4.96575,-3.3));
#4834 = VECTOR('',#4835,1.);
#4835 = DIRECTION('',(1.,4.440892098501E-16,0.));
#4836 = ORIENTED_EDGE('',*,*,#4143,.F.);
#4837 = PLANE('',#4838);
#4838 = AXIS2_PLACEMENT_3D('',#4839,#4840,#4841);
#4839 = CARTESIAN_POINT('',(-0.127,-4.8515,-2.843));
#4840 = DIRECTION('',(-4.308298163317E-16,0.970142500145,-0.242535625036
    ));
#4841 = DIRECTION('',(1.077074540829E-16,-0.242535625036,-0.970142500145
    ));
#4842 = ADVANCED_FACE('',(#4843),#4854,.T.);
#4843 = FACE_BOUND('',#4844,.T.);
#4844 = EDGE_LOOP('',(#4845,#4851,#4852,#4853));
#4845 = ORIENTED_EDGE('',*,*,#4846,.T.);
#4846 = EDGE_CURVE('',#4120,#4202,#4847,.T.);
#4847 = LINE('',#4848,#4849);
#4848 = CARTESIAN_POINT('',(-0.127,-5.3085,-2.843));
#4849 = VECTOR('',#4850,1.);
#4850 = DIRECTION('',(1.,4.440892098501E-16,0.));
#4851 = ORIENTED_EDGE('',*,*,#4201,.T.);
#4852 = ORIENTED_EDGE('',*,*,#4173,.F.);
#4853 = ORIENTED_EDGE('',*,*,#4119,.F.);
#4854 = PLANE('',#4855);
#4855 = AXIS2_PLACEMENT_3D('',#4856,#4857,#4858);
#4856 = CARTESIAN_POINT('',(-0.127,-5.3085,-2.843));
#4857 = DIRECTION('',(4.440892098501E-16,-1.,0.));
#4858 = DIRECTION('',(0.,0.,1.));
#4859 = ADVANCED_FACE('',(#4860),#4871,.T.);
#4860 = FACE_BOUND('',#4861,.T.);
#4861 = EDGE_LOOP('',(#4862,#4863,#4864,#4870));
#4862 = ORIENTED_EDGE('',*,*,#4831,.T.);
#4863 = ORIENTED_EDGE('',*,*,#4217,.T.);
#4864 = ORIENTED_EDGE('',*,*,#4865,.F.);
#4865 = EDGE_CURVE('',#4128,#4210,#4866,.T.);
#4866 = LINE('',#4867,#4868);
#4867 = CARTESIAN_POINT('',(-0.127,-5.19425,-3.3));
#4868 = VECTOR('',#4869,1.);
#4869 = DIRECTION('',(1.,4.440892098501E-16,0.));
#4870 = ORIENTED_EDGE('',*,*,#4135,.F.);
#4871 = PLANE('',#4872);
#4872 = AXIS2_PLACEMENT_3D('',#4873,#4874,#4875);
#4873 = CARTESIAN_POINT('',(-0.127,-4.96575,-3.3));
#4874 = DIRECTION('',(0.,0.,-1.));
#4875 = DIRECTION('',(4.440892098501E-16,-1.,0.));
#4876 = ADVANCED_FACE('',(#4877),#4883,.T.);
#4877 = FACE_BOUND('',#4878,.T.);
#4878 = EDGE_LOOP('',(#4879,#4880,#4881,#4882));
#4879 = ORIENTED_EDGE('',*,*,#4865,.T.);
#4880 = ORIENTED_EDGE('',*,*,#4209,.T.);
#4881 = ORIENTED_EDGE('',*,*,#4846,.F.);
#4882 = ORIENTED_EDGE('',*,*,#4127,.F.);
#4883 = PLANE('',#4884);
#4884 = AXIS2_PLACEMENT_3D('',#4885,#4886,#4887);
#4885 = CARTESIAN_POINT('',(-0.127,-5.19425,-3.3));
#4886 = DIRECTION('',(4.308298163317E-16,-0.970142500145,-0.242535625036
    ));
#4887 = DIRECTION('',(1.077074540829E-16,-0.242535625036,0.970142500145)
  );
#4888 = ( GEOMETRIC_REPRESENTATION_CONTEXT(3) 
GLOBAL_UNCERTAINTY_ASSIGNED_CONTEXT((#4892)) 
GLOBAL_UNIT_ASSIGNED_CONTEXT((#4889,#4890,#4891)) REPRESENTATION_CONTEXT
('Context #1','3D Context with UNIT and UNCERTAINTY') );
#4889 = ( LENGTH_UNIT() NAMED_UNIT(*) SI_UNIT(.MILLI.,.METRE.) );
#4890 = ( NAMED_UNIT(*) PLANE_ANGLE_UNIT() SI_UNIT($,.RADIAN.) );
#4891 = ( NAMED_UNIT(*) SI_UNIT($,.STERADIAN.) SOLID_ANGLE_UNIT() );
#4892 = UNCERTAINTY_MEASURE_WITH_UNIT(LENGTH_MEASURE(1.E-07),#4889,
  'distance_accuracy_value','confusion accuracy');
#4893 = CONTEXT_DEPENDENT_SHAPE_REPRESENTATION(#4894,#4896);
#4894 = ( REPRESENTATION_RELATIONSHIP('','',#115,#92) 
REPRESENTATION_RELATIONSHIP_WITH_TRANSFORMATION(#4895) 
SHAPE_REPRESENTATION_RELATIONSHIP() );
#4895 = ITEM_DEFINED_TRANSFORMATION('','',#11,#93);
#4896 = PRODUCT_DEFINITION_SHAPE('Placement','Placement of an item',
  #4897);
#4897 = NEXT_ASSEMBLY_USAGE_OCCURRENCE('1','=>[0:1:1:3]','',#87,#110,$);
#4898 = PRODUCT_RELATED_PRODUCT_CATEGORY('part',$,(#112));
#4899 = SHAPE_DEFINITION_REPRESENTATION(#4900,#4906);
#4900 = PRODUCT_DEFINITION_SHAPE('','',#4901);
#4901 = PRODUCT_DEFINITION('design','',#4902,#4905);
#4902 = PRODUCT_DEFINITION_FORMATION('','',#4903);
#4903 = PRODUCT('R_Axial_DIN0207_L6.3mm_D2.5mm_P10.16mm_Horizontal',
  'R_Axial_DIN0207_L6.3mm_D2.5mm_P10.16mm_Horizontal','',(#4904));
#4904 = PRODUCT_CONTEXT('',#2,'mechanical');
#4905 = PRODUCT_DEFINITION_CONTEXT('part definition',#2,'design');
#4906 = SHAPE_REPRESENTATION('',(#11,#4907),#4911);
#4907 = AXIS2_PLACEMENT_3D('',#4908,#4909,#4910);
#4908 = CARTESIAN_POINT('',(0.,0.,0.));
#4909 = DIRECTION('',(0.,0.,1.));
#4910 = DIRECTION('',(1.,0.,-0.));
#4911 = ( GEOMETRIC_REPRESENTATION_CONTEXT(3) 
GLOBAL_UNCERTAINTY_ASSIGNED_CONTEXT((#4915)) 
GLOBAL_UNIT_ASSIGNED_CONTEXT((#4912,#4913,#4914)) REPRESENTATION_CONTEXT
('Context #1','3D Context with UNIT and UNCERTAINTY') );
#4912 = ( LENGTH_UNIT() NAMED_UNIT(*) SI_UNIT(.MILLI.,.METRE.) );
#4913 = ( NAMED_UNIT(*) PLANE_ANGLE_UNIT() SI_UNIT($,.RADIAN.) );
#4914 = ( NAMED_UNIT(*) SI_UNIT($,.STERADIAN.) SOLID_ANGLE_UNIT() );
#4915 = UNCERTAINTY_MEASURE_WITH_UNIT(LENGTH_MEASURE(1.E-07),#4912,
  'distance_accuracy_value','confusion accuracy');
#4916 = CONTEXT_DEPENDENT_SHAPE_REPRESENTATION(#4917,#4919);
#4917 = ( REPRESENTATION_RELATIONSHIP('','',#4906,#10) 
REPRESENTATION_RELATIONSHIP_WITH_TRANSFORMATION(#4918) 
SHAPE_REPRESENTATION_RELATIONSHIP() );
#4918 = ITEM_DEFINED_TRANSFORMATION('','',#11,#19);
#4919 = PRODUCT_DEFINITION_SHAPE('Placement','Placement of an item',
  #4920);
#4920 = NEXT_ASSEMBLY_USAGE_OCCURRENCE('4','R3','',#5,#4901,$);
#4921 = PRODUCT_RELATED_PRODUCT_CATEGORY('part',$,(#4903));
#4922 = SHAPE_DEFINITION_REPRESENTATION(#4923,#4929);
#4923 = PRODUCT_DEFINITION_SHAPE('','',#4924);
#4924 = PRODUCT_DEFINITION('design','',#4925,#4928);
#4925 = PRODUCT_DEFINITION_FORMATION('','',#4926);
#4926 = PRODUCT('R_Axial_DIN0207_L63mm_D25mm_P1016mm_Horizontal',
  'R_Axial_DIN0207_L63mm_D25mm_P1016mm_Horizontal','',(#4927));
#4927 = PRODUCT_CONTEXT('',#2,'mechanical');
#4928 = PRODUCT_DEFINITION_CONTEXT('part definition',#2,'design');
#4929 = ADVANCED_BREP_SHAPE_REPRESENTATION('',(#11,#4930),#5317);
#4930 = MANIFOLD_SOLID_BREP('',#4931);
#4931 = CLOSED_SHELL('',(#4932,#4965,#4991,#5011,#5031,#5056,#5081,#5101
    ,#5127,#5152,#5177,#5203,#5212,#5232,#5257,#5283,#5308));
#4932 = ADVANCED_FACE('',(#4933),#4960,.T.);
#4933 = FACE_BOUND('',#4934,.T.);
#4934 = EDGE_LOOP('',(#4935,#4944,#4952,#4959));
#4935 = ORIENTED_EDGE('',*,*,#4936,.T.);
#4936 = EDGE_CURVE('',#4937,#4937,#4939,.T.);
#4937 = VERTEX_POINT('',#4938);
#4938 = CARTESIAN_POINT('',(2.555,1.25,1.25));
#4939 = CIRCLE('',#4940,1.25);
#4940 = AXIS2_PLACEMENT_3D('',#4941,#4942,#4943);
#4941 = CARTESIAN_POINT('',(2.555,0.,1.25));
#4942 = DIRECTION('',(1.,0.,0.));
#4943 = DIRECTION('',(-0.,1.,0.));
#4944 = ORIENTED_EDGE('',*,*,#4945,.T.);
#4945 = EDGE_CURVE('',#4937,#4946,#4948,.T.);
#4946 = VERTEX_POINT('',#4947);
#4947 = CARTESIAN_POINT('',(3.505,1.25,1.25));
#4948 = LINE('',#4949,#4950);
#4949 = CARTESIAN_POINT('',(1.93,1.25,1.25));
#4950 = VECTOR('',#4951,1.);
#4951 = DIRECTION('',(1.,0.,0.));
#4952 = ORIENTED_EDGE('',*,*,#4953,.F.);
#4953 = EDGE_CURVE('',#4946,#4946,#4954,.T.);
#4954 = CIRCLE('',#4955,1.25);
#4955 = AXIS2_PLACEMENT_3D('',#4956,#4957,#4958);
#4956 = CARTESIAN_POINT('',(3.505,0.,1.25));
#4957 = DIRECTION('',(1.,0.,0.));
#4958 = DIRECTION('',(-0.,1.,0.));
#4959 = ORIENTED_EDGE('',*,*,#4945,.F.);
#4960 = CYLINDRICAL_SURFACE('',#4961,1.25);
#4961 = AXIS2_PLACEMENT_3D('',#4962,#4963,#4964);
#4962 = CARTESIAN_POINT('',(1.93,0.,1.25));
#4963 = DIRECTION('',(-1.,-0.,-0.));
#4964 = DIRECTION('',(0.,1.,0.));
#4965 = ADVANCED_FACE('',(#4966),#4986,.T.);
#4966 = FACE_BOUND('',#4967,.T.);
#4967 = EDGE_LOOP('',(#4968,#4977,#4984,#4985));
#4968 = ORIENTED_EDGE('',*,*,#4969,.T.);
#4969 = EDGE_CURVE('',#4970,#4970,#4972,.T.);
#4970 = VERTEX_POINT('',#4971);
#4971 = CARTESIAN_POINT('',(1.93,0.625,1.25));
#4972 = CIRCLE('',#4973,0.625);
#4973 = AXIS2_PLACEMENT_3D('',#4974,#4975,#4976);
#4974 = CARTESIAN_POINT('',(1.93,0.,1.25));
#4975 = DIRECTION('',(1.,0.,0.));
#4976 = DIRECTION('',(-0.,1.,0.));
#4977 = ORIENTED_EDGE('',*,*,#4978,.F.);
#4978 = EDGE_CURVE('',#4937,#4970,#4979,.T.);
#4979 = CIRCLE('',#4980,0.625);
#4980 = AXIS2_PLACEMENT_3D('',#4981,#4982,#4983);
#4981 = CARTESIAN_POINT('',(2.555,0.625,1.25));
#4982 = DIRECTION('',(0.,-0.,1.));
#4983 = DIRECTION('',(0.,1.,0.));
#4984 = ORIENTED_EDGE('',*,*,#4936,.F.);
#4985 = ORIENTED_EDGE('',*,*,#4978,.T.);
#4986 = TOROIDAL_SURFACE('',#4987,0.625,0.625);
#4987 = AXIS2_PLACEMENT_3D('',#4988,#4989,#4990);
#4988 = CARTESIAN_POINT('',(2.555,0.,1.25));
#4989 = DIRECTION('',(-1.,0.,0.));
#4990 = DIRECTION('',(0.,1.,0.));
#4991 = ADVANCED_FACE('',(#4992,#4995),#5006,.F.);
#4992 = FACE_BOUND('',#4993,.F.);
#4993 = EDGE_LOOP('',(#4994));
#4994 = ORIENTED_EDGE('',*,*,#4953,.F.);
#4995 = FACE_BOUND('',#4996,.F.);
#4996 = EDGE_LOOP('',(#4997));
#4997 = ORIENTED_EDGE('',*,*,#4998,.F.);
#4998 = EDGE_CURVE('',#4999,#4999,#5001,.T.);
#4999 = VERTEX_POINT('',#5000);
#5000 = CARTESIAN_POINT('',(3.505,1.125,1.25));
#5001 = CIRCLE('',#5002,1.125);
#5002 = AXIS2_PLACEMENT_3D('',#5003,#5004,#5005);
#5003 = CARTESIAN_POINT('',(3.505,0.,1.25));
#5004 = DIRECTION('',(-1.,0.,0.));
#5005 = DIRECTION('',(0.,1.,0.));
#5006 = PLANE('',#5007);
#5007 = AXIS2_PLACEMENT_3D('',#5008,#5009,#5010);
#5008 = CARTESIAN_POINT('',(3.505,1.25,1.25));
#5009 = DIRECTION('',(-1.,0.,0.));
#5010 = DIRECTION('',(0.,0.,-1.));
#5011 = ADVANCED_FACE('',(#5012,#5015),#5026,.T.);
#5012 = FACE_BOUND('',#5013,.T.);
#5013 = EDGE_LOOP('',(#5014));
#5014 = ORIENTED_EDGE('',*,*,#4969,.F.);
#5015 = FACE_BOUND('',#5016,.T.);
#5016 = EDGE_LOOP('',(#5017));
#5017 = ORIENTED_EDGE('',*,*,#5018,.T.);
#5018 = EDGE_CURVE('',#5019,#5019,#5021,.T.);
#5019 = VERTEX_POINT('',#5020);
#5020 = CARTESIAN_POINT('',(1.93,0.,0.95));
#5021 = CIRCLE('',#5022,0.3);
#5022 = AXIS2_PLACEMENT_3D('',#5023,#5024,#5025);
#5023 = CARTESIAN_POINT('',(1.93,0.,1.25));
#5024 = DIRECTION('',(1.,-0.,0.));
#5025 = DIRECTION('',(0.,0.,-1.));
#5026 = PLANE('',#5027);
#5027 = AXIS2_PLACEMENT_3D('',#5028,#5029,#5030);
#5028 = CARTESIAN_POINT('',(1.93,1.25,1.25));
#5029 = DIRECTION('',(-1.,0.,0.));
#5030 = DIRECTION('',(0.,0.,-1.));
#5031 = ADVANCED_FACE('',(#5032),#5051,.T.);
#5032 = FACE_BOUND('',#5033,.T.);
#5033 = EDGE_LOOP('',(#5034,#5043,#5049,#5050));
#5034 = ORIENTED_EDGE('',*,*,#5035,.T.);
#5035 = EDGE_CURVE('',#5036,#5036,#5038,.T.);
#5036 = VERTEX_POINT('',#5037);
#5037 = CARTESIAN_POINT('',(6.655,1.125,1.25));
#5038 = CIRCLE('',#5039,1.125);
#5039 = AXIS2_PLACEMENT_3D('',#5040,#5041,#5042);
#5040 = CARTESIAN_POINT('',(6.655,0.,1.25));
#5041 = DIRECTION('',(-1.,0.,0.));
#5042 = DIRECTION('',(0.,1.,0.));
#5043 = ORIENTED_EDGE('',*,*,#5044,.F.);
#5044 = EDGE_CURVE('',#4999,#5036,#5045,.T.);
#5045 = LINE('',#5046,#5047);
#5046 = CARTESIAN_POINT('',(1.93,1.125,1.25));
#5047 = VECTOR('',#5048,1.);
#5048 = DIRECTION('',(1.,0.,0.));
#5049 = ORIENTED_EDGE('',*,*,#4998,.F.);
#5050 = ORIENTED_EDGE('',*,*,#5044,.T.);
#5051 = CYLINDRICAL_SURFACE('',#5052,1.125);
#5052 = AXIS2_PLACEMENT_3D('',#5053,#5054,#5055);
#5053 = CARTESIAN_POINT('',(1.93,0.,1.25));
#5054 = DIRECTION('',(-1.,-0.,-0.));
#5055 = DIRECTION('',(0.,1.,0.));
#5056 = ADVANCED_FACE('',(#5057),#5076,.T.);
#5057 = FACE_BOUND('',#5058,.T.);
#5058 = EDGE_LOOP('',(#5059,#5068,#5074,#5075));
#5059 = ORIENTED_EDGE('',*,*,#5060,.F.);
#5060 = EDGE_CURVE('',#5061,#5061,#5063,.T.);
#5061 = VERTEX_POINT('',#5062);
#5062 = CARTESIAN_POINT('',(0.9,0.,0.95));
#5063 = CIRCLE('',#5064,0.3);
#5064 = AXIS2_PLACEMENT_3D('',#5065,#5066,#5067);
#5065 = CARTESIAN_POINT('',(0.9,0.,1.25));
#5066 = DIRECTION('',(-1.,0.,-1.188909441847E-17));
#5067 = DIRECTION('',(-1.188909441847E-17,0.,1.));
#5068 = ORIENTED_EDGE('',*,*,#5069,.T.);
#5069 = EDGE_CURVE('',#5061,#5019,#5070,.T.);
#5070 = LINE('',#5071,#5072);
#5071 = CARTESIAN_POINT('',(0.9,0.,0.95));
#5072 = VECTOR('',#5073,1.);
#5073 = DIRECTION('',(1.,0.,0.));
#5074 = ORIENTED_EDGE('',*,*,#5018,.F.);
#5075 = ORIENTED_EDGE('',*,*,#5069,.F.);
#5076 = CYLINDRICAL_SURFACE('',#5077,0.3);
#5077 = AXIS2_PLACEMENT_3D('',#5078,#5079,#5080);
#5078 = CARTESIAN_POINT('',(0.9,0.,1.25));
#5079 = DIRECTION('',(1.,0.,0.));
#5080 = DIRECTION('',(0.,0.,-1.));
#5081 = ADVANCED_FACE('',(#5082,#5093),#5096,.T.);
#5082 = FACE_BOUND('',#5083,.T.);
#5083 = EDGE_LOOP('',(#5084));
#5084 = ORIENTED_EDGE('',*,*,#5085,.F.);
#5085 = EDGE_CURVE('',#5086,#5086,#5088,.T.);
#5086 = VERTEX_POINT('',#5087);
#5087 = CARTESIAN_POINT('',(6.655,1.25,1.25));
#5088 = CIRCLE('',#5089,1.25);
#5089 = AXIS2_PLACEMENT_3D('',#5090,#5091,#5092);
#5090 = CARTESIAN_POINT('',(6.655,0.,1.25));
#5091 = DIRECTION('',(1.,0.,0.));
#5092 = DIRECTION('',(-0.,1.,0.));
#5093 = FACE_BOUND('',#5094,.T.);
#5094 = EDGE_LOOP('',(#5095));
#5095 = ORIENTED_EDGE('',*,*,#5035,.F.);
#5096 = PLANE('',#5097);
#5097 = AXIS2_PLACEMENT_3D('',#5098,#5099,#5100);
#5098 = CARTESIAN_POINT('',(6.655,1.25,1.25));
#5099 = DIRECTION('',(-1.,0.,0.));
#5100 = DIRECTION('',(0.,0.,-1.));
#5101 = ADVANCED_FACE('',(#5102),#5122,.T.);
#5102 = FACE_BOUND('',#5103,.T.);
#5103 = EDGE_LOOP('',(#5104,#5113,#5114,#5115));
#5104 = ORIENTED_EDGE('',*,*,#5105,.T.);
#5105 = EDGE_CURVE('',#5106,#5061,#5108,.T.);
#5106 = VERTEX_POINT('',#5107);
#5107 = CARTESIAN_POINT('',(0.3,0.,0.35));
#5108 = CIRCLE('',#5109,0.6);
#5109 = AXIS2_PLACEMENT_3D('',#5110,#5111,#5112);
#5110 = CARTESIAN_POINT('',(0.9,1.102182119233E-16,0.35));
#5111 = DIRECTION('',(0.,1.,-0.));
#5112 = DIRECTION('',(-1.,0.,4.93432455389E-16));
#5113 = ORIENTED_EDGE('',*,*,#5060,.T.);
#5114 = ORIENTED_EDGE('',*,*,#5105,.F.);
#5115 = ORIENTED_EDGE('',*,*,#5116,.T.);
#5116 = EDGE_CURVE('',#5106,#5106,#5117,.T.);
#5117 = CIRCLE('',#5118,0.3);
#5118 = AXIS2_PLACEMENT_3D('',#5119,#5120,#5121);
#5119 = CARTESIAN_POINT('',(0.,0.,0.35));
#5120 = DIRECTION('',(0.,0.,1.));
#5121 = DIRECTION('',(1.,0.,-0.));
#5122 = TOROIDAL_SURFACE('',#5123,0.9,0.3);
#5123 = AXIS2_PLACEMENT_3D('',#5124,#5125,#5126);
#5124 = CARTESIAN_POINT('',(0.9,0.,0.35));
#5125 = DIRECTION('',(0.,1.,0.));
#5126 = DIRECTION('',(-1.,0.,4.93432455389E-16));
#5127 = ADVANCED_FACE('',(#5128),#5147,.T.);
#5128 = FACE_BOUND('',#5129,.T.);
#5129 = EDGE_LOOP('',(#5130,#5131,#5139,#5146));
#5130 = ORIENTED_EDGE('',*,*,#5085,.T.);
#5131 = ORIENTED_EDGE('',*,*,#5132,.T.);
#5132 = EDGE_CURVE('',#5086,#5133,#5135,.T.);
#5133 = VERTEX_POINT('',#5134);
#5134 = CARTESIAN_POINT('',(7.605,1.25,1.25));
#5135 = LINE('',#5136,#5137);
#5136 = CARTESIAN_POINT('',(6.655,1.25,1.25));
#5137 = VECTOR('',#5138,1.);
#5138 = DIRECTION('',(1.,0.,0.));
#5139 = ORIENTED_EDGE('',*,*,#5140,.F.);
#5140 = EDGE_CURVE('',#5133,#5133,#5141,.T.);
#5141 = CIRCLE('',#5142,1.25);
#5142 = AXIS2_PLACEMENT_3D('',#5143,#5144,#5145);
#5143 = CARTESIAN_POINT('',(7.605,0.,1.25));
#5144 = DIRECTION('',(1.,0.,0.));
#5145 = DIRECTION('',(-0.,1.,0.));
#5146 = ORIENTED_EDGE('',*,*,#5132,.F.);
#5147 = CYLINDRICAL_SURFACE('',#5148,1.25);
#5148 = AXIS2_PLACEMENT_3D('',#5149,#5150,#5151);
#5149 = CARTESIAN_POINT('',(6.655,0.,1.25));
#5150 = DIRECTION('',(-1.,-0.,-0.));
#5151 = DIRECTION('',(0.,1.,0.));
#5152 = ADVANCED_FACE('',(#5153),#5172,.T.);
#5153 = FACE_BOUND('',#5154,.T.);
#5154 = EDGE_LOOP('',(#5155,#5163,#5164,#5165));
#5155 = ORIENTED_EDGE('',*,*,#5156,.T.);
#5156 = EDGE_CURVE('',#5157,#5106,#5159,.T.);
#5157 = VERTEX_POINT('',#5158);
#5158 = CARTESIAN_POINT('',(0.3,-7.347880794884E-17,-3.));
#5159 = LINE('',#5160,#5161);
#5160 = CARTESIAN_POINT('',(0.3,0.,-3.));
#5161 = VECTOR('',#5162,1.);
#5162 = DIRECTION('',(0.,0.,1.));
#5163 = ORIENTED_EDGE('',*,*,#5116,.F.);
#5164 = ORIENTED_EDGE('',*,*,#5156,.F.);
#5165 = ORIENTED_EDGE('',*,*,#5166,.T.);
#5166 = EDGE_CURVE('',#5157,#5157,#5167,.T.);
#5167 = CIRCLE('',#5168,0.3);
#5168 = AXIS2_PLACEMENT_3D('',#5169,#5170,#5171);
#5169 = CARTESIAN_POINT('',(0.,0.,-3.));
#5170 = DIRECTION('',(0.,0.,1.));
#5171 = DIRECTION('',(1.,0.,-0.));
#5172 = CYLINDRICAL_SURFACE('',#5173,0.3);
#5173 = AXIS2_PLACEMENT_3D('',#5174,#5175,#5176);
#5174 = CARTESIAN_POINT('',(0.,0.,-3.));
#5175 = DIRECTION('',(0.,0.,1.));
#5176 = DIRECTION('',(1.,0.,-0.));
#5177 = ADVANCED_FACE('',(#5178),#5198,.T.);
#5178 = FACE_BOUND('',#5179,.T.);
#5179 = EDGE_LOOP('',(#5180,#5189,#5190,#5191));
#5180 = ORIENTED_EDGE('',*,*,#5181,.F.);
#5181 = EDGE_CURVE('',#5133,#5182,#5184,.T.);
#5182 = VERTEX_POINT('',#5183);
#5183 = CARTESIAN_POINT('',(8.23,0.625,1.25));
#5184 = CIRCLE('',#5185,0.625);
#5185 = AXIS2_PLACEMENT_3D('',#5186,#5187,#5188);
#5186 = CARTESIAN_POINT('',(7.605,0.625,1.25));
#5187 = DIRECTION('',(0.,0.,-1.));
#5188 = DIRECTION('',(0.,1.,0.));
#5189 = ORIENTED_EDGE('',*,*,#5140,.T.);
#5190 = ORIENTED_EDGE('',*,*,#5181,.T.);
#5191 = ORIENTED_EDGE('',*,*,#5192,.F.);
#5192 = EDGE_CURVE('',#5182,#5182,#5193,.T.);
#5193 = CIRCLE('',#5194,0.625);
#5194 = AXIS2_PLACEMENT_3D('',#5195,#5196,#5197);
#5195 = CARTESIAN_POINT('',(8.23,0.,1.25));
#5196 = DIRECTION('',(1.,0.,0.));
#5197 = DIRECTION('',(-0.,1.,0.));
#5198 = TOROIDAL_SURFACE('',#5199,0.625,0.625);
#5199 = AXIS2_PLACEMENT_3D('',#5200,#5201,#5202);
#5200 = CARTESIAN_POINT('',(7.605,0.,1.25));
#5201 = DIRECTION('',(1.,0.,0.));
#5202 = DIRECTION('',(-0.,1.,0.));
#5203 = ADVANCED_FACE('',(#5204),#5207,.T.);
#5204 = FACE_BOUND('',#5205,.F.);
#5205 = EDGE_LOOP('',(#5206));
#5206 = ORIENTED_EDGE('',*,*,#5166,.T.);
#5207 = PLANE('',#5208);
#5208 = AXIS2_PLACEMENT_3D('',#5209,#5210,#5211);
#5209 = CARTESIAN_POINT('',(0.3,0.,-3.));
#5210 = DIRECTION('',(0.,0.,-1.));
#5211 = DIRECTION('',(-1.,0.,0.));
#5212 = ADVANCED_FACE('',(#5213,#5216),#5227,.F.);
#5213 = FACE_BOUND('',#5214,.F.);
#5214 = EDGE_LOOP('',(#5215));
#5215 = ORIENTED_EDGE('',*,*,#5192,.F.);
#5216 = FACE_BOUND('',#5217,.F.);
#5217 = EDGE_LOOP('',(#5218));
#5218 = ORIENTED_EDGE('',*,*,#5219,.T.);
#5219 = EDGE_CURVE('',#5220,#5220,#5222,.T.);
#5220 = VERTEX_POINT('',#5221);
#5221 = CARTESIAN_POINT('',(8.23,0.,0.95));
#5222 = CIRCLE('',#5223,0.3);
#5223 = AXIS2_PLACEMENT_3D('',#5224,#5225,#5226);
#5224 = CARTESIAN_POINT('',(8.23,0.,1.25));
#5225 = DIRECTION('',(1.,-0.,0.));
#5226 = DIRECTION('',(0.,0.,-1.));
#5227 = PLANE('',#5228);
#5228 = AXIS2_PLACEMENT_3D('',#5229,#5230,#5231);
#5229 = CARTESIAN_POINT('',(8.23,1.25,1.25));
#5230 = DIRECTION('',(-1.,0.,0.));
#5231 = DIRECTION('',(0.,0.,-1.));
#5232 = ADVANCED_FACE('',(#5233),#5252,.T.);
#5233 = FACE_BOUND('',#5234,.T.);
#5234 = EDGE_LOOP('',(#5235,#5236,#5244,#5251));
#5235 = ORIENTED_EDGE('',*,*,#5219,.T.);
#5236 = ORIENTED_EDGE('',*,*,#5237,.T.);
#5237 = EDGE_CURVE('',#5220,#5238,#5240,.T.);
#5238 = VERTEX_POINT('',#5239);
#5239 = CARTESIAN_POINT('',(9.26,0.,0.95));
#5240 = LINE('',#5241,#5242);
#5241 = CARTESIAN_POINT('',(0.9,0.,0.95));
#5242 = VECTOR('',#5243,1.);
#5243 = DIRECTION('',(1.,0.,0.));
#5244 = ORIENTED_EDGE('',*,*,#5245,.F.);
#5245 = EDGE_CURVE('',#5238,#5238,#5246,.T.);
#5246 = CIRCLE('',#5247,0.3);
#5247 = AXIS2_PLACEMENT_3D('',#5248,#5249,#5250);
#5248 = CARTESIAN_POINT('',(9.26,0.,1.25));
#5249 = DIRECTION('',(1.,-0.,0.));
#5250 = DIRECTION('',(0.,0.,-1.));
#5251 = ORIENTED_EDGE('',*,*,#5237,.F.);
#5252 = CYLINDRICAL_SURFACE('',#5253,0.3);
#5253 = AXIS2_PLACEMENT_3D('',#5254,#5255,#5256);
#5254 = CARTESIAN_POINT('',(0.9,0.,1.25));
#5255 = DIRECTION('',(1.,0.,0.));
#5256 = DIRECTION('',(0.,0.,-1.));
#5257 = ADVANCED_FACE('',(#5258),#5278,.T.);
#5258 = FACE_BOUND('',#5259,.T.);
#5259 = EDGE_LOOP('',(#5260,#5269,#5276,#5277));
#5260 = ORIENTED_EDGE('',*,*,#5261,.T.);
#5261 = EDGE_CURVE('',#5238,#5262,#5264,.T.);
#5262 = VERTEX_POINT('',#5263);
#5263 = CARTESIAN_POINT('',(9.86,0.,0.35));
#5264 = CIRCLE('',#5265,0.6);
#5265 = AXIS2_PLACEMENT_3D('',#5266,#5267,#5268);
#5266 = CARTESIAN_POINT('',(9.26,1.102182119233E-16,0.35));
#5267 = DIRECTION('',(0.,1.,0.));
#5268 = DIRECTION('',(0.,-0.,1.));
#5269 = ORIENTED_EDGE('',*,*,#5270,.T.);
#5270 = EDGE_CURVE('',#5262,#5262,#5271,.T.);
#5271 = CIRCLE('',#5272,0.3);
#5272 = AXIS2_PLACEMENT_3D('',#5273,#5274,#5275);
#5273 = CARTESIAN_POINT('',(10.16,0.,0.35));
#5274 = DIRECTION('',(-5.053215498074E-16,0.,1.));
#5275 = DIRECTION('',(1.,0.,5.053215498074E-16));
#5276 = ORIENTED_EDGE('',*,*,#5261,.F.);
#5277 = ORIENTED_EDGE('',*,*,#5245,.T.);
#5278 = TOROIDAL_SURFACE('',#5279,0.9,0.3);
#5279 = AXIS2_PLACEMENT_3D('',#5280,#5281,#5282);
#5280 = CARTESIAN_POINT('',(9.26,0.,0.35));
#5281 = DIRECTION('',(0.,1.,0.));
#5282 = DIRECTION('',(0.,-0.,1.));
#5283 = ADVANCED_FACE('',(#5284),#5303,.T.);
#5284 = FACE_BOUND('',#5285,.T.);
#5285 = EDGE_LOOP('',(#5286,#5294,#5301,#5302));
#5286 = ORIENTED_EDGE('',*,*,#5287,.T.);
#5287 = EDGE_CURVE('',#5262,#5288,#5290,.T.);
#5288 = VERTEX_POINT('',#5289);
#5289 = CARTESIAN_POINT('',(9.86,-7.347880794884E-17,-3.));
#5290 = LINE('',#5291,#5292);
#5291 = CARTESIAN_POINT('',(9.86,0.,0.35));
#5292 = VECTOR('',#5293,1.);
#5293 = DIRECTION('',(0.,0.,-1.));
#5294 = ORIENTED_EDGE('',*,*,#5295,.F.);
#5295 = EDGE_CURVE('',#5288,#5288,#5296,.T.);
#5296 = CIRCLE('',#5297,0.3);
#5297 = AXIS2_PLACEMENT_3D('',#5298,#5299,#5300);
#5298 = CARTESIAN_POINT('',(10.16,0.,-3.));
#5299 = DIRECTION('',(0.,0.,-1.));
#5300 = DIRECTION('',(-1.,0.,0.));
#5301 = ORIENTED_EDGE('',*,*,#5287,.F.);
#5302 = ORIENTED_EDGE('',*,*,#5270,.F.);
#5303 = CYLINDRICAL_SURFACE('',#5304,0.3);
#5304 = AXIS2_PLACEMENT_3D('',#5305,#5306,#5307);
#5305 = CARTESIAN_POINT('',(10.16,0.,0.35));
#5306 = DIRECTION('',(0.,0.,-1.));
#5307 = DIRECTION('',(-1.,0.,0.));
#5308 = ADVANCED_FACE('',(#5309),#5312,.F.);
#5309 = FACE_BOUND('',#5310,.T.);
#5310 = EDGE_LOOP('',(#5311));
#5311 = ORIENTED_EDGE('',*,*,#5295,.T.);
#5312 = PLANE('',#5313);
#5313 = AXIS2_PLACEMENT_3D('',#5314,#5315,#5316);
#5314 = CARTESIAN_POINT('',(9.86,0.,-3.));
#5315 = DIRECTION('',(0.,0.,1.));
#5316 = DIRECTION('',(1.,0.,-0.));
#5317 = ( GEOMETRIC_REPRESENTATION_CONTEXT(3) 
GLOBAL_UNCERTAINTY_ASSIGNED_CONTEXT((#5321)) 
GLOBAL_UNIT_ASSIGNED_CONTEXT((#5318,#5319,#5320)) REPRESENTATION_CONTEXT
('Context #1','3D Context with UNIT and UNCERTAINTY') );
#5318 = ( LENGTH_UNIT() NAMED_UNIT(*) SI_UNIT(.MILLI.,.METRE.) );
#5319 = ( NAMED_UNIT(*) PLANE_ANGLE_UNIT() SI_UNIT($,.RADIAN.) );
#5320 = ( NAMED_UNIT(*) SI_UNIT($,.STERADIAN.) SOLID_ANGLE_UNIT() );
#5321 = UNCERTAINTY_MEASURE_WITH_UNIT(LENGTH_MEASURE(1.E-07),#5318,
  'distance_accuracy_value','confusion accuracy');
#5322 = CONTEXT_DEPENDENT_SHAPE_REPRESENTATION(#5323,#5325);
#5323 = ( REPRESENTATION_RELATIONSHIP('','',#4929,#4906) 
REPRESENTATION_RELATIONSHIP_WITH_TRANSFORMATION(#5324) 
SHAPE_REPRESENTATION_RELATIONSHIP() );
#5324 = ITEM_DEFINED_TRANSFORMATION('','',#11,#4907);
#5325 = PRODUCT_DEFINITION_SHAPE('Placement','Placement of an item',
  #5326);
#5326 = NEXT_ASSEMBLY_USAGE_OCCURRENCE('3','=>[0:1:1:5]','',#4901,#4924,
  $);
#5327 = PRODUCT_RELATED_PRODUCT_CATEGORY('part',$,(#4926));
#5328 = CONTEXT_DEPENDENT_SHAPE_REPRESENTATION(#5329,#5331);
#5329 = ( REPRESENTATION_RELATIONSHIP('','',#4906,#10) 
REPRESENTATION_RELATIONSHIP_WITH_TRANSFORMATION(#5330) 
SHAPE_REPRESENTATION_RELATIONSHIP() );
#5330 = ITEM_DEFINED_TRANSFORMATION('','',#11,#23);
#5331 = PRODUCT_DEFINITION_SHAPE('Placement','Placement of an item',
  #5332);
#5332 = NEXT_ASSEMBLY_USAGE_OCCURRENCE('5','R4','',#5,#4901,$);
#5333 = SHAPE_DEFINITION_REPRESENTATION(#5334,#5340);
#5334 = PRODUCT_DEFINITION_SHAPE('','',#5335);
#5335 = PRODUCT_DEFINITION('design','',#5336,#5339);
#5336 = PRODUCT_DEFINITION_FORMATION('','',#5337);
#5337 = PRODUCT('CP_Radial_D5.0mm_P2.00mm','CP_Radial_D5.0mm_P2.00mm',''
  ,(#5338));
#5338 = PRODUCT_CONTEXT('',#2,'mechanical');
#5339 = PRODUCT_DEFINITION_CONTEXT('part definition',#2,'design');
#5340 = SHAPE_REPRESENTATION('',(#11,#5341),#5345);
#5341 = AXIS2_PLACEMENT_3D('',#5342,#5343,#5344);
#5342 = CARTESIAN_POINT('',(0.,0.,0.));
#5343 = DIRECTION('',(0.,0.,1.));
#5344 = DIRECTION('',(1.,0.,-0.));
#5345 = ( GEOMETRIC_REPRESENTATION_CONTEXT(3) 
GLOBAL_UNCERTAINTY_ASSIGNED_CONTEXT((#5349)) 
GLOBAL_UNIT_ASSIGNED_CONTEXT((#5346,#5347,#5348)) REPRESENTATION_CONTEXT
('Context #1','3D Context with UNIT and UNCERTAINTY') );
#5346 = ( LENGTH_UNIT() NAMED_UNIT(*) SI_UNIT(.MILLI.,.METRE.) );
#5347 = ( NAMED_UNIT(*) PLANE_ANGLE_UNIT() SI_UNIT($,.RADIAN.) );
#5348 = ( NAMED_UNIT(*) SI_UNIT($,.STERADIAN.) SOLID_ANGLE_UNIT() );
#5349 = UNCERTAINTY_MEASURE_WITH_UNIT(LENGTH_MEASURE(2.E-06),#5346,
  'distance_accuracy_value','confusion accuracy');
#5350 = CONTEXT_DEPENDENT_SHAPE_REPRESENTATION(#5351,#5353);
#5351 = ( REPRESENTATION_RELATIONSHIP('','',#5340,#10) 
REPRESENTATION_RELATIONSHIP_WITH_TRANSFORMATION(#5352) 
SHAPE_REPRESENTATION_RELATIONSHIP() );
#5352 = ITEM_DEFINED_TRANSFORMATION('','',#11,#27);
#5353 = PRODUCT_DEFINITION_SHAPE('Placement','Placement of an item',
  #5354);
#5354 = NEXT_ASSEMBLY_USAGE_OCCURRENCE('7','C3','',#5,#5335,$);
#5355 = PRODUCT_RELATED_PRODUCT_CATEGORY('part',$,(#5337));
#5356 = SHAPE_DEFINITION_REPRESENTATION(#5357,#5363);
#5357 = PRODUCT_DEFINITION_SHAPE('','',#5358);
#5358 = PRODUCT_DEFINITION('design','',#5359,#5362);
#5359 = PRODUCT_DEFINITION_FORMATION('','',#5360);
#5360 = PRODUCT('CP_Radial_D50mm_P200mm','CP_Radial_D50mm_P200mm','',(
    #5361));
#5361 = PRODUCT_CONTEXT('',#2,'mechanical');
#5362 = PRODUCT_DEFINITION_CONTEXT('part definition',#2,'design');
#5363 = ADVANCED_BREP_SHAPE_REPRESENTATION('',(#11,#5364),#7404);
#5364 = BREP_WITH_VOIDS('',#5365,(#7282));
#5365 = CLOSED_SHELL('',(#5366,#5383,#5408,#5457,#5490,#5508,#5533,#5565
    ,#5583,#5592,#5630,#5652,#5712,#5740,#5906,#5972,#6038,#6156,#6322,
    #6402,#6436,#6516,#6548,#6614,#6691,#6725,#6740,#6758,#6790,#6808,
    #6951,#7003,#7027,#7051,#7075,#7137,#7154,#7178,#7194,#7218,#7230,
    #7246,#7258,#7270));
#5366 = ADVANCED_FACE('',(#5367),#5378,.F.);
#5367 = FACE_BOUND('',#5368,.F.);
#5368 = EDGE_LOOP('',(#5369));
#5369 = ORIENTED_EDGE('',*,*,#5370,.T.);
#5370 = EDGE_CURVE('',#5371,#5371,#5373,.T.);
#5371 = VERTEX_POINT('',#5372);
#5372 = CARTESIAN_POINT('',(1.75,-9.184850993605E-17,-1.9));
#5373 = CIRCLE('',#5374,0.25);
#5374 = AXIS2_PLACEMENT_3D('',#5375,#5376,#5377);
#5375 = CARTESIAN_POINT('',(2.,-1.224646799147E-16,-1.9));
#5376 = DIRECTION('',(0.,0.,1.));
#5377 = DIRECTION('',(-1.,1.224646799147E-16,0.));
#5378 = PLANE('',#5379);
#5379 = AXIS2_PLACEMENT_3D('',#5380,#5381,#5382);
#5380 = CARTESIAN_POINT('',(2.,-1.443086680282E-16,-1.9));
#5381 = DIRECTION('',(-1.889979252092E-31,4.08046586736E-33,1.));
#5382 = DIRECTION('',(-1.,1.224646799147E-16,-1.889979252092E-31));
#5383 = ADVANCED_FACE('',(#5384),#5403,.T.);
#5384 = FACE_BOUND('',#5385,.T.);
#5385 = EDGE_LOOP('',(#5386,#5395,#5401,#5402));
#5386 = ORIENTED_EDGE('',*,*,#5387,.F.);
#5387 = EDGE_CURVE('',#5388,#5388,#5390,.T.);
#5388 = VERTEX_POINT('',#5389);
#5389 = CARTESIAN_POINT('',(1.75,-9.184850993605E-17,0.2));
#5390 = CIRCLE('',#5391,0.25);
#5391 = AXIS2_PLACEMENT_3D('',#5392,#5393,#5394);
#5392 = CARTESIAN_POINT('',(2.,-1.224646799147E-16,0.2));
#5393 = DIRECTION('',(0.,0.,1.));
#5394 = DIRECTION('',(-1.,1.224646799147E-16,0.));
#5395 = ORIENTED_EDGE('',*,*,#5396,.T.);
#5396 = EDGE_CURVE('',#5388,#5371,#5397,.T.);
#5397 = LINE('',#5398,#5399);
#5398 = CARTESIAN_POINT('',(1.75,-9.184850993605E-17,0.3));
#5399 = VECTOR('',#5400,1.);
#5400 = DIRECTION('',(0.,0.,-1.));
#5401 = ORIENTED_EDGE('',*,*,#5370,.T.);
#5402 = ORIENTED_EDGE('',*,*,#5396,.F.);
#5403 = CYLINDRICAL_SURFACE('',#5404,0.25);
#5404 = AXIS2_PLACEMENT_3D('',#5405,#5406,#5407);
#5405 = CARTESIAN_POINT('',(2.,-1.224646799147E-16,0.3));
#5406 = DIRECTION('',(0.,0.,1.));
#5407 = DIRECTION('',(-1.,1.224646799147E-16,0.));
#5408 = ADVANCED_FACE('',(#5409,#5438,#5441),#5452,.F.);
#5409 = FACE_BOUND('',#5410,.F.);
#5410 = EDGE_LOOP('',(#5411,#5422,#5431));
#5411 = ORIENTED_EDGE('',*,*,#5412,.T.);
#5412 = EDGE_CURVE('',#5413,#5415,#5417,.T.);
#5413 = VERTEX_POINT('',#5414);
#5414 = CARTESIAN_POINT('',(-0.75,2.143131898508E-16,0.2));
#5415 = VERTEX_POINT('',#5416);
#5416 = CARTESIAN_POINT('',(2.616789181895,-0.669696006639,0.2));
#5417 = CIRCLE('',#5418,1.75);
#5418 = AXIS2_PLACEMENT_3D('',#5419,#5420,#5421);
#5419 = CARTESIAN_POINT('',(1.,0.,0.2));
#5420 = DIRECTION('',(0.,0.,1.));
#5421 = DIRECTION('',(-1.,1.224646799147E-16,0.));
#5422 = ORIENTED_EDGE('',*,*,#5423,.T.);
#5423 = EDGE_CURVE('',#5415,#5424,#5426,.T.);
#5424 = VERTEX_POINT('',#5425);
#5425 = CARTESIAN_POINT('',(2.616789181895,0.669696006639,0.2));
#5426 = CIRCLE('',#5427,1.75);
#5427 = AXIS2_PLACEMENT_3D('',#5428,#5429,#5430);
#5428 = CARTESIAN_POINT('',(1.,0.,0.2));
#5429 = DIRECTION('',(0.,0.,1.));
#5430 = DIRECTION('',(-1.,1.224646799147E-16,0.));
#5431 = ORIENTED_EDGE('',*,*,#5432,.T.);
#5432 = EDGE_CURVE('',#5424,#5413,#5433,.T.);
#5433 = CIRCLE('',#5434,1.75);
#5434 = AXIS2_PLACEMENT_3D('',#5435,#5436,#5437);
#5435 = CARTESIAN_POINT('',(1.,0.,0.2));
#5436 = DIRECTION('',(0.,0.,1.));
#5437 = DIRECTION('',(-1.,1.224646799147E-16,0.));
#5438 = FACE_BOUND('',#5439,.F.);
#5439 = EDGE_LOOP('',(#5440));
#5440 = ORIENTED_EDGE('',*,*,#5387,.F.);
#5441 = FACE_BOUND('',#5442,.F.);
#5442 = EDGE_LOOP('',(#5443));
#5443 = ORIENTED_EDGE('',*,*,#5444,.F.);
#5444 = EDGE_CURVE('',#5445,#5445,#5447,.T.);
#5445 = VERTEX_POINT('',#5446);
#5446 = CARTESIAN_POINT('',(-0.25,1.530808498934E-16,0.2));
#5447 = CIRCLE('',#5448,0.25);
#5448 = AXIS2_PLACEMENT_3D('',#5449,#5450,#5451);
#5449 = CARTESIAN_POINT('',(0.,1.224646799147E-16,0.2));
#5450 = DIRECTION('',(0.,0.,1.));
#5451 = DIRECTION('',(-1.,1.224646799147E-16,0.));
#5452 = PLANE('',#5453);
#5453 = AXIS2_PLACEMENT_3D('',#5454,#5455,#5456);
#5454 = CARTESIAN_POINT('',(1.,-1.239108604125E-16,0.2));
#5455 = DIRECTION('',(0.,0.,1.));
#5456 = DIRECTION('',(-1.,1.224646799147E-16,0.));
#5457 = ADVANCED_FACE('',(#5458),#5485,.F.);
#5458 = FACE_BOUND('',#5459,.F.);
#5459 = EDGE_LOOP('',(#5460,#5468,#5469,#5470,#5478));
#5460 = ORIENTED_EDGE('',*,*,#5461,.F.);
#5461 = EDGE_CURVE('',#5415,#5462,#5464,.T.);
#5462 = VERTEX_POINT('',#5463);
#5463 = CARTESIAN_POINT('',(2.616789181895,-0.669696006639,0.));
#5464 = LINE('',#5465,#5466);
#5465 = CARTESIAN_POINT('',(2.616789181895,-0.669696006639,0.3));
#5466 = VECTOR('',#5467,1.);
#5467 = DIRECTION('',(0.,0.,-1.));
#5468 = ORIENTED_EDGE('',*,*,#5412,.F.);
#5469 = ORIENTED_EDGE('',*,*,#5432,.F.);
#5470 = ORIENTED_EDGE('',*,*,#5471,.T.);
#5471 = EDGE_CURVE('',#5424,#5472,#5474,.T.);
#5472 = VERTEX_POINT('',#5473);
#5473 = CARTESIAN_POINT('',(2.616789181895,0.669696006639,0.));
#5474 = LINE('',#5475,#5476);
#5475 = CARTESIAN_POINT('',(2.616789181895,0.669696006639,0.3));
#5476 = VECTOR('',#5477,1.);
#5477 = DIRECTION('',(0.,0.,-1.));
#5478 = ORIENTED_EDGE('',*,*,#5479,.F.);
#5479 = EDGE_CURVE('',#5462,#5472,#5480,.T.);
#5480 = CIRCLE('',#5481,1.75);
#5481 = AXIS2_PLACEMENT_3D('',#5482,#5483,#5484);
#5482 = CARTESIAN_POINT('',(1.,0.,0.));
#5483 = DIRECTION('',(0.,-0.,-1.));
#5484 = DIRECTION('',(0.923879532511,-0.382683432365,0.));
#5485 = CYLINDRICAL_SURFACE('',#5486,1.75);
#5486 = AXIS2_PLACEMENT_3D('',#5487,#5488,#5489);
#5487 = CARTESIAN_POINT('',(1.,0.,0.3));
#5488 = DIRECTION('',(0.,0.,-1.));
#5489 = DIRECTION('',(0.923879532511,-0.382683432365,0.));
#5490 = ADVANCED_FACE('',(#5491),#5503,.F.);
#5491 = FACE_BOUND('',#5492,.F.);
#5492 = EDGE_LOOP('',(#5493,#5494,#5495,#5496));
#5493 = ORIENTED_EDGE('',*,*,#5471,.F.);
#5494 = ORIENTED_EDGE('',*,*,#5423,.F.);
#5495 = ORIENTED_EDGE('',*,*,#5461,.T.);
#5496 = ORIENTED_EDGE('',*,*,#5497,.F.);
#5497 = EDGE_CURVE('',#5472,#5462,#5498,.T.);
#5498 = CIRCLE('',#5499,1.75);
#5499 = AXIS2_PLACEMENT_3D('',#5500,#5501,#5502);
#5500 = CARTESIAN_POINT('',(1.,0.,0.));
#5501 = DIRECTION('',(0.,0.,-1.));
#5502 = DIRECTION('',(0.923879532511,0.382683432365,0.));
#5503 = CYLINDRICAL_SURFACE('',#5504,1.75);
#5504 = AXIS2_PLACEMENT_3D('',#5505,#5506,#5507);
#5505 = CARTESIAN_POINT('',(1.,0.,0.3));
#5506 = DIRECTION('',(0.,0.,-1.));
#5507 = DIRECTION('',(0.923879532511,0.382683432365,0.));
#5508 = ADVANCED_FACE('',(#5509),#5528,.T.);
#5509 = FACE_BOUND('',#5510,.T.);
#5510 = EDGE_LOOP('',(#5511,#5512,#5520,#5527));
#5511 = ORIENTED_EDGE('',*,*,#5444,.F.);
#5512 = ORIENTED_EDGE('',*,*,#5513,.T.);
#5513 = EDGE_CURVE('',#5445,#5514,#5516,.T.);
#5514 = VERTEX_POINT('',#5515);
#5515 = CARTESIAN_POINT('',(-0.25,1.530808498934E-16,-2.));
#5516 = LINE('',#5517,#5518);
#5517 = CARTESIAN_POINT('',(-0.25,1.530808498934E-16,0.3));
#5518 = VECTOR('',#5519,1.);
#5519 = DIRECTION('',(0.,0.,-1.));
#5520 = ORIENTED_EDGE('',*,*,#5521,.T.);
#5521 = EDGE_CURVE('',#5514,#5514,#5522,.T.);
#5522 = CIRCLE('',#5523,0.25);
#5523 = AXIS2_PLACEMENT_3D('',#5524,#5525,#5526);
#5524 = CARTESIAN_POINT('',(0.,1.224646799147E-16,-2.));
#5525 = DIRECTION('',(0.,0.,1.));
#5526 = DIRECTION('',(-1.,1.224646799147E-16,0.));
#5527 = ORIENTED_EDGE('',*,*,#5513,.F.);
#5528 = CYLINDRICAL_SURFACE('',#5529,0.25);
#5529 = AXIS2_PLACEMENT_3D('',#5530,#5531,#5532);
#5530 = CARTESIAN_POINT('',(0.,1.224646799147E-16,0.3));
#5531 = DIRECTION('',(0.,0.,1.));
#5532 = DIRECTION('',(-1.,1.224646799147E-16,0.));
#5533 = ADVANCED_FACE('',(#5534),#5560,.T.);
#5534 = FACE_BOUND('',#5535,.F.);
#5535 = EDGE_LOOP('',(#5536,#5537,#5545,#5554));
#5536 = ORIENTED_EDGE('',*,*,#5479,.T.);
#5537 = ORIENTED_EDGE('',*,*,#5538,.T.);
#5538 = EDGE_CURVE('',#5472,#5539,#5541,.T.);
#5539 = VERTEX_POINT('',#5540);
#5540 = CARTESIAN_POINT('',(3.124922924776,0.88017189444,
    1.387778780781E-17));
#5541 = LINE('',#5542,#5543);
#5542 = CARTESIAN_POINT('',(2.616789181895,0.669696006639,0.));
#5543 = VECTOR('',#5544,1.);
#5544 = DIRECTION('',(0.923879532511,0.382683432365,0.));
#5545 = ORIENTED_EDGE('',*,*,#5546,.F.);
#5546 = EDGE_CURVE('',#5547,#5539,#5549,.T.);
#5547 = VERTEX_POINT('',#5548);
#5548 = CARTESIAN_POINT('',(3.124922924776,-0.88017189444,
    1.387778780781E-17));
#5549 = CIRCLE('',#5550,2.3);
#5550 = AXIS2_PLACEMENT_3D('',#5551,#5552,#5553);
#5551 = CARTESIAN_POINT('',(1.,0.,1.387778780781E-17));
#5552 = DIRECTION('',(0.,-0.,-1.));
#5553 = DIRECTION('',(0.923879532511,-0.382683432365,0.));
#5554 = ORIENTED_EDGE('',*,*,#5555,.F.);
#5555 = EDGE_CURVE('',#5462,#5547,#5556,.T.);
#5556 = LINE('',#5557,#5558);
#5557 = CARTESIAN_POINT('',(2.616789181895,-0.669696006639,0.));
#5558 = VECTOR('',#5559,1.);
#5559 = DIRECTION('',(0.923879532511,-0.382683432365,0.));
#5560 = PLANE('',#5561);
#5561 = AXIS2_PLACEMENT_3D('',#5562,#5563,#5564);
#5562 = CARTESIAN_POINT('',(1.,0.,0.));
#5563 = DIRECTION('',(0.,0.,-1.));
#5564 = DIRECTION('',(0.923879532511,-0.382683432365,0.));
#5565 = ADVANCED_FACE('',(#5566),#5578,.T.);
#5566 = FACE_BOUND('',#5567,.F.);
#5567 = EDGE_LOOP('',(#5568,#5569,#5570,#5577));
#5568 = ORIENTED_EDGE('',*,*,#5497,.T.);
#5569 = ORIENTED_EDGE('',*,*,#5555,.T.);
#5570 = ORIENTED_EDGE('',*,*,#5571,.F.);
#5571 = EDGE_CURVE('',#5539,#5547,#5572,.T.);
#5572 = CIRCLE('',#5573,2.3);
#5573 = AXIS2_PLACEMENT_3D('',#5574,#5575,#5576);
#5574 = CARTESIAN_POINT('',(1.,0.,1.387778780781E-17));
#5575 = DIRECTION('',(0.,0.,-1.));
#5576 = DIRECTION('',(0.923879532511,0.382683432365,0.));
#5577 = ORIENTED_EDGE('',*,*,#5538,.F.);
#5578 = PLANE('',#5579);
#5579 = AXIS2_PLACEMENT_3D('',#5580,#5581,#5582);
#5580 = CARTESIAN_POINT('',(1.,0.,0.));
#5581 = DIRECTION('',(0.,0.,-1.));
#5582 = DIRECTION('',(0.923879532511,0.382683432365,0.));
#5583 = ADVANCED_FACE('',(#5584),#5587,.F.);
#5584 = FACE_BOUND('',#5585,.F.);
#5585 = EDGE_LOOP('',(#5586));
#5586 = ORIENTED_EDGE('',*,*,#5521,.T.);
#5587 = PLANE('',#5588);
#5588 = AXIS2_PLACEMENT_3D('',#5589,#5590,#5591);
#5589 = CARTESIAN_POINT('',(-2.22044604925E-16,1.006206918012E-16,-2.));
#5590 = DIRECTION('',(2.218671295934E-31,4.08046586736E-33,1.));
#5591 = DIRECTION('',(-1.,1.224646799147E-16,2.218671295934E-31));
#5592 = ADVANCED_FACE('',(#5593),#5621,.F.);
#5593 = FACE_BOUND('',#5594,.F.);
#5594 = EDGE_LOOP('',(#5595,#5596,#5605,#5614));
#5595 = ORIENTED_EDGE('',*,*,#5546,.T.);
#5596 = ORIENTED_EDGE('',*,*,#5597,.T.);
#5597 = EDGE_CURVE('',#5539,#5598,#5600,.T.);
#5598 = VERTEX_POINT('',#5599);
#5599 = CARTESIAN_POINT('',(3.309698831278,0.956708580913,0.2));
#5600 = CIRCLE('',#5601,0.2);
#5601 = AXIS2_PLACEMENT_3D('',#5602,#5603,#5604);
#5602 = CARTESIAN_POINT('',(3.124922924776,0.88017189444,0.2));
#5603 = DIRECTION('',(0.382683432365,-0.923879532511,0.));
#5604 = DIRECTION('',(0.,0.,-1.));
#5605 = ORIENTED_EDGE('',*,*,#5606,.F.);
#5606 = EDGE_CURVE('',#5607,#5598,#5609,.T.);
#5607 = VERTEX_POINT('',#5608);
#5608 = CARTESIAN_POINT('',(3.309698831278,-0.956708580913,0.2));
#5609 = CIRCLE('',#5610,2.5);
#5610 = AXIS2_PLACEMENT_3D('',#5611,#5612,#5613);
#5611 = CARTESIAN_POINT('',(1.,0.,0.2));
#5612 = DIRECTION('',(0.,-0.,-1.));
#5613 = DIRECTION('',(0.923879532511,-0.382683432365,0.));
#5614 = ORIENTED_EDGE('',*,*,#5615,.F.);
#5615 = EDGE_CURVE('',#5547,#5607,#5616,.T.);
#5616 = CIRCLE('',#5617,0.2);
#5617 = AXIS2_PLACEMENT_3D('',#5618,#5619,#5620);
#5618 = CARTESIAN_POINT('',(3.124922924776,-0.88017189444,0.2));
#5619 = DIRECTION('',(-0.382683432365,-0.923879532511,-0.));
#5620 = DIRECTION('',(0.,0.,-1.));
#5621 = SURFACE_OF_REVOLUTION('',#5622,#5627);
#5622 = CIRCLE('',#5623,0.2);
#5623 = AXIS2_PLACEMENT_3D('',#5624,#5625,#5626);
#5624 = CARTESIAN_POINT('',(3.124922924776,-0.88017189444,0.2));
#5625 = DIRECTION('',(-0.382683432365,-0.923879532511,-0.));
#5626 = DIRECTION('',(0.,0.,-1.));
#5627 = AXIS1_PLACEMENT('',#5628,#5629);
#5628 = CARTESIAN_POINT('',(1.,0.,0.));
#5629 = DIRECTION('',(0.,0.,-1.));
#5630 = ADVANCED_FACE('',(#5631),#5643,.F.);
#5631 = FACE_BOUND('',#5632,.F.);
#5632 = EDGE_LOOP('',(#5633,#5634,#5635,#5642));
#5633 = ORIENTED_EDGE('',*,*,#5571,.T.);
#5634 = ORIENTED_EDGE('',*,*,#5615,.T.);
#5635 = ORIENTED_EDGE('',*,*,#5636,.F.);
#5636 = EDGE_CURVE('',#5598,#5607,#5637,.T.);
#5637 = CIRCLE('',#5638,2.5);
#5638 = AXIS2_PLACEMENT_3D('',#5639,#5640,#5641);
#5639 = CARTESIAN_POINT('',(1.,0.,0.2));
#5640 = DIRECTION('',(0.,0.,-1.));
#5641 = DIRECTION('',(0.923879532511,0.382683432365,0.));
#5642 = ORIENTED_EDGE('',*,*,#5597,.F.);
#5643 = SURFACE_OF_REVOLUTION('',#5644,#5649);
#5644 = CIRCLE('',#5645,0.2);
#5645 = AXIS2_PLACEMENT_3D('',#5646,#5647,#5648);
#5646 = CARTESIAN_POINT('',(3.124922924776,0.88017189444,0.2));
#5647 = DIRECTION('',(0.382683432365,-0.923879532511,0.));
#5648 = DIRECTION('',(0.,0.,-1.));
#5649 = AXIS1_PLACEMENT('',#5650,#5651);
#5650 = CARTESIAN_POINT('',(1.,0.,0.));
#5651 = DIRECTION('',(0.,0.,-1.));
#5652 = ADVANCED_FACE('',(#5653),#5707,.T.);
#5653 = FACE_BOUND('',#5654,.T.);
#5654 = EDGE_LOOP('',(#5655,#5694,#5700,#5701));
#5655 = ORIENTED_EDGE('',*,*,#5656,.T.);
#5656 = EDGE_CURVE('',#5657,#5659,#5661,.T.);
#5657 = VERTEX_POINT('',#5658);
#5658 = CARTESIAN_POINT('',(3.309698831278,-0.956708580913,
    1.064979142851));
#5659 = VERTEX_POINT('',#5660);
#5660 = CARTESIAN_POINT('',(3.309698831278,0.956708580913,1.064979142851
    ));
#5661 = B_SPLINE_CURVE_WITH_KNOTS('',11,(#5662,#5663,#5664,#5665,#5666,
    #5667,#5668,#5669,#5670,#5671,#5672,#5673,#5674,#5675,#5676,#5677,
    #5678,#5679,#5680,#5681,#5682,#5683,#5684,#5685,#5686,#5687,#5688,
    #5689,#5690,#5691,#5692,#5693),.UNSPECIFIED.,.F.,.F.,(12,10,10,12),(
    -0.585615641583,2.874910026413E-15,13.744467859455,14.330083501039),
  .UNSPECIFIED.);
#5662 = CARTESIAN_POINT('',(3.533804235046,-0.415670275735,
    1.064979142851));
#5663 = CARTESIAN_POINT('',(3.513289829604,-0.465196431576,
    1.064979142851));
#5664 = CARTESIAN_POINT('',(3.492803661547,-0.514654416342,
    1.064979142851));
#5665 = CARTESIAN_POINT('',(3.472345730872,-0.564044230035,
    1.064979142851));
#5666 = CARTESIAN_POINT('',(3.451916037581,-0.613365872653,
    1.064979142851));
#5667 = CARTESIAN_POINT('',(3.431514581673,-0.662619344198,
    1.064979142851));
#5668 = CARTESIAN_POINT('',(3.411141363149,-0.711804644669,
    1.064979142851));
#5669 = CARTESIAN_POINT('',(3.390796382008,-0.760921774065,
    1.064979142851));
#5670 = CARTESIAN_POINT('',(3.370479638251,-0.809970732388,
    1.064979142851));
#5671 = CARTESIAN_POINT('',(3.350191131876,-0.858951519637,
    1.064979142851));
#5672 = CARTESIAN_POINT('',(3.329930862886,-0.907864135812,
    1.064979142851));
#5673 = CARTESIAN_POINT('',(2.834850674205,-2.103093441787,
    1.064979142851));
#5674 = CARTESIAN_POINT('',(1.727586252494,-3.009448724487,
    1.064979062911));
#5675 = CARTESIAN_POINT('',(0.105855011951,-3.257464103804,
    1.064979307428));
#5676 = CARTESIAN_POINT('',(-1.475741298782,-2.506760000403,
    1.064978963603));
#5677 = CARTESIAN_POINT('',(-2.588653308495,-1.059860959896,
    1.064979218435));
#5678 = CARTESIAN_POINT('',(-2.588653308509,1.059860959896,
    1.064979218442));
#5679 = CARTESIAN_POINT('',(-1.475741298772,2.506760000402,
    1.064978963597));
#5680 = CARTESIAN_POINT('',(0.105855011945,3.257464103804,1.064979307432
    ));
#5681 = CARTESIAN_POINT('',(1.727586252497,3.009448724487,1.064979062909
    ));
#5682 = CARTESIAN_POINT('',(2.834850674204,2.103093441788,1.064979142851
    ));
#5683 = CARTESIAN_POINT('',(3.329930862886,0.907864135812,1.064979142851
    ));
#5684 = CARTESIAN_POINT('',(3.350191131876,0.858951519637,1.064979142851
    ));
#5685 = CARTESIAN_POINT('',(3.370479638251,0.809970732388,1.064979142851
    ));
#5686 = CARTESIAN_POINT('',(3.390796382008,0.760921774065,1.064979142851
    ));
#5687 = CARTESIAN_POINT('',(3.411141363149,0.711804644669,1.064979142851
    ));
#5688 = CARTESIAN_POINT('',(3.431514581673,0.662619344198,1.064979142851
    ));
#5689 = CARTESIAN_POINT('',(3.451916037581,0.613365872653,1.064979142851
    ));
#5690 = CARTESIAN_POINT('',(3.472345730872,0.564044230035,1.064979142851
    ));
#5691 = CARTESIAN_POINT('',(3.492803661547,0.514654416342,1.064979142851
    ));
#5692 = CARTESIAN_POINT('',(3.513289829605,0.465196431576,1.064979142851
    ));
#5693 = CARTESIAN_POINT('',(3.533804235046,0.415670275736,1.064979142851
    ));
#5694 = ORIENTED_EDGE('',*,*,#5695,.F.);
#5695 = EDGE_CURVE('',#5598,#5659,#5696,.T.);
#5696 = LINE('',#5697,#5698);
#5697 = CARTESIAN_POINT('',(3.309698831278,0.956708580913,0.2));
#5698 = VECTOR('',#5699,1.);
#5699 = DIRECTION('',(0.,0.,1.));
#5700 = ORIENTED_EDGE('',*,*,#5606,.F.);
#5701 = ORIENTED_EDGE('',*,*,#5702,.T.);
#5702 = EDGE_CURVE('',#5607,#5657,#5703,.T.);
#5703 = LINE('',#5704,#5705);
#5704 = CARTESIAN_POINT('',(3.309698831278,-0.956708580913,0.2));
#5705 = VECTOR('',#5706,1.);
#5706 = DIRECTION('',(0.,0.,1.));
#5707 = CYLINDRICAL_SURFACE('',#5708,2.5);
#5708 = AXIS2_PLACEMENT_3D('',#5709,#5710,#5711);
#5709 = CARTESIAN_POINT('',(1.,0.,0.2));
#5710 = DIRECTION('',(0.,0.,1.));
#5711 = DIRECTION('',(0.923879532511,-0.382683432365,0.));
#5712 = ADVANCED_FACE('',(#5713),#5735,.T.);
#5713 = FACE_BOUND('',#5714,.T.);
#5714 = EDGE_LOOP('',(#5715,#5732,#5733,#5734));
#5715 = ORIENTED_EDGE('',*,*,#5716,.T.);
#5716 = EDGE_CURVE('',#5659,#5657,#5717,.T.);
#5717 = B_SPLINE_CURVE_WITH_KNOTS('',5,(#5718,#5719,#5720,#5721,#5722,
    #5723,#5724,#5725,#5726,#5727,#5728,#5729,#5730,#5731),
  .UNSPECIFIED.,.F.,.F.,(6,4,4,6),(-0.119413470026,-1.353371911114E-07,
    1.96349554383,2.08290869425),.UNSPECIFIED.);
#5718 = CARTESIAN_POINT('',(3.264001325546,1.067032118743,1.064979142851
    ));
#5719 = CARTESIAN_POINT('',(3.273140829292,1.0449674049,1.064979142851)
  );
#5720 = CARTESIAN_POINT('',(3.282280331654,1.0229026944,1.064979142851)
  );
#5721 = CARTESIAN_POINT('',(3.291419832631,1.000837987243,1.064979142851
    ));
#5722 = CARTESIAN_POINT('',(3.300559332224,0.978773283428,1.064979142851
    ));
#5723 = CARTESIAN_POINT('',(3.45997823841,0.593901998977,1.064979142851)
  );
#5724 = CARTESIAN_POINT('',(3.539038746156,0.201591257513,1.064979142851
    ));
#5725 = CARTESIAN_POINT('',(3.539039291386,-0.201589955698,
    1.064979142851));
#5726 = CARTESIAN_POINT('',(3.45997851584,-0.593901329202,1.064979142851
    ));
#5727 = CARTESIAN_POINT('',(3.300559329455,-0.978773290113,
    1.064979142851));
#5728 = CARTESIAN_POINT('',(3.291419828478,-1.00083799727,1.064979142851
    ));
#5729 = CARTESIAN_POINT('',(3.2822803275,-1.022902704428,1.064979142851)
  );
#5730 = CARTESIAN_POINT('',(3.273140826523,-1.044967411585,
    1.064979142851));
#5731 = CARTESIAN_POINT('',(3.264001325546,-1.067032118743,
    1.064979142851));
#5732 = ORIENTED_EDGE('',*,*,#5702,.F.);
#5733 = ORIENTED_EDGE('',*,*,#5636,.F.);
#5734 = ORIENTED_EDGE('',*,*,#5695,.T.);
#5735 = CYLINDRICAL_SURFACE('',#5736,2.5);
#5736 = AXIS2_PLACEMENT_3D('',#5737,#5738,#5739);
#5737 = CARTESIAN_POINT('',(1.,0.,0.2));
#5738 = DIRECTION('',(0.,0.,1.));
#5739 = DIRECTION('',(0.923879532511,0.382683432365,-0.));
#5740 = ADVANCED_FACE('',(#5741),#5809,.T.);
#5741 = FACE_BOUND('',#5742,.T.);
#5742 = EDGE_LOOP('',(#5743,#5758,#5795,#5808));
#5743 = ORIENTED_EDGE('',*,*,#5744,.T.);
#5744 = EDGE_CURVE('',#5657,#5745,#5747,.T.);
#5745 = VERTEX_POINT('',#5746);
#5746 = CARTESIAN_POINT('',(3.235446538439,-0.925952274181,
    1.269338405373));
#5747 = B_SPLINE_CURVE_WITH_KNOTS('',5,(#5748,#5749,#5750,#5751,#5752,
    #5753,#5754,#5755,#5756,#5757),.UNSPECIFIED.,.F.,.F.,(6,4,6),(0.,0.5
    ,1.),.UNSPECIFIED.);
#5748 = CARTESIAN_POINT('',(3.309698831278,-0.956708580913,
    1.064979142851));
#5749 = CARTESIAN_POINT('',(3.30969883117,-0.956708580868,1.086946886076
    ));
#5750 = CARTESIAN_POINT('',(3.307841659805,-0.955939315301,
    1.109289585017));
#5751 = CARTESIAN_POINT('',(3.303997166347,-0.95434687397,1.131655175667
    ));
#5752 = CARTESIAN_POINT('',(3.298159251937,-0.951928730645,
    1.153610443506));
#5753 = CARTESIAN_POINT('',(3.282778034968,-0.945557621971,
    1.195943064308));
#5754 = CARTESIAN_POINT('',(3.273234543788,-0.941604578492,1.2163209364)
  );
#5755 = CARTESIAN_POINT('',(3.261973435419,-0.936940074678,
    1.235529410754));
#5756 = CARTESIAN_POINT('',(3.249271815997,-0.93167889165,1.253255827993
    ));
#5757 = CARTESIAN_POINT('',(3.235446538439,-0.925952274181,
    1.269338405373));
#5758 = ORIENTED_EDGE('',*,*,#5759,.T.);
#5759 = EDGE_CURVE('',#5745,#5760,#5762,.T.);
#5760 = VERTEX_POINT('',#5761);
#5761 = CARTESIAN_POINT('',(3.235446538439,0.925952274181,1.269338405373
    ));
#5762 = B_SPLINE_CURVE_WITH_KNOTS('',11,(#5763,#5764,#5765,#5766,#5767,
    #5768,#5769,#5770,#5771,#5772,#5773,#5774,#5775,#5776,#5777,#5778,
    #5779,#5780,#5781,#5782,#5783,#5784,#5785,#5786,#5787,#5788,#5789,
    #5790,#5791,#5792,#5793,#5794),.UNSPECIFIED.,.F.,.F.,(12,10,10,12),(
    -0.585615641583,2.874910026413E-15,13.744467859455,14.330083501039),
  .UNSPECIFIED.);
#5763 = CARTESIAN_POINT('',(3.459551942206,-0.384913969004,
    1.269338405373));
#5764 = CARTESIAN_POINT('',(3.438387116582,-0.43601037807,1.269338405373
    ));
#5765 = CARTESIAN_POINT('',(3.417380612378,-0.486724565418,
    1.269338405373));
#5766 = CARTESIAN_POINT('',(3.396532429594,-0.537056531046,
    1.269338405373));
#5767 = CARTESIAN_POINT('',(3.37584256823,-0.587006274955,1.269338405373
    ));
#5768 = CARTESIAN_POINT('',(3.355311028286,-0.636573797145,
    1.269338405373));
#5769 = CARTESIAN_POINT('',(3.334937809761,-0.685759097616,
    1.269338405373));
#5770 = CARTESIAN_POINT('',(3.314722912657,-0.734562176367,
    1.269338405373));
#5771 = CARTESIAN_POINT('',(3.294666336973,-0.782983033399,
    1.269338405373));
#5772 = CARTESIAN_POINT('',(3.274768082708,-0.831021668713,
    1.269338405373));
#5773 = CARTESIAN_POINT('',(3.255028149863,-0.878678082306,
    1.269338405373));
#5774 = CARTESIAN_POINT('',(2.775863819411,-2.03548310749,1.269338405373
    ));
#5775 = CARTESIAN_POINT('',(1.704091980563,-2.912929929979,
    1.269338420699));
#5776 = CARTESIAN_POINT('',(0.134360577618,-3.152280979089,1.26933837382
    ));
#5777 = CARTESIAN_POINT('',(-1.395396108631,-2.426388868524,
    1.26933843974));
#5778 = CARTESIAN_POINT('',(-2.473728053044,-1.02623416819,
    1.269338390878));
#5779 = CARTESIAN_POINT('',(-2.473728053057,1.026234168191,
    1.269338390886));
#5780 = CARTESIAN_POINT('',(-1.395396108622,2.426388868523,
    1.269338439734));
#5781 = CARTESIAN_POINT('',(0.134360577613,3.152280979089,1.269338373823
    ));
#5782 = CARTESIAN_POINT('',(1.704091980565,2.912929929979,1.269338420697
    ));
#5783 = CARTESIAN_POINT('',(2.775863819411,2.03548310749,1.269338405373)
  );
#5784 = CARTESIAN_POINT('',(3.255028149863,0.878678082306,1.269338405373
    ));
#5785 = CARTESIAN_POINT('',(3.274768082708,0.831021668713,1.269338405373
    ));
#5786 = CARTESIAN_POINT('',(3.294666336973,0.782983033399,1.269338405373
    ));
#5787 = CARTESIAN_POINT('',(3.314722912657,0.734562176367,1.269338405373
    ));
#5788 = CARTESIAN_POINT('',(3.334937809762,0.685759097616,1.269338405373
    ));
#5789 = CARTESIAN_POINT('',(3.355311028286,0.636573797145,1.269338405373
    ));
#5790 = CARTESIAN_POINT('',(3.37584256823,0.587006274955,1.269338405373)
  );
#5791 = CARTESIAN_POINT('',(3.396532429594,0.537056531046,1.269338405373
    ));
#5792 = CARTESIAN_POINT('',(3.417380612378,0.486724565418,1.269338405373
    ));
#5793 = CARTESIAN_POINT('',(3.438387116583,0.436010378071,1.269338405373
    ));
#5794 = CARTESIAN_POINT('',(3.459551942206,0.384913969004,1.269338405373
    ));
#5795 = ORIENTED_EDGE('',*,*,#5796,.F.);
#5796 = EDGE_CURVE('',#5659,#5760,#5797,.T.);
#5797 = B_SPLINE_CURVE_WITH_KNOTS('',5,(#5798,#5799,#5800,#5801,#5802,
    #5803,#5804,#5805,#5806,#5807),.UNSPECIFIED.,.F.,.F.,(6,4,6),(0.,0.5
    ,1.),.UNSPECIFIED.);
#5798 = CARTESIAN_POINT('',(3.309698831278,0.956708580913,1.064979142851
    ));
#5799 = CARTESIAN_POINT('',(3.30969883117,0.956708580868,1.086946886076)
  );
#5800 = CARTESIAN_POINT('',(3.307841659805,0.955939315301,1.109289585017
    ));
#5801 = CARTESIAN_POINT('',(3.303997166347,0.95434687397,1.131655175667)
  );
#5802 = CARTESIAN_POINT('',(3.298159251937,0.951928730645,1.153610443506
    ));
#5803 = CARTESIAN_POINT('',(3.282778034968,0.945557621971,1.195943064308
    ));
#5804 = CARTESIAN_POINT('',(3.273234543788,0.941604578492,1.2163209364)
  );
#5805 = CARTESIAN_POINT('',(3.261973435419,0.936940074678,1.235529410754
    ));
#5806 = CARTESIAN_POINT('',(3.249271815997,0.93167889165,1.253255827993)
  );
#5807 = CARTESIAN_POINT('',(3.235446538439,0.925952274181,1.269338405373
    ));
#5808 = ORIENTED_EDGE('',*,*,#5656,.F.);
#5809 = ( BOUNDED_SURFACE() B_SPLINE_SURFACE(2,11,(
    (#5810,#5811,#5812,#5813,#5814,#5815,#5816,#5817,#5818,#5819,#5820
      ,#5821,#5822,#5823,#5824,#5825,#5826,#5827,#5828,#5829,#5830,#5831
      ,#5832,#5833,#5834,#5835,#5836,#5837,#5838,#5839,#5840,#5841)
    ,(#5842,#5843,#5844,#5845,#5846,#5847,#5848,#5849,#5850,#5851,#5852
      ,#5853,#5854,#5855,#5856,#5857,#5858,#5859,#5860,#5861,#5862,#5863
      ,#5864,#5865,#5866,#5867,#5868,#5869,#5870,#5871,#5872,#5873)
    ,(#5874,#5875,#5876,#5877,#5878,#5879,#5880,#5881,#5882,#5883,#5884
      ,#5885,#5886,#5887,#5888,#5889,#5890,#5891,#5892,#5893,#5894,#5895
      ,#5896,#5897,#5898,#5899,#5900,#5901,#5902,#5903,#5904,#5905
)),.UNSPECIFIED.,.F.,.F.,.F.) B_SPLINE_SURFACE_WITH_KNOTS((3,3),(12,10,
    10,12),(0.,13.744467859455),(-0.585615641583,2.874910026413E-15,
    13.744467859455,14.330083501039),.UNSPECIFIED.) 
GEOMETRIC_REPRESENTATION_ITEM() RATIONAL_B_SPLINE_SURFACE((
    (1.,1.,1.,1.,1.,1.,1.,1.,1.,1.,1.,1.,1.,1.,1.,1.,1.,1.,1.,1.,1.,1.
      ,1.,1.,1.,1.,1.,1.,1.,1.,1.,1.)
    ,(0.93061798229,0.93061798229,0.93061798229,0.93061798229
      ,0.93061798229,0.93061798229,0.93061798229,0.93061798229
      ,0.93061798229,0.93061798229,0.93061798229,0.93061798229
      ,0.930617902914,0.930618145704,0.930617804307,0.93061805734
      ,0.930618057346,0.930617804303,0.930618145707,0.930617902913
      ,0.93061798229,0.93061798229,0.93061798229,0.93061798229
      ,0.93061798229,0.93061798229,0.93061798229,0.93061798229
      ,0.93061798229,0.93061798229,0.93061798229,0.93061798229)
    ,(1.,1.,1.,1.,1.,1.,1.,1.,1.,1.,1.,1.,1.,1.,1.,1.,1.,1.,1.,1.,1.,1.
,1.,1.,1.,1.,1.,1.,1.,1.,1.,1.))) REPRESENTATION_ITEM('') SURFACE() );
#5810 = CARTESIAN_POINT('',(3.533804235046,-0.415670275735,
    1.064979142851));
#5811 = CARTESIAN_POINT('',(3.513289829604,-0.465196431576,
    1.064979142851));
#5812 = CARTESIAN_POINT('',(3.492803661547,-0.514654416342,
    1.064979142851));
#5813 = CARTESIAN_POINT('',(3.472345730872,-0.564044230035,
    1.064979142851));
#5814 = CARTESIAN_POINT('',(3.451916037581,-0.613365872653,
    1.064979142851));
#5815 = CARTESIAN_POINT('',(3.431514581673,-0.662619344198,
    1.064979142851));
#5816 = CARTESIAN_POINT('',(3.411141363149,-0.711804644669,
    1.064979142851));
#5817 = CARTESIAN_POINT('',(3.390796382008,-0.760921774065,
    1.064979142851));
#5818 = CARTESIAN_POINT('',(3.370479638251,-0.809970732388,
    1.064979142851));
#5819 = CARTESIAN_POINT('',(3.350191131876,-0.858951519637,
    1.064979142851));
#5820 = CARTESIAN_POINT('',(3.329930862886,-0.907864135812,
    1.064979142851));
#5821 = CARTESIAN_POINT('',(2.834850674205,-2.103093441787,
    1.064979142851));
#5822 = CARTESIAN_POINT('',(1.727586252494,-3.009448724487,
    1.064979062911));
#5823 = CARTESIAN_POINT('',(0.105855011951,-3.257464103804,
    1.064979307428));
#5824 = CARTESIAN_POINT('',(-1.475741298782,-2.506760000403,
    1.064978963603));
#5825 = CARTESIAN_POINT('',(-2.588653308495,-1.059860959896,
    1.064979218435));
#5826 = CARTESIAN_POINT('',(-2.588653308509,1.059860959896,
    1.064979218442));
#5827 = CARTESIAN_POINT('',(-1.475741298772,2.506760000402,
    1.064978963597));
#5828 = CARTESIAN_POINT('',(0.105855011945,3.257464103804,1.064979307432
    ));
#5829 = CARTESIAN_POINT('',(1.727586252497,3.009448724487,1.064979062909
    ));
#5830 = CARTESIAN_POINT('',(2.834850674204,2.103093441788,1.064979142851
    ));
#5831 = CARTESIAN_POINT('',(3.329930862886,0.907864135812,1.064979142851
    ));
#5832 = CARTESIAN_POINT('',(3.350191131876,0.858951519637,1.064979142851
    ));
#5833 = CARTESIAN_POINT('',(3.370479638251,0.809970732388,1.064979142851
    ));
#5834 = CARTESIAN_POINT('',(3.390796382008,0.760921774065,1.064979142851
    ));
#5835 = CARTESIAN_POINT('',(3.411141363149,0.711804644669,1.064979142851
    ));
#5836 = CARTESIAN_POINT('',(3.431514581673,0.662619344198,1.064979142851
    ));
#5837 = CARTESIAN_POINT('',(3.451916037581,0.613365872653,1.064979142851
    ));
#5838 = CARTESIAN_POINT('',(3.472345730872,0.564044230035,1.064979142851
    ));
#5839 = CARTESIAN_POINT('',(3.492803661547,0.514654416342,1.064979142851
    ));
#5840 = CARTESIAN_POINT('',(3.513289829605,0.465196431576,1.064979142851
    ));
#5841 = CARTESIAN_POINT('',(3.533804235046,0.415670275736,1.064979142851
    ));
#5842 = CARTESIAN_POINT('',(3.533804235046,-0.415670275735,
    1.182962690499));
#5843 = CARTESIAN_POINT('',(3.513289829604,-0.465196431576,
    1.182962690499));
#5844 = CARTESIAN_POINT('',(3.492803661547,-0.514654416342,
    1.182962690499));
#5845 = CARTESIAN_POINT('',(3.472345730872,-0.564044230035,
    1.182962690499));
#5846 = CARTESIAN_POINT('',(3.451916037581,-0.613365872653,
    1.182962690499));
#5847 = CARTESIAN_POINT('',(3.431514581673,-0.662619344198,
    1.182962690499));
#5848 = CARTESIAN_POINT('',(3.411141363149,-0.711804644669,
    1.182962690499));
#5849 = CARTESIAN_POINT('',(3.390796382008,-0.760921774065,
    1.182962690499));
#5850 = CARTESIAN_POINT('',(3.37047963825,-0.809970732388,1.182962690499
    ));
#5851 = CARTESIAN_POINT('',(3.350191131876,-0.858951519637,
    1.182962690499));
#5852 = CARTESIAN_POINT('',(3.329930862886,-0.907864135812,
    1.182962690499));
#5853 = CARTESIAN_POINT('',(2.834850674205,-2.103093441788,
    1.182962690499));
#5854 = CARTESIAN_POINT('',(1.727586214542,-3.009448936943,
    1.182962685685));
#5855 = CARTESIAN_POINT('',(0.105855341319,-3.257463206685,1.18296270041
    ));
#5856 = CARTESIAN_POINT('',(-1.475741895234,-2.506761759151,
    1.182962679705));
#5857 = CARTESIAN_POINT('',(-2.588652975416,-1.059858637809,
    1.182962695051));
#5858 = CARTESIAN_POINT('',(-2.588652975407,1.059858637802,
    1.182962695051));
#5859 = CARTESIAN_POINT('',(-1.475741895235,2.506761759163,
    1.182962679705));
#5860 = CARTESIAN_POINT('',(0.105855341315,3.257463206676,1.18296270041)
  );
#5861 = CARTESIAN_POINT('',(1.727586214545,3.009448936947,1.182962685685
    ));
#5862 = CARTESIAN_POINT('',(2.834850674204,2.103093441787,1.182962690499
    ));
#5863 = CARTESIAN_POINT('',(3.329930862886,0.907864135812,1.182962690499
    ));
#5864 = CARTESIAN_POINT('',(3.350191131876,0.858951519637,1.182962690499
    ));
#5865 = CARTESIAN_POINT('',(3.370479638251,0.809970732388,1.182962690499
    ));
#5866 = CARTESIAN_POINT('',(3.390796382008,0.760921774065,1.182962690499
    ));
#5867 = CARTESIAN_POINT('',(3.411141363149,0.711804644669,1.182962690499
    ));
#5868 = CARTESIAN_POINT('',(3.431514581674,0.662619344198,1.182962690499
    ));
#5869 = CARTESIAN_POINT('',(3.451916037581,0.613365872653,1.182962690499
    ));
#5870 = CARTESIAN_POINT('',(3.472345730872,0.564044230035,1.182962690499
    ));
#5871 = CARTESIAN_POINT('',(3.492803661547,0.514654416342,1.182962690499
    ));
#5872 = CARTESIAN_POINT('',(3.513289829605,0.465196431576,1.182962690499
    ));
#5873 = CARTESIAN_POINT('',(3.533804235046,0.415670275736,1.182962690499
    ));
#5874 = CARTESIAN_POINT('',(3.459551942206,-0.384913969004,
    1.269338405373));
#5875 = CARTESIAN_POINT('',(3.438387116582,-0.43601037807,1.269338405373
    ));
#5876 = CARTESIAN_POINT('',(3.417380612378,-0.486724565418,
    1.269338405373));
#5877 = CARTESIAN_POINT('',(3.396532429594,-0.537056531046,
    1.269338405373));
#5878 = CARTESIAN_POINT('',(3.37584256823,-0.587006274955,1.269338405373
    ));
#5879 = CARTESIAN_POINT('',(3.355311028286,-0.636573797145,
    1.269338405373));
#5880 = CARTESIAN_POINT('',(3.334937809761,-0.685759097616,
    1.269338405373));
#5881 = CARTESIAN_POINT('',(3.314722912657,-0.734562176367,
    1.269338405373));
#5882 = CARTESIAN_POINT('',(3.294666336973,-0.782983033399,
    1.269338405373));
#5883 = CARTESIAN_POINT('',(3.274768082708,-0.831021668713,
    1.269338405373));
#5884 = CARTESIAN_POINT('',(3.255028149863,-0.878678082306,
    1.269338405373));
#5885 = CARTESIAN_POINT('',(2.775863819411,-2.03548310749,1.269338405373
    ));
#5886 = CARTESIAN_POINT('',(1.704091980563,-2.912929929979,
    1.269338420699));
#5887 = CARTESIAN_POINT('',(0.134360577618,-3.152280979089,1.26933837382
    ));
#5888 = CARTESIAN_POINT('',(-1.395396108631,-2.426388868524,
    1.26933843974));
#5889 = CARTESIAN_POINT('',(-2.473728053044,-1.02623416819,
    1.269338390878));
#5890 = CARTESIAN_POINT('',(-2.473728053057,1.026234168191,
    1.269338390886));
#5891 = CARTESIAN_POINT('',(-1.395396108622,2.426388868523,
    1.269338439734));
#5892 = CARTESIAN_POINT('',(0.134360577613,3.152280979089,1.269338373823
    ));
#5893 = CARTESIAN_POINT('',(1.704091980565,2.912929929979,1.269338420697
    ));
#5894 = CARTESIAN_POINT('',(2.775863819411,2.03548310749,1.269338405373)
  );
#5895 = CARTESIAN_POINT('',(3.255028149863,0.878678082306,1.269338405373
    ));
#5896 = CARTESIAN_POINT('',(3.274768082708,0.831021668713,1.269338405373
    ));
#5897 = CARTESIAN_POINT('',(3.294666336973,0.782983033399,1.269338405373
    ));
#5898 = CARTESIAN_POINT('',(3.314722912657,0.734562176367,1.269338405373
    ));
#5899 = CARTESIAN_POINT('',(3.334937809762,0.685759097616,1.269338405373
    ));
#5900 = CARTESIAN_POINT('',(3.355311028286,0.636573797145,1.269338405373
    ));
#5901 = CARTESIAN_POINT('',(3.37584256823,0.587006274955,1.269338405373)
  );
#5902 = CARTESIAN_POINT('',(3.396532429594,0.537056531046,1.269338405373
    ));
#5903 = CARTESIAN_POINT('',(3.417380612378,0.486724565418,1.269338405373
    ));
#5904 = CARTESIAN_POINT('',(3.438387116583,0.436010378071,1.269338405373
    ));
#5905 = CARTESIAN_POINT('',(3.459551942206,0.384913969004,1.269338405373
    ));
#5906 = ADVANCED_FACE('',(#5907),#5929,.T.);
#5907 = FACE_BOUND('',#5908,.T.);
#5908 = EDGE_LOOP('',(#5909,#5910,#5927,#5928));
#5909 = ORIENTED_EDGE('',*,*,#5796,.T.);
#5910 = ORIENTED_EDGE('',*,*,#5911,.T.);
#5911 = EDGE_CURVE('',#5760,#5745,#5912,.T.);
#5912 = B_SPLINE_CURVE_WITH_KNOTS('',5,(#5913,#5914,#5915,#5916,#5917,
    #5918,#5919,#5920,#5921,#5922,#5923,#5924,#5925,#5926),
  .UNSPECIFIED.,.F.,.F.,(6,4,4,6),(-0.119413470026,-1.353371911114E-07,
    1.96349554383,2.08290869425),.UNSPECIFIED.);
#5913 = CARTESIAN_POINT('',(3.189749034566,1.036275808073,1.269338405373
    ));
#5914 = CARTESIAN_POINT('',(3.199182355483,1.013501756721,1.269338405373
    ));
#5915 = CARTESIAN_POINT('',(3.20846876641,0.991082377458,1.269338405373)
  );
#5916 = CARTESIAN_POINT('',(3.217608267348,0.969017670284,1.269338405373
    ));
#5917 = CARTESIAN_POINT('',(3.226600858298,0.9473076352,1.269338405373)
  );
#5918 = CARTESIAN_POINT('',(3.380894753976,0.574809218729,1.269338405373
    ));
#5919 = CARTESIAN_POINT('',(3.457413628123,0.195110560338,1.269338405373
    ));
#5920 = CARTESIAN_POINT('',(3.457414134116,-0.1951093668,1.269338405373)
  );
#5921 = CARTESIAN_POINT('',(3.380895040325,-0.574808527422,
    1.269338405373));
#5922 = CARTESIAN_POINT('',(3.226600854533,-0.947307644289,
    1.269338405373));
#5923 = CARTESIAN_POINT('',(3.217608261701,-0.969017683918,
    1.269338405373));
#5924 = CARTESIAN_POINT('',(3.208468760763,-0.991082391091,
    1.269338405373));
#5925 = CARTESIAN_POINT('',(3.199182351718,-1.01350176581,1.269338405373
    ));
#5926 = CARTESIAN_POINT('',(3.189749034566,-1.036275808073,
    1.269338405373));
#5927 = ORIENTED_EDGE('',*,*,#5744,.F.);
#5928 = ORIENTED_EDGE('',*,*,#5716,.F.);
#5929 = ( BOUNDED_SURFACE() B_SPLINE_SURFACE(2,5,(
    (#5930,#5931,#5932,#5933,#5934,#5935,#5936,#5937,#5938,#5939,#5940
      ,#5941,#5942,#5943)
    ,(#5944,#5945,#5946,#5947,#5948,#5949,#5950,#5951,#5952,#5953,#5954
      ,#5955,#5956,#5957)
    ,(#5958,#5959,#5960,#5961,#5962,#5963,#5964,#5965,#5966,#5967,#5968
      ,#5969,#5970,#5971
)),.UNSPECIFIED.,.F.,.F.,.F.) B_SPLINE_SURFACE_WITH_KNOTS((3,3),(6,4,4,6
    ),(0.,1.963495679168),(-0.119413470026,-1.353371911114E-07,
    1.96349554383,2.08290869425),.UNSPECIFIED.) 
GEOMETRIC_REPRESENTATION_ITEM() RATIONAL_B_SPLINE_SURFACE((
    (1.,1.,1.,1.,1.,1.,1.,1.,1.,1.,1.,1.,1.,1.)
    ,(0.93061798229,0.93061798229,0.93061798229,0.93061798229
      ,0.93061798229,0.93061798229,0.93061798229,0.93061798229
      ,0.93061798229,0.93061798229,0.93061798229,0.93061798229
      ,0.93061798229,0.93061798229)
,(1.,1.,1.,1.,1.,1.,1.,1.,1.,1.,1.,1.,1.,1.
))) REPRESENTATION_ITEM('') SURFACE() );
#5930 = CARTESIAN_POINT('',(3.264001325546,1.067032118743,1.064979142851
    ));
#5931 = CARTESIAN_POINT('',(3.273140829292,1.0449674049,1.064979142851)
  );
#5932 = CARTESIAN_POINT('',(3.282280331654,1.0229026944,1.064979142851)
  );
#5933 = CARTESIAN_POINT('',(3.291419832631,1.000837987243,1.064979142851
    ));
#5934 = CARTESIAN_POINT('',(3.300559332224,0.978773283428,1.064979142851
    ));
#5935 = CARTESIAN_POINT('',(3.45997823841,0.593901998977,1.064979142851)
  );
#5936 = CARTESIAN_POINT('',(3.539038746156,0.201591257513,1.064979142851
    ));
#5937 = CARTESIAN_POINT('',(3.539039291386,-0.201589955698,
    1.064979142851));
#5938 = CARTESIAN_POINT('',(3.45997851584,-0.593901329202,1.064979142851
    ));
#5939 = CARTESIAN_POINT('',(3.300559329455,-0.978773290113,
    1.064979142851));
#5940 = CARTESIAN_POINT('',(3.291419828478,-1.00083799727,1.064979142851
    ));
#5941 = CARTESIAN_POINT('',(3.2822803275,-1.022902704428,1.064979142851)
  );
#5942 = CARTESIAN_POINT('',(3.273140826523,-1.044967411585,
    1.064979142851));
#5943 = CARTESIAN_POINT('',(3.264001325546,-1.067032118743,
    1.064979142851));
#5944 = CARTESIAN_POINT('',(3.264001325546,1.067032118743,1.182962690499
    ));
#5945 = CARTESIAN_POINT('',(3.273140829292,1.0449674049,1.182962690499)
  );
#5946 = CARTESIAN_POINT('',(3.282280331654,1.0229026944,1.182962690499)
  );
#5947 = CARTESIAN_POINT('',(3.291419832631,1.000837987243,1.182962690499
    ));
#5948 = CARTESIAN_POINT('',(3.300559332224,0.978773283428,1.182962690499
    ));
#5949 = CARTESIAN_POINT('',(3.45997823841,0.593901998977,1.182962690499)
  );
#5950 = CARTESIAN_POINT('',(3.539038746156,0.201591257513,1.182962690499
    ));
#5951 = CARTESIAN_POINT('',(3.539039291386,-0.201589955698,
    1.182962690499));
#5952 = CARTESIAN_POINT('',(3.45997851584,-0.593901329202,1.182962690499
    ));
#5953 = CARTESIAN_POINT('',(3.300559329455,-0.978773290113,
    1.182962690499));
#5954 = CARTESIAN_POINT('',(3.291419828478,-1.00083799727,1.182962690499
    ));
#5955 = CARTESIAN_POINT('',(3.2822803275,-1.022902704428,1.182962690499)
  );
#5956 = CARTESIAN_POINT('',(3.273140826523,-1.044967411585,
    1.182962690499));
#5957 = CARTESIAN_POINT('',(3.264001325546,-1.067032118743,
    1.182962690499));
#5958 = CARTESIAN_POINT('',(3.189749034566,1.036275808073,1.269338405373
    ));
#5959 = CARTESIAN_POINT('',(3.199182355483,1.013501756721,1.269338405373
    ));
#5960 = CARTESIAN_POINT('',(3.20846876641,0.991082377458,1.269338405373)
  );
#5961 = CARTESIAN_POINT('',(3.217608267348,0.969017670284,1.269338405373
    ));
#5962 = CARTESIAN_POINT('',(3.226600858298,0.9473076352,1.269338405373)
  );
#5963 = CARTESIAN_POINT('',(3.380894753976,0.574809218729,1.269338405373
    ));
#5964 = CARTESIAN_POINT('',(3.457413628123,0.195110560338,1.269338405373
    ));
#5965 = CARTESIAN_POINT('',(3.457414134116,-0.1951093668,1.269338405373)
  );
#5966 = CARTESIAN_POINT('',(3.380895040325,-0.574808527422,
    1.269338405373));
#5967 = CARTESIAN_POINT('',(3.226600854533,-0.947307644289,
    1.269338405373));
#5968 = CARTESIAN_POINT('',(3.217608261701,-0.969017683918,
    1.269338405373));
#5969 = CARTESIAN_POINT('',(3.208468760763,-0.991082391091,
    1.269338405373));
#5970 = CARTESIAN_POINT('',(3.199182351718,-1.01350176581,1.269338405373
    ));
#5971 = CARTESIAN_POINT('',(3.189749034566,-1.036275808073,
    1.269338405373));
#5972 = ADVANCED_FACE('',(#5973),#6029,.F.);
#5973 = FACE_BOUND('',#5974,.F.);
#5974 = EDGE_LOOP('',(#5975,#5984,#5985,#5994));
#5975 = ORIENTED_EDGE('',*,*,#5976,.F.);
#5976 = EDGE_CURVE('',#5745,#5977,#5979,.T.);
#5977 = VERTEX_POINT('',#5978);
#5978 = CARTESIAN_POINT('',(3.235446538439,-0.925952274181,
    1.930661594627));
#5979 = CIRCLE('',#5980,0.485412195974);
#5980 = AXIS2_PLACEMENT_3D('',#5981,#5982,#5983);
#5981 = CARTESIAN_POINT('',(3.563765702719,-1.061946524813,1.6));
#5982 = DIRECTION('',(0.382683432365,0.923879532511,2.775557561563E-17)
  );
#5983 = DIRECTION('',(-0.523404384043,0.216801194476,-0.824041924199));
#5984 = ORIENTED_EDGE('',*,*,#5759,.T.);
#5985 = ORIENTED_EDGE('',*,*,#5986,.T.);
#5986 = EDGE_CURVE('',#5760,#5987,#5989,.T.);
#5987 = VERTEX_POINT('',#5988);
#5988 = CARTESIAN_POINT('',(3.235446538439,0.925952274181,1.930661594627
    ));
#5989 = CIRCLE('',#5990,0.485412195974);
#5990 = AXIS2_PLACEMENT_3D('',#5991,#5992,#5993);
#5991 = CARTESIAN_POINT('',(3.563765702719,1.061946524813,1.6));
#5992 = DIRECTION('',(-0.382683432365,0.923879532511,-2.775557561563E-17
    ));
#5993 = DIRECTION('',(-0.523404384043,-0.216801194476,-0.824041924199));
#5994 = ORIENTED_EDGE('',*,*,#5995,.F.);
#5995 = EDGE_CURVE('',#5977,#5987,#5996,.T.);
#5996 = B_SPLINE_CURVE_WITH_KNOTS('',11,(#5997,#5998,#5999,#6000,#6001,
    #6002,#6003,#6004,#6005,#6006,#6007,#6008,#6009,#6010,#6011,#6012,
    #6013,#6014,#6015,#6016,#6017,#6018,#6019,#6020,#6021,#6022,#6023,
    #6024,#6025,#6026,#6027,#6028),.UNSPECIFIED.,.F.,.F.,(12,10,10,12),(
    -0.585615641583,2.901255980386E-15,13.744467859455,14.330083501039),
  .UNSPECIFIED.);
#5997 = CARTESIAN_POINT('',(3.459551942206,-0.384913969004,
    1.930661594627));
#5998 = CARTESIAN_POINT('',(3.438387116582,-0.43601037807,1.930661594627
    ));
#5999 = CARTESIAN_POINT('',(3.417380612378,-0.486724565418,
    1.930661594627));
#6000 = CARTESIAN_POINT('',(3.396532429594,-0.537056531046,
    1.930661594627));
#6001 = CARTESIAN_POINT('',(3.37584256823,-0.587006274955,1.930661594627
    ));
#6002 = CARTESIAN_POINT('',(3.355311028286,-0.636573797145,
    1.930661594627));
#6003 = CARTESIAN_POINT('',(3.334937809762,-0.685759097616,
    1.930661594627));
#6004 = CARTESIAN_POINT('',(3.314722912657,-0.734562176367,
    1.930661594627));
#6005 = CARTESIAN_POINT('',(3.294666336973,-0.782983033399,
    1.930661594627));
#6006 = CARTESIAN_POINT('',(3.274768082708,-0.831021668713,
    1.930661594627));
#6007 = CARTESIAN_POINT('',(3.255028149863,-0.878678082306,
    1.930661594627));
#6008 = CARTESIAN_POINT('',(2.775863819411,-2.03548310749,1.930661594627
    ));
#6009 = CARTESIAN_POINT('',(1.704091980563,-2.912929929979,
    1.930661579303));
#6010 = CARTESIAN_POINT('',(0.134360577617,-3.15228097909,1.930661626176
    ));
#6011 = CARTESIAN_POINT('',(-1.395396108631,-2.426388868523,
    1.930661560267));
#6012 = CARTESIAN_POINT('',(-2.473728053045,-1.026234168191,
    1.930661609113));
#6013 = CARTESIAN_POINT('',(-2.473728053056,1.026234168191,
    1.930661609123));
#6014 = CARTESIAN_POINT('',(-1.395396108622,2.426388868523,1.93066156026
    ));
#6015 = CARTESIAN_POINT('',(0.134360577613,3.15228097909,1.93066162618)
  );
#6016 = CARTESIAN_POINT('',(1.704091980565,2.912929929979,1.930661579301
    ));
#6017 = CARTESIAN_POINT('',(2.775863819411,2.03548310749,1.930661594627)
  );
#6018 = CARTESIAN_POINT('',(3.255028149863,0.878678082306,1.930661594627
    ));
#6019 = CARTESIAN_POINT('',(3.274768082708,0.831021668713,1.930661594627
    ));
#6020 = CARTESIAN_POINT('',(3.294666336973,0.782983033399,1.930661594627
    ));
#6021 = CARTESIAN_POINT('',(3.314722912657,0.734562176367,1.930661594627
    ));
#6022 = CARTESIAN_POINT('',(3.334937809762,0.685759097616,1.930661594627
    ));
#6023 = CARTESIAN_POINT('',(3.355311028286,0.636573797145,1.930661594627
    ));
#6024 = CARTESIAN_POINT('',(3.37584256823,0.587006274955,1.930661594627)
  );
#6025 = CARTESIAN_POINT('',(3.396532429594,0.537056531046,1.930661594627
    ));
#6026 = CARTESIAN_POINT('',(3.417380612378,0.486724565418,1.930661594627
    ));
#6027 = CARTESIAN_POINT('',(3.438387116582,0.436010378071,1.930661594627
    ));
#6028 = CARTESIAN_POINT('',(3.459551942206,0.384913969004,1.930661594627
    ));
#6029 = SURFACE_OF_REVOLUTION('',#6030,#6035);
#6030 = CIRCLE('',#6031,0.485412195974);
#6031 = AXIS2_PLACEMENT_3D('',#6032,#6033,#6034);
#6032 = CARTESIAN_POINT('',(3.563765702719,-1.061946524813,1.6));
#6033 = DIRECTION('',(0.382683432365,0.923879532511,0.));
#6034 = DIRECTION('',(-0.523404384043,0.216801194476,-0.824041924199));
#6035 = AXIS1_PLACEMENT('',#6036,#6037);
#6036 = CARTESIAN_POINT('',(1.,0.,0.));
#6037 = DIRECTION('',(0.,0.,-1.));
#6038 = ADVANCED_FACE('',(#6039),#6147,.F.);
#6039 = FACE_BOUND('',#6040,.F.);
#6040 = EDGE_LOOP('',(#6041,#6060,#6061,#6062,#6063,#6082,#6093,#6112,
    #6119,#6138));
#6041 = ORIENTED_EDGE('',*,*,#6042,.F.);
#6042 = EDGE_CURVE('',#5987,#6043,#6045,.T.);
#6043 = VERTEX_POINT('',#6044);
#6044 = CARTESIAN_POINT('',(3.40667978278,0.25,1.930661594627));
#6045 = B_SPLINE_CURVE_WITH_KNOTS('',5,(#6046,#6047,#6048,#6049,#6050,
    #6051,#6052,#6053,#6054,#6055,#6056,#6057,#6058,#6059),
  .UNSPECIFIED.,.F.,.F.,(6,4,4,6),(-0.119413470026,-1.353371911203E-07,
    1.96349554383,2.08290869425),.UNSPECIFIED.);
#6046 = CARTESIAN_POINT('',(3.189749034566,1.036275808073,1.930661594627
    ));
#6047 = CARTESIAN_POINT('',(3.199182355483,1.013501756721,1.930661594627
    ));
#6048 = CARTESIAN_POINT('',(3.20846876641,0.991082377458,1.930661594627)
  );
#6049 = CARTESIAN_POINT('',(3.217608267348,0.969017670284,1.930661594627
    ));
#6050 = CARTESIAN_POINT('',(3.226600858298,0.9473076352,1.930661594627)
  );
#6051 = CARTESIAN_POINT('',(3.380894753976,0.574809218729,1.930661594627
    ));
#6052 = CARTESIAN_POINT('',(3.457413628123,0.195110560338,1.930661594627
    ));
#6053 = CARTESIAN_POINT('',(3.457414134116,-0.1951093668,1.930661594627)
  );
#6054 = CARTESIAN_POINT('',(3.380895040325,-0.574808527422,
    1.930661594627));
#6055 = CARTESIAN_POINT('',(3.226600854533,-0.947307644289,
    1.930661594627));
#6056 = CARTESIAN_POINT('',(3.217608261701,-0.969017683918,
    1.930661594627));
#6057 = CARTESIAN_POINT('',(3.208468760763,-0.991082391091,
    1.930661594627));
#6058 = CARTESIAN_POINT('',(3.199182351718,-1.01350176581,1.930661594627
    ));
#6059 = CARTESIAN_POINT('',(3.189749034566,-1.036275808073,
    1.930661594627));
#6060 = ORIENTED_EDGE('',*,*,#5986,.F.);
#6061 = ORIENTED_EDGE('',*,*,#5911,.T.);
#6062 = ORIENTED_EDGE('',*,*,#5976,.T.);
#6063 = ORIENTED_EDGE('',*,*,#6064,.F.);
#6064 = EDGE_CURVE('',#6065,#5977,#6067,.T.);
#6065 = VERTEX_POINT('',#6066);
#6066 = CARTESIAN_POINT('',(3.406679829997,-0.25,1.930661594627));
#6067 = B_SPLINE_CURVE_WITH_KNOTS('',5,(#6068,#6069,#6070,#6071,#6072,
    #6073,#6074,#6075,#6076,#6077,#6078,#6079,#6080,#6081),
  .UNSPECIFIED.,.F.,.F.,(6,4,4,6),(-0.119413470026,-1.353371911203E-07,
    1.96349554383,2.08290869425),.UNSPECIFIED.);
#6068 = CARTESIAN_POINT('',(3.189749034566,1.036275808073,1.930661594627
    ));
#6069 = CARTESIAN_POINT('',(3.199182355483,1.013501756721,1.930661594627
    ));
#6070 = CARTESIAN_POINT('',(3.20846876641,0.991082377458,1.930661594627)
  );
#6071 = CARTESIAN_POINT('',(3.217608267348,0.969017670284,1.930661594627
    ));
#6072 = CARTESIAN_POINT('',(3.226600858298,0.9473076352,1.930661594627)
  );
#6073 = CARTESIAN_POINT('',(3.380894753976,0.574809218729,1.930661594627
    ));
#6074 = CARTESIAN_POINT('',(3.457413628123,0.195110560338,1.930661594627
    ));
#6075 = CARTESIAN_POINT('',(3.457414134116,-0.1951093668,1.930661594627)
  );
#6076 = CARTESIAN_POINT('',(3.380895040325,-0.574808527422,
    1.930661594627));
#6077 = CARTESIAN_POINT('',(3.226600854533,-0.947307644289,
    1.930661594627));
#6078 = CARTESIAN_POINT('',(3.217608261701,-0.969017683918,
    1.930661594627));
#6079 = CARTESIAN_POINT('',(3.208468760763,-0.991082391091,
    1.930661594627));
#6080 = CARTESIAN_POINT('',(3.199182351718,-1.01350176581,1.930661594627
    ));
#6081 = CARTESIAN_POINT('',(3.189749034566,-1.036275808073,
    1.930661594627));
#6082 = ORIENTED_EDGE('',*,*,#6083,.F.);
#6083 = EDGE_CURVE('',#6084,#6065,#6086,.T.);
#6084 = VERTEX_POINT('',#6085);
#6085 = CARTESIAN_POINT('',(3.299471489861,-0.25,1.749));
#6086 = B_SPLINE_CURVE_WITH_KNOTS('',5,(#6087,#6088,#6089,#6090,#6091,
    #6092),.UNSPECIFIED.,.F.,.F.,(6,6),(0.,1.),
  .PIECEWISE_BEZIER_KNOTS.);
#6087 = CARTESIAN_POINT('',(3.299471489861,-0.25,1.749));
#6088 = CARTESIAN_POINT('',(3.312587202196,-0.25,1.789427365424));
#6089 = CARTESIAN_POINT('',(3.33014872115,-0.25,1.828424172249));
#6090 = CARTESIAN_POINT('',(3.351941636815,-0.25,1.865341021624));
#6091 = CARTESIAN_POINT('',(3.377608548406,-0.25,1.899584994083));
#6092 = CARTESIAN_POINT('',(3.40668024473,-0.25,1.930661807849));
#6093 = ORIENTED_EDGE('',*,*,#6094,.T.);
#6094 = EDGE_CURVE('',#6084,#6095,#6097,.T.);
#6095 = VERTEX_POINT('',#6096);
#6096 = CARTESIAN_POINT('',(3.299999782609,-1.E-03,1.5));
#6097 = B_SPLINE_CURVE_WITH_KNOTS('',7,(#6098,#6099,#6100,#6101,#6102,
    #6103,#6104,#6105,#6106,#6107,#6108,#6109,#6110,#6111),
  .UNSPECIFIED.,.F.,.F.,(8,6,8),(0.,0.656899903514,1.),.UNSPECIFIED.);
#6098 = CARTESIAN_POINT('',(3.299471489861,-0.25,1.749));
#6099 = CARTESIAN_POINT('',(3.288903887063,-0.25,1.716426818984));
#6100 = CARTESIAN_POINT('',(3.281699509879,-0.245028477564,
    1.683385522006));
#6101 = CARTESIAN_POINT('',(3.278045828963,-0.234830048078,
    1.650728113424));
#6102 = CARTESIAN_POINT('',(3.277713110475,-0.219290375561,
    1.619367410059));
#6103 = CARTESIAN_POINT('',(3.280087341319,-0.198436579318,
    1.590251266333));
#6104 = CARTESIAN_POINT('',(3.284149886785,-0.172302430004,
    1.564384728938));
#6105 = CARTESIAN_POINT('',(3.29090216963,-0.124770531607,1.532041582647
    ));
#6106 = CARTESIAN_POINT('',(3.293310489781,-0.107148532185,
    1.522255641965));
#6107 = CARTESIAN_POINT('',(3.295638205192,-8.813505246606E-02,
    1.513869244735));
#6108 = CARTESIAN_POINT('',(3.297696231285,-6.772624403228E-02,
    1.507131244826));
#6109 = CARTESIAN_POINT('',(3.2992147289,-4.608658790058E-02,
    1.502401965702));
#6110 = CARTESIAN_POINT('',(3.299989938095,-2.364237892977E-02,1.5));
#6111 = CARTESIAN_POINT('',(3.299999782609,-1.E-03,1.5));
#6112 = ORIENTED_EDGE('',*,*,#6113,.T.);
#6113 = EDGE_CURVE('',#6095,#6114,#6116,.T.);
#6114 = VERTEX_POINT('',#6115);
#6115 = CARTESIAN_POINT('',(3.299999782609,9.999999999998E-04,1.5));
#6116 = B_SPLINE_CURVE_WITH_KNOTS('',1,(#6117,#6118),.UNSPECIFIED.,.F.,
  .F.,(2,2),(0.,1.),.PIECEWISE_BEZIER_KNOTS.);
#6117 = CARTESIAN_POINT('',(3.299999782609,-1.E-03,1.5));
#6118 = CARTESIAN_POINT('',(3.299999782609,9.999999999998E-04,1.5));
#6119 = ORIENTED_EDGE('',*,*,#6120,.T.);
#6120 = EDGE_CURVE('',#6114,#6121,#6123,.T.);
#6121 = VERTEX_POINT('',#6122);
#6122 = CARTESIAN_POINT('',(3.299471489861,0.25,1.749));
#6123 = B_SPLINE_CURVE_WITH_KNOTS('',7,(#6124,#6125,#6126,#6127,#6128,
    #6129,#6130,#6131,#6132,#6133,#6134,#6135,#6136,#6137),
  .UNSPECIFIED.,.F.,.F.,(8,6,8),(0.,0.343710672019,1.),.UNSPECIFIED.);
#6124 = CARTESIAN_POINT('',(3.299999782609,9.999999999997E-04,1.5));
#6125 = CARTESIAN_POINT('',(3.299989920585,2.368265119001E-02,1.5));
#6126 = CARTESIAN_POINT('',(3.299211971008,4.616604948054E-02,
    1.502410516981));
#6127 = CARTESIAN_POINT('',(3.297688162784,6.784108201107E-02,
    1.507156358887));
#6128 = CARTESIAN_POINT('',(3.295623636424,8.827968087268E-02,
    1.513916973069));
#6129 = CARTESIAN_POINT('',(3.293289812594,0.10731720987,1.522330091337)
  );
#6130 = CARTESIAN_POINT('',(3.290876523628,0.124958092937,1.532145912779
    ));
#6131 = CARTESIAN_POINT('',(3.284127396232,0.172447200062,1.564528141918
    ));
#6132 = CARTESIAN_POINT('',(3.280076399241,0.198532790636,1.590385718193
    ));
#6133 = CARTESIAN_POINT('',(3.277714368661,0.21934776166,1.619483238628)
  );
#6134 = CARTESIAN_POINT('',(3.278055943653,0.234858301632,1.650818612401
    ));
#6135 = CARTESIAN_POINT('',(3.281712830825,0.245037663177,1.683446586849
    ));
#6136 = CARTESIAN_POINT('',(3.288913652378,0.25,1.716456919224));
#6137 = CARTESIAN_POINT('',(3.299471489861,0.25,1.749));
#6138 = ORIENTED_EDGE('',*,*,#6139,.T.);
#6139 = EDGE_CURVE('',#6121,#6043,#6140,.T.);
#6140 = B_SPLINE_CURVE_WITH_KNOTS('',5,(#6141,#6142,#6143,#6144,#6145,
    #6146),.UNSPECIFIED.,.F.,.F.,(6,6),(0.,1.),
  .PIECEWISE_BEZIER_KNOTS.);
#6141 = CARTESIAN_POINT('',(3.299471489861,0.25,1.749));
#6142 = CARTESIAN_POINT('',(3.312587202196,0.25,1.789427365424));
#6143 = CARTESIAN_POINT('',(3.33014872115,0.25,1.828424172249));
#6144 = CARTESIAN_POINT('',(3.351941636815,0.25,1.865341021624));
#6145 = CARTESIAN_POINT('',(3.377608548406,0.25,1.899584994083));
#6146 = CARTESIAN_POINT('',(3.40668024473,0.25,1.930661807849));
#6147 = SURFACE_OF_REVOLUTION('',#6148,#6153);
#6148 = CIRCLE('',#6149,0.485412195974);
#6149 = AXIS2_PLACEMENT_3D('',#6150,#6151,#6152);
#6150 = CARTESIAN_POINT('',(3.563765702719,1.061946524813,1.6));
#6151 = DIRECTION('',(-0.382683432365,0.923879532511,0.));
#6152 = DIRECTION('',(-0.523404384043,-0.216801194476,-0.824041924199));
#6153 = AXIS1_PLACEMENT('',#6154,#6155);
#6154 = CARTESIAN_POINT('',(1.,0.,0.));
#6155 = DIRECTION('',(0.,0.,-1.));
#6156 = ADVANCED_FACE('',(#6157),#6225,.T.);
#6157 = FACE_BOUND('',#6158,.T.);
#6158 = EDGE_LOOP('',(#6159,#6174,#6211,#6224));
#6159 = ORIENTED_EDGE('',*,*,#6160,.T.);
#6160 = EDGE_CURVE('',#5977,#6161,#6163,.T.);
#6161 = VERTEX_POINT('',#6162);
#6162 = CARTESIAN_POINT('',(3.309698831278,-0.956708580913,
    2.135020857149));
#6163 = B_SPLINE_CURVE_WITH_KNOTS('',5,(#6164,#6165,#6166,#6167,#6168,
    #6169,#6170,#6171,#6172,#6173),.UNSPECIFIED.,.F.,.F.,(6,4,6),(0.,0.5
    ,1.),.UNSPECIFIED.);
#6164 = CARTESIAN_POINT('',(3.235446538439,-0.925952274181,
    1.930661594627));
#6165 = CARTESIAN_POINT('',(3.249271815997,-0.93167889165,1.946744172007
    ));
#6166 = CARTESIAN_POINT('',(3.261973435419,-0.936940074678,
    1.964470589246));
#6167 = CARTESIAN_POINT('',(3.273234543788,-0.941604578492,1.9836790636)
  );
#6168 = CARTESIAN_POINT('',(3.282778034968,-0.945557621971,
    2.004056935692));
#6169 = CARTESIAN_POINT('',(3.298159251937,-0.951928730645,
    2.046389556494));
#6170 = CARTESIAN_POINT('',(3.303997166347,-0.95434687397,2.068344824333
    ));
#6171 = CARTESIAN_POINT('',(3.307841659805,-0.955939315301,
    2.090710414983));
#6172 = CARTESIAN_POINT('',(3.30969883117,-0.956708580868,2.113053113924
    ));
#6173 = CARTESIAN_POINT('',(3.309698831278,-0.956708580913,
    2.135020857149));
#6174 = ORIENTED_EDGE('',*,*,#6175,.T.);
#6175 = EDGE_CURVE('',#6161,#6176,#6178,.T.);
#6176 = VERTEX_POINT('',#6177);
#6177 = CARTESIAN_POINT('',(3.309698831278,0.956708580913,2.135020857149
    ));
#6178 = B_SPLINE_CURVE_WITH_KNOTS('',11,(#6179,#6180,#6181,#6182,#6183,
    #6184,#6185,#6186,#6187,#6188,#6189,#6190,#6191,#6192,#6193,#6194,
    #6195,#6196,#6197,#6198,#6199,#6200,#6201,#6202,#6203,#6204,#6205,
    #6206,#6207,#6208,#6209,#6210),.UNSPECIFIED.,.F.,.F.,(12,10,10,12),(
    -0.585615641583,2.901255980386E-15,13.744467859455,14.330083501039),
  .UNSPECIFIED.);
#6179 = CARTESIAN_POINT('',(3.533804235046,-0.415670275735,
    2.135020857149));
#6180 = CARTESIAN_POINT('',(3.513289829604,-0.465196431576,
    2.135020857149));
#6181 = CARTESIAN_POINT('',(3.492803661547,-0.514654416342,
    2.135020857149));
#6182 = CARTESIAN_POINT('',(3.472345730872,-0.564044230035,
    2.135020857149));
#6183 = CARTESIAN_POINT('',(3.451916037581,-0.613365872653,
    2.135020857149));
#6184 = CARTESIAN_POINT('',(3.431514581673,-0.662619344198,
    2.135020857149));
#6185 = CARTESIAN_POINT('',(3.411141363149,-0.711804644669,
    2.135020857149));
#6186 = CARTESIAN_POINT('',(3.390796382008,-0.760921774065,
    2.135020857149));
#6187 = CARTESIAN_POINT('',(3.370479638251,-0.809970732388,
    2.135020857149));
#6188 = CARTESIAN_POINT('',(3.350191131876,-0.858951519637,
    2.135020857149));
#6189 = CARTESIAN_POINT('',(3.329930862886,-0.907864135812,
    2.135020857149));
#6190 = CARTESIAN_POINT('',(2.834850674205,-2.103093441788,
    2.135020857149));
#6191 = CARTESIAN_POINT('',(1.727586252495,-3.009448724487,
    2.135020937091));
#6192 = CARTESIAN_POINT('',(0.10585501195,-3.257464103805,2.135020692567
    ));
#6193 = CARTESIAN_POINT('',(-1.475741298782,-2.5067600004,2.135021036405
    ));
#6194 = CARTESIAN_POINT('',(-2.588653308495,-1.059860959899,
    2.135020781556));
#6195 = CARTESIAN_POINT('',(-2.588653308509,1.059860959899,
    2.135020781567));
#6196 = CARTESIAN_POINT('',(-1.475741298771,2.5067600004,2.135021036396)
  );
#6197 = CARTESIAN_POINT('',(0.105855011945,3.257464103806,2.135020692572
    ));
#6198 = CARTESIAN_POINT('',(1.727586252497,3.009448724487,2.135020937089
    ));
#6199 = CARTESIAN_POINT('',(2.834850674204,2.103093441788,2.135020857149
    ));
#6200 = CARTESIAN_POINT('',(3.329930862886,0.907864135812,2.135020857149
    ));
#6201 = CARTESIAN_POINT('',(3.350191131876,0.858951519637,2.135020857149
    ));
#6202 = CARTESIAN_POINT('',(3.370479638251,0.809970732388,2.135020857149
    ));
#6203 = CARTESIAN_POINT('',(3.390796382008,0.760921774065,2.135020857149
    ));
#6204 = CARTESIAN_POINT('',(3.411141363149,0.711804644669,2.135020857149
    ));
#6205 = CARTESIAN_POINT('',(3.431514581673,0.662619344198,2.135020857149
    ));
#6206 = CARTESIAN_POINT('',(3.451916037581,0.613365872653,2.135020857149
    ));
#6207 = CARTESIAN_POINT('',(3.472345730872,0.564044230035,2.135020857149
    ));
#6208 = CARTESIAN_POINT('',(3.492803661547,0.514654416342,2.135020857149
    ));
#6209 = CARTESIAN_POINT('',(3.513289829605,0.465196431576,2.135020857149
    ));
#6210 = CARTESIAN_POINT('',(3.533804235046,0.415670275736,2.135020857149
    ));
#6211 = ORIENTED_EDGE('',*,*,#6212,.F.);
#6212 = EDGE_CURVE('',#5987,#6176,#6213,.T.);
#6213 = B_SPLINE_CURVE_WITH_KNOTS('',5,(#6214,#6215,#6216,#6217,#6218,
    #6219,#6220,#6221,#6222,#6223),.UNSPECIFIED.,.F.,.F.,(6,4,6),(0.,0.5
    ,1.),.UNSPECIFIED.);
#6214 = CARTESIAN_POINT('',(3.235446538439,0.925952274181,1.930661594627
    ));
#6215 = CARTESIAN_POINT('',(3.249271815997,0.93167889165,1.946744172007)
  );
#6216 = CARTESIAN_POINT('',(3.261973435419,0.936940074678,1.964470589246
    ));
#6217 = CARTESIAN_POINT('',(3.273234543788,0.941604578492,1.9836790636)
  );
#6218 = CARTESIAN_POINT('',(3.282778034968,0.945557621971,2.004056935692
    ));
#6219 = CARTESIAN_POINT('',(3.298159251937,0.951928730645,2.046389556494
    ));
#6220 = CARTESIAN_POINT('',(3.303997166347,0.95434687397,2.068344824333)
  );
#6221 = CARTESIAN_POINT('',(3.307841659805,0.955939315301,2.090710414983
    ));
#6222 = CARTESIAN_POINT('',(3.30969883117,0.956708580868,2.113053113924)
  );
#6223 = CARTESIAN_POINT('',(3.309698831278,0.956708580913,2.135020857149
    ));
#6224 = ORIENTED_EDGE('',*,*,#5995,.F.);
#6225 = ( BOUNDED_SURFACE() B_SPLINE_SURFACE(2,11,(
    (#6226,#6227,#6228,#6229,#6230,#6231,#6232,#6233,#6234,#6235,#6236
      ,#6237,#6238,#6239,#6240,#6241,#6242,#6243,#6244,#6245,#6246,#6247
      ,#6248,#6249,#6250,#6251,#6252,#6253,#6254,#6255,#6256,#6257)
    ,(#6258,#6259,#6260,#6261,#6262,#6263,#6264,#6265,#6266,#6267,#6268
      ,#6269,#6270,#6271,#6272,#6273,#6274,#6275,#6276,#6277,#6278,#6279
      ,#6280,#6281,#6282,#6283,#6284,#6285,#6286,#6287,#6288,#6289)
    ,(#6290,#6291,#6292,#6293,#6294,#6295,#6296,#6297,#6298,#6299,#6300
      ,#6301,#6302,#6303,#6304,#6305,#6306,#6307,#6308,#6309,#6310,#6311
      ,#6312,#6313,#6314,#6315,#6316,#6317,#6318,#6319,#6320,#6321
)),.UNSPECIFIED.,.F.,.F.,.F.) B_SPLINE_SURFACE_WITH_KNOTS((3,3),(12,10,
    10,12),(0.,13.744467859455),(-0.585615641583,2.901255980386E-15,
    13.744467859455,14.330083501039),.UNSPECIFIED.) 
GEOMETRIC_REPRESENTATION_ITEM() RATIONAL_B_SPLINE_SURFACE((
    (1.,1.,1.,1.,1.,1.,1.,1.,1.,1.,1.,1.,1.,1.,1.,1.,1.,1.,1.,1.,1.,1.
      ,1.,1.,1.,1.,1.,1.,1.,1.,1.,1.)
    ,(0.93061798229,0.93061798229,0.93061798229,0.93061798229
      ,0.93061798229,0.93061798229,0.93061798229,0.93061798229
      ,0.93061798229,0.93061798229,0.93061798229,0.93061798229
      ,0.930617902914,0.930618145705,0.930617804307,0.93061805734
      ,0.930618057345,0.930617804303,0.930618145707,0.930617902913
      ,0.93061798229,0.93061798229,0.93061798229,0.93061798229
      ,0.93061798229,0.93061798229,0.93061798229,0.93061798229
      ,0.93061798229,0.93061798229,0.93061798229,0.93061798229)
    ,(1.,1.,1.,1.,1.,1.,1.,1.,1.,1.,1.,1.,1.,1.,1.,1.,1.,1.,1.,1.,1.,1.
,1.,1.,1.,1.,1.,1.,1.,1.,1.,1.))) REPRESENTATION_ITEM('') SURFACE() );
#6226 = CARTESIAN_POINT('',(3.459551942206,-0.384913969004,
    1.930661594627));
#6227 = CARTESIAN_POINT('',(3.438387116582,-0.43601037807,1.930661594627
    ));
#6228 = CARTESIAN_POINT('',(3.417380612378,-0.486724565418,
    1.930661594627));
#6229 = CARTESIAN_POINT('',(3.396532429594,-0.537056531046,
    1.930661594627));
#6230 = CARTESIAN_POINT('',(3.37584256823,-0.587006274955,1.930661594627
    ));
#6231 = CARTESIAN_POINT('',(3.355311028286,-0.636573797145,
    1.930661594627));
#6232 = CARTESIAN_POINT('',(3.334937809762,-0.685759097616,
    1.930661594627));
#6233 = CARTESIAN_POINT('',(3.314722912657,-0.734562176367,
    1.930661594627));
#6234 = CARTESIAN_POINT('',(3.294666336973,-0.782983033399,
    1.930661594627));
#6235 = CARTESIAN_POINT('',(3.274768082708,-0.831021668713,
    1.930661594627));
#6236 = CARTESIAN_POINT('',(3.255028149863,-0.878678082306,
    1.930661594627));
#6237 = CARTESIAN_POINT('',(2.775863819411,-2.03548310749,1.930661594627
    ));
#6238 = CARTESIAN_POINT('',(1.704091980563,-2.912929929979,
    1.930661579303));
#6239 = CARTESIAN_POINT('',(0.134360577617,-3.15228097909,1.930661626176
    ));
#6240 = CARTESIAN_POINT('',(-1.395396108631,-2.426388868523,
    1.930661560267));
#6241 = CARTESIAN_POINT('',(-2.473728053045,-1.026234168191,
    1.930661609113));
#6242 = CARTESIAN_POINT('',(-2.473728053056,1.026234168191,
    1.930661609123));
#6243 = CARTESIAN_POINT('',(-1.395396108622,2.426388868523,1.93066156026
    ));
#6244 = CARTESIAN_POINT('',(0.134360577613,3.15228097909,1.93066162618)
  );
#6245 = CARTESIAN_POINT('',(1.704091980565,2.912929929979,1.930661579301
    ));
#6246 = CARTESIAN_POINT('',(2.775863819411,2.03548310749,1.930661594627)
  );
#6247 = CARTESIAN_POINT('',(3.255028149863,0.878678082306,1.930661594627
    ));
#6248 = CARTESIAN_POINT('',(3.274768082708,0.831021668713,1.930661594627
    ));
#6249 = CARTESIAN_POINT('',(3.294666336973,0.782983033399,1.930661594627
    ));
#6250 = CARTESIAN_POINT('',(3.314722912657,0.734562176367,1.930661594627
    ));
#6251 = CARTESIAN_POINT('',(3.334937809762,0.685759097616,1.930661594627
    ));
#6252 = CARTESIAN_POINT('',(3.355311028286,0.636573797145,1.930661594627
    ));
#6253 = CARTESIAN_POINT('',(3.37584256823,0.587006274955,1.930661594627)
  );
#6254 = CARTESIAN_POINT('',(3.396532429594,0.537056531046,1.930661594627
    ));
#6255 = CARTESIAN_POINT('',(3.417380612378,0.486724565418,1.930661594627
    ));
#6256 = CARTESIAN_POINT('',(3.438387116582,0.436010378071,1.930661594627
    ));
#6257 = CARTESIAN_POINT('',(3.459551942206,0.384913969004,1.930661594627
    ));
#6258 = CARTESIAN_POINT('',(3.533804235046,-0.415670275735,
    2.017037309501));
#6259 = CARTESIAN_POINT('',(3.513289829604,-0.465196431576,
    2.017037309501));
#6260 = CARTESIAN_POINT('',(3.492803661547,-0.514654416342,
    2.017037309501));
#6261 = CARTESIAN_POINT('',(3.472345730872,-0.564044230035,
    2.017037309501));
#6262 = CARTESIAN_POINT('',(3.451916037581,-0.613365872653,
    2.017037309501));
#6263 = CARTESIAN_POINT('',(3.431514581673,-0.662619344198,
    2.017037309501));
#6264 = CARTESIAN_POINT('',(3.411141363149,-0.711804644669,
    2.017037309501));
#6265 = CARTESIAN_POINT('',(3.390796382008,-0.760921774065,
    2.017037309501));
#6266 = CARTESIAN_POINT('',(3.37047963825,-0.809970732388,2.017037309501
    ));
#6267 = CARTESIAN_POINT('',(3.350191131876,-0.858951519637,
    2.017037309501));
#6268 = CARTESIAN_POINT('',(3.329930862886,-0.907864135812,
    2.017037309501));
#6269 = CARTESIAN_POINT('',(2.834850674205,-2.103093441788,
    2.017037309501));
#6270 = CARTESIAN_POINT('',(1.727586214542,-3.009448936944,
    2.017037314315));
#6271 = CARTESIAN_POINT('',(0.105855341319,-3.257463206685,2.01703729959
    ));
#6272 = CARTESIAN_POINT('',(-1.475741895236,-2.506761759151,
    2.017037320295));
#6273 = CARTESIAN_POINT('',(-2.588652975413,-1.05985863781,
    2.017037304949));
#6274 = CARTESIAN_POINT('',(-2.58865297541,1.059858637805,2.017037304949
    ));
#6275 = CARTESIAN_POINT('',(-1.475741895234,2.506761759161,
    2.017037320295));
#6276 = CARTESIAN_POINT('',(0.105855341315,3.257463206678,2.01703729959)
  );
#6277 = CARTESIAN_POINT('',(1.727586214545,3.009448936946,2.017037314315
    ));
#6278 = CARTESIAN_POINT('',(2.834850674204,2.103093441787,2.017037309501
    ));
#6279 = CARTESIAN_POINT('',(3.329930862886,0.907864135812,2.017037309501
    ));
#6280 = CARTESIAN_POINT('',(3.350191131876,0.858951519637,2.017037309501
    ));
#6281 = CARTESIAN_POINT('',(3.370479638251,0.809970732388,2.017037309501
    ));
#6282 = CARTESIAN_POINT('',(3.390796382008,0.760921774065,2.017037309501
    ));
#6283 = CARTESIAN_POINT('',(3.411141363149,0.711804644669,2.017037309501
    ));
#6284 = CARTESIAN_POINT('',(3.431514581674,0.662619344198,2.017037309501
    ));
#6285 = CARTESIAN_POINT('',(3.451916037581,0.613365872653,2.017037309501
    ));
#6286 = CARTESIAN_POINT('',(3.472345730872,0.564044230035,2.017037309501
    ));
#6287 = CARTESIAN_POINT('',(3.492803661547,0.514654416342,2.017037309501
    ));
#6288 = CARTESIAN_POINT('',(3.513289829605,0.465196431576,2.017037309501
    ));
#6289 = CARTESIAN_POINT('',(3.533804235046,0.415670275736,2.017037309501
    ));
#6290 = CARTESIAN_POINT('',(3.533804235046,-0.415670275735,
    2.135020857149));
#6291 = CARTESIAN_POINT('',(3.513289829604,-0.465196431576,
    2.135020857149));
#6292 = CARTESIAN_POINT('',(3.492803661547,-0.514654416342,
    2.135020857149));
#6293 = CARTESIAN_POINT('',(3.472345730872,-0.564044230035,
    2.135020857149));
#6294 = CARTESIAN_POINT('',(3.451916037581,-0.613365872653,
    2.135020857149));
#6295 = CARTESIAN_POINT('',(3.431514581673,-0.662619344198,
    2.135020857149));
#6296 = CARTESIAN_POINT('',(3.411141363149,-0.711804644669,
    2.135020857149));
#6297 = CARTESIAN_POINT('',(3.390796382008,-0.760921774065,
    2.135020857149));
#6298 = CARTESIAN_POINT('',(3.370479638251,-0.809970732388,
    2.135020857149));
#6299 = CARTESIAN_POINT('',(3.350191131876,-0.858951519637,
    2.135020857149));
#6300 = CARTESIAN_POINT('',(3.329930862886,-0.907864135812,
    2.135020857149));
#6301 = CARTESIAN_POINT('',(2.834850674205,-2.103093441788,
    2.135020857149));
#6302 = CARTESIAN_POINT('',(1.727586252495,-3.009448724487,
    2.135020937091));
#6303 = CARTESIAN_POINT('',(0.10585501195,-3.257464103805,2.135020692567
    ));
#6304 = CARTESIAN_POINT('',(-1.475741298782,-2.5067600004,2.135021036405
    ));
#6305 = CARTESIAN_POINT('',(-2.588653308495,-1.059860959899,
    2.135020781556));
#6306 = CARTESIAN_POINT('',(-2.588653308509,1.059860959899,
    2.135020781567));
#6307 = CARTESIAN_POINT('',(-1.475741298771,2.5067600004,2.135021036396)
  );
#6308 = CARTESIAN_POINT('',(0.105855011945,3.257464103806,2.135020692572
    ));
#6309 = CARTESIAN_POINT('',(1.727586252497,3.009448724487,2.135020937089
    ));
#6310 = CARTESIAN_POINT('',(2.834850674204,2.103093441788,2.135020857149
    ));
#6311 = CARTESIAN_POINT('',(3.329930862886,0.907864135812,2.135020857149
    ));
#6312 = CARTESIAN_POINT('',(3.350191131876,0.858951519637,2.135020857149
    ));
#6313 = CARTESIAN_POINT('',(3.370479638251,0.809970732388,2.135020857149
    ));
#6314 = CARTESIAN_POINT('',(3.390796382008,0.760921774065,2.135020857149
    ));
#6315 = CARTESIAN_POINT('',(3.411141363149,0.711804644669,2.135020857149
    ));
#6316 = CARTESIAN_POINT('',(3.431514581673,0.662619344198,2.135020857149
    ));
#6317 = CARTESIAN_POINT('',(3.451916037581,0.613365872653,2.135020857149
    ));
#6318 = CARTESIAN_POINT('',(3.472345730872,0.564044230035,2.135020857149
    ));
#6319 = CARTESIAN_POINT('',(3.492803661547,0.514654416342,2.135020857149
    ));
#6320 = CARTESIAN_POINT('',(3.513289829605,0.465196431576,2.135020857149
    ));
#6321 = CARTESIAN_POINT('',(3.533804235046,0.415670275736,2.135020857149
    ));
#6322 = ADVANCED_FACE('',(#6323),#6359,.T.);
#6323 = FACE_BOUND('',#6324,.T.);
#6324 = EDGE_LOOP('',(#6325,#6326,#6327,#6346));
#6325 = ORIENTED_EDGE('',*,*,#6042,.F.);
#6326 = ORIENTED_EDGE('',*,*,#6212,.T.);
#6327 = ORIENTED_EDGE('',*,*,#6328,.T.);
#6328 = EDGE_CURVE('',#6176,#6329,#6331,.T.);
#6329 = VERTEX_POINT('',#6330);
#6330 = CARTESIAN_POINT('',(3.487468271461,0.25,2.135020857149));
#6331 = B_SPLINE_CURVE_WITH_KNOTS('',5,(#6332,#6333,#6334,#6335,#6336,
    #6337,#6338,#6339,#6340,#6341,#6342,#6343,#6344,#6345),
  .UNSPECIFIED.,.F.,.F.,(6,4,4,6),(-0.119413470026,-1.353371911203E-07,
    1.96349554383,2.08290869425),.UNSPECIFIED.);
#6332 = CARTESIAN_POINT('',(3.264001325546,1.067032118743,2.135020857149
    ));
#6333 = CARTESIAN_POINT('',(3.273140829292,1.0449674049,2.135020857149)
  );
#6334 = CARTESIAN_POINT('',(3.282280331654,1.0229026944,2.135020857149)
  );
#6335 = CARTESIAN_POINT('',(3.291419832631,1.000837987243,2.135020857149
    ));
#6336 = CARTESIAN_POINT('',(3.300559332224,0.978773283428,2.135020857149
    ));
#6337 = CARTESIAN_POINT('',(3.45997823841,0.593901998977,2.135020857149)
  );
#6338 = CARTESIAN_POINT('',(3.539038746156,0.201591257513,2.135020857149
    ));
#6339 = CARTESIAN_POINT('',(3.539039291386,-0.201589955698,
    2.135020857149));
#6340 = CARTESIAN_POINT('',(3.45997851584,-0.593901329202,2.135020857149
    ));
#6341 = CARTESIAN_POINT('',(3.300559329455,-0.978773290113,
    2.135020857149));
#6342 = CARTESIAN_POINT('',(3.291419828478,-1.00083799727,2.135020857149
    ));
#6343 = CARTESIAN_POINT('',(3.2822803275,-1.022902704428,2.135020857149)
  );
#6344 = CARTESIAN_POINT('',(3.273140826523,-1.044967411585,
    2.135020857149));
#6345 = CARTESIAN_POINT('',(3.264001325546,-1.067032118743,
    2.135020857149));
#6346 = ORIENTED_EDGE('',*,*,#6347,.T.);
#6347 = EDGE_CURVE('',#6329,#6043,#6348,.T.);
#6348 = B_SPLINE_CURVE_WITH_KNOTS('',5,(#6349,#6350,#6351,#6352,#6353,
    #6354,#6355,#6356,#6357,#6358),.UNSPECIFIED.,.F.,.F.,(6,4,6),(0.,
    0.48758179705,1.),.UNSPECIFIED.);
#6349 = CARTESIAN_POINT('',(3.487468271461,0.25,2.135020857149));
#6350 = CARTESIAN_POINT('',(3.487468270657,0.25,2.113553317448));
#6351 = CARTESIAN_POINT('',(3.485538793119,0.25,2.091758528998));
#6352 = CARTESIAN_POINT('',(3.481559474663,0.25,2.069958867169));
#6353 = CARTESIAN_POINT('',(3.475526468276,0.25,2.048540658581));
#6354 = CARTESIAN_POINT('',(3.459209148069,0.25,2.006097182303));
#6355 = CARTESIAN_POINT('',(3.448723867052,0.25,1.985147071589));
#6356 = CARTESIAN_POINT('',(3.436260723432,0.25,1.965395047985));
#6357 = CARTESIAN_POINT('',(3.422126648559,0.25,1.947173883242));
#6358 = CARTESIAN_POINT('',(3.40667978278,0.25,1.930661594627));
#6359 = ( BOUNDED_SURFACE() B_SPLINE_SURFACE(2,5,(
    (#6360,#6361,#6362,#6363,#6364,#6365,#6366,#6367,#6368,#6369,#6370
      ,#6371,#6372,#6373)
    ,(#6374,#6375,#6376,#6377,#6378,#6379,#6380,#6381,#6382,#6383,#6384
      ,#6385,#6386,#6387)
    ,(#6388,#6389,#6390,#6391,#6392,#6393,#6394,#6395,#6396,#6397,#6398
      ,#6399,#6400,#6401
)),.UNSPECIFIED.,.F.,.F.,.F.) B_SPLINE_SURFACE_WITH_KNOTS((3,3),(6,4,4,6
    ),(0.,1.963495679168),(-0.119413470026,-1.353371911203E-07,
    1.96349554383,2.08290869425),.UNSPECIFIED.) 
GEOMETRIC_REPRESENTATION_ITEM() RATIONAL_B_SPLINE_SURFACE((
    (1.,1.,1.,1.,1.,1.,1.,1.,1.,1.,1.,1.,1.,1.)
    ,(0.93061798229,0.93061798229,0.93061798229,0.93061798229
      ,0.93061798229,0.93061798229,0.93061798229,0.93061798229
      ,0.93061798229,0.93061798229,0.93061798229,0.93061798229
      ,0.93061798229,0.93061798229)
,(1.,1.,1.,1.,1.,1.,1.,1.,1.,1.,1.,1.,1.,1.
))) REPRESENTATION_ITEM('') SURFACE() );
#6360 = CARTESIAN_POINT('',(3.189749034566,1.036275808073,1.930661594627
    ));
#6361 = CARTESIAN_POINT('',(3.199182355483,1.013501756721,1.930661594627
    ));
#6362 = CARTESIAN_POINT('',(3.20846876641,0.991082377458,1.930661594627)
  );
#6363 = CARTESIAN_POINT('',(3.217608267348,0.969017670284,1.930661594627
    ));
#6364 = CARTESIAN_POINT('',(3.226600858298,0.9473076352,1.930661594627)
  );
#6365 = CARTESIAN_POINT('',(3.380894753976,0.574809218729,1.930661594627
    ));
#6366 = CARTESIAN_POINT('',(3.457413628123,0.195110560338,1.930661594627
    ));
#6367 = CARTESIAN_POINT('',(3.457414134116,-0.1951093668,1.930661594627)
  );
#6368 = CARTESIAN_POINT('',(3.380895040325,-0.574808527422,
    1.930661594627));
#6369 = CARTESIAN_POINT('',(3.226600854533,-0.947307644289,
    1.930661594627));
#6370 = CARTESIAN_POINT('',(3.217608261701,-0.969017683918,
    1.930661594627));
#6371 = CARTESIAN_POINT('',(3.208468760763,-0.991082391091,
    1.930661594627));
#6372 = CARTESIAN_POINT('',(3.199182351718,-1.01350176581,1.930661594627
    ));
#6373 = CARTESIAN_POINT('',(3.189749034566,-1.036275808073,
    1.930661594627));
#6374 = CARTESIAN_POINT('',(3.264001325546,1.067032118743,2.017037309501
    ));
#6375 = CARTESIAN_POINT('',(3.273140829292,1.0449674049,2.017037309501)
  );
#6376 = CARTESIAN_POINT('',(3.282280331654,1.0229026944,2.017037309501)
  );
#6377 = CARTESIAN_POINT('',(3.291419832631,1.000837987243,2.017037309501
    ));
#6378 = CARTESIAN_POINT('',(3.300559332224,0.978773283428,2.017037309501
    ));
#6379 = CARTESIAN_POINT('',(3.45997823841,0.593901998977,2.017037309501)
  );
#6380 = CARTESIAN_POINT('',(3.539038746156,0.201591257513,2.017037309501
    ));
#6381 = CARTESIAN_POINT('',(3.539039291386,-0.201589955698,
    2.017037309501));
#6382 = CARTESIAN_POINT('',(3.45997851584,-0.593901329202,2.017037309501
    ));
#6383 = CARTESIAN_POINT('',(3.300559329455,-0.978773290113,
    2.017037309501));
#6384 = CARTESIAN_POINT('',(3.291419828478,-1.00083799727,2.017037309501
    ));
#6385 = CARTESIAN_POINT('',(3.2822803275,-1.022902704428,2.017037309501)
  );
#6386 = CARTESIAN_POINT('',(3.273140826523,-1.044967411585,
    2.017037309501));
#6387 = CARTESIAN_POINT('',(3.264001325546,-1.067032118743,
    2.017037309501));
#6388 = CARTESIAN_POINT('',(3.264001325546,1.067032118743,2.135020857149
    ));
#6389 = CARTESIAN_POINT('',(3.273140829292,1.0449674049,2.135020857149)
  );
#6390 = CARTESIAN_POINT('',(3.282280331654,1.0229026944,2.135020857149)
  );
#6391 = CARTESIAN_POINT('',(3.291419832631,1.000837987243,2.135020857149
    ));
#6392 = CARTESIAN_POINT('',(3.300559332224,0.978773283428,2.135020857149
    ));
#6393 = CARTESIAN_POINT('',(3.45997823841,0.593901998977,2.135020857149)
  );
#6394 = CARTESIAN_POINT('',(3.539038746156,0.201591257513,2.135020857149
    ));
#6395 = CARTESIAN_POINT('',(3.539039291386,-0.201589955698,
    2.135020857149));
#6396 = CARTESIAN_POINT('',(3.45997851584,-0.593901329202,2.135020857149
    ));
#6397 = CARTESIAN_POINT('',(3.300559329455,-0.978773290113,
    2.135020857149));
#6398 = CARTESIAN_POINT('',(3.291419828478,-1.00083799727,2.135020857149
    ));
#6399 = CARTESIAN_POINT('',(3.2822803275,-1.022902704428,2.135020857149)
  );
#6400 = CARTESIAN_POINT('',(3.273140826523,-1.044967411585,
    2.135020857149));
#6401 = CARTESIAN_POINT('',(3.264001325546,-1.067032118743,
    2.135020857149));
#6402 = ADVANCED_FACE('',(#6403),#6427,.F.);
#6403 = FACE_BOUND('',#6404,.F.);
#6404 = EDGE_LOOP('',(#6405,#6422,#6423,#6424,#6425,#6426));
#6405 = ORIENTED_EDGE('',*,*,#6406,.F.);
#6406 = EDGE_CURVE('',#6043,#6065,#6407,.T.);
#6407 = B_SPLINE_CURVE_WITH_KNOTS('',5,(#6408,#6409,#6410,#6411,#6412,
    #6413,#6414,#6415,#6416,#6417,#6418,#6419,#6420,#6421),
  .UNSPECIFIED.,.F.,.F.,(6,4,4,6),(-0.119413470026,-1.353371911203E-07,
    1.96349554383,2.08290869425),.UNSPECIFIED.);
#6408 = CARTESIAN_POINT('',(3.189749034566,1.036275808073,1.930661594627
    ));
#6409 = CARTESIAN_POINT('',(3.199182355483,1.013501756721,1.930661594627
    ));
#6410 = CARTESIAN_POINT('',(3.20846876641,0.991082377458,1.930661594627)
  );
#6411 = CARTESIAN_POINT('',(3.217608267348,0.969017670284,1.930661594627
    ));
#6412 = CARTESIAN_POINT('',(3.226600858298,0.9473076352,1.930661594627)
  );
#6413 = CARTESIAN_POINT('',(3.380894753976,0.574809218729,1.930661594627
    ));
#6414 = CARTESIAN_POINT('',(3.457413628123,0.195110560338,1.930661594627
    ));
#6415 = CARTESIAN_POINT('',(3.457414134116,-0.1951093668,1.930661594627)
  );
#6416 = CARTESIAN_POINT('',(3.380895040325,-0.574808527422,
    1.930661594627));
#6417 = CARTESIAN_POINT('',(3.226600854533,-0.947307644289,
    1.930661594627));
#6418 = CARTESIAN_POINT('',(3.217608261701,-0.969017683918,
    1.930661594627));
#6419 = CARTESIAN_POINT('',(3.208468760763,-0.991082391091,
    1.930661594627));
#6420 = CARTESIAN_POINT('',(3.199182351718,-1.01350176581,1.930661594627
    ));
#6421 = CARTESIAN_POINT('',(3.189749034566,-1.036275808073,
    1.930661594627));
#6422 = ORIENTED_EDGE('',*,*,#6139,.F.);
#6423 = ORIENTED_EDGE('',*,*,#6120,.F.);
#6424 = ORIENTED_EDGE('',*,*,#6113,.F.);
#6425 = ORIENTED_EDGE('',*,*,#6094,.F.);
#6426 = ORIENTED_EDGE('',*,*,#6083,.T.);
#6427 = SURFACE_OF_REVOLUTION('',#6428,#6433);
#6428 = CIRCLE('',#6429,0.485412195974);
#6429 = AXIS2_PLACEMENT_3D('',#6430,#6431,#6432);
#6430 = CARTESIAN_POINT('',(3.563765702719,1.061946524813,1.6));
#6431 = DIRECTION('',(-0.382683432365,0.923879532511,0.));
#6432 = DIRECTION('',(-0.523404384043,-0.216801194476,-0.824041924199));
#6433 = AXIS1_PLACEMENT('',#6434,#6435);
#6434 = CARTESIAN_POINT('',(1.,0.,0.));
#6435 = DIRECTION('',(0.,0.,-1.));
#6436 = ADVANCED_FACE('',(#6437),#6473,.T.);
#6437 = FACE_BOUND('',#6438,.T.);
#6438 = EDGE_LOOP('',(#6439,#6440,#6455,#6472));
#6439 = ORIENTED_EDGE('',*,*,#6064,.F.);
#6440 = ORIENTED_EDGE('',*,*,#6441,.F.);
#6441 = EDGE_CURVE('',#6442,#6065,#6444,.T.);
#6442 = VERTEX_POINT('',#6443);
#6443 = CARTESIAN_POINT('',(3.487468315832,-0.25,2.135020857149));
#6444 = B_SPLINE_CURVE_WITH_KNOTS('',5,(#6445,#6446,#6447,#6448,#6449,
    #6450,#6451,#6452,#6453,#6454),.UNSPECIFIED.,.F.,.F.,(6,4,6),(0.,
    0.487581797268,1.),.UNSPECIFIED.);
#6445 = CARTESIAN_POINT('',(3.487468315832,-0.25,2.135020857149));
#6446 = CARTESIAN_POINT('',(3.487468315028,-0.25,2.113553317453));
#6447 = CARTESIAN_POINT('',(3.485538837558,-0.25,2.091758529008));
#6448 = CARTESIAN_POINT('',(3.48155951924,-0.25,2.069958867183));
#6449 = CARTESIAN_POINT('',(3.475526513064,-0.25,2.048540658594));
#6450 = CARTESIAN_POINT('',(3.45920919343,-0.25,2.006097182322));
#6451 = CARTESIAN_POINT('',(3.448723912786,-0.25,1.985147071614));
#6452 = CARTESIAN_POINT('',(3.436260769607,-0.25,1.965395048007));
#6453 = CARTESIAN_POINT('',(3.422126695234,-0.25,1.947173883255));
#6454 = CARTESIAN_POINT('',(3.406679829997,-0.25,1.930661594627));
#6455 = ORIENTED_EDGE('',*,*,#6456,.T.);
#6456 = EDGE_CURVE('',#6442,#6161,#6457,.T.);
#6457 = B_SPLINE_CURVE_WITH_KNOTS('',5,(#6458,#6459,#6460,#6461,#6462,
    #6463,#6464,#6465,#6466,#6467,#6468,#6469,#6470,#6471),
  .UNSPECIFIED.,.F.,.F.,(6,4,4,6),(-0.119413470026,-1.353371911203E-07,
    1.96349554383,2.08290869425),.UNSPECIFIED.);
#6458 = CARTESIAN_POINT('',(3.264001325546,1.067032118743,2.135020857149
    ));
#6459 = CARTESIAN_POINT('',(3.273140829292,1.0449674049,2.135020857149)
  );
#6460 = CARTESIAN_POINT('',(3.282280331654,1.0229026944,2.135020857149)
  );
#6461 = CARTESIAN_POINT('',(3.291419832631,1.000837987243,2.135020857149
    ));
#6462 = CARTESIAN_POINT('',(3.300559332224,0.978773283428,2.135020857149
    ));
#6463 = CARTESIAN_POINT('',(3.45997823841,0.593901998977,2.135020857149)
  );
#6464 = CARTESIAN_POINT('',(3.539038746156,0.201591257513,2.135020857149
    ));
#6465 = CARTESIAN_POINT('',(3.539039291386,-0.201589955698,
    2.135020857149));
#6466 = CARTESIAN_POINT('',(3.45997851584,-0.593901329202,2.135020857149
    ));
#6467 = CARTESIAN_POINT('',(3.300559329455,-0.978773290113,
    2.135020857149));
#6468 = CARTESIAN_POINT('',(3.291419828478,-1.00083799727,2.135020857149
    ));
#6469 = CARTESIAN_POINT('',(3.2822803275,-1.022902704428,2.135020857149)
  );
#6470 = CARTESIAN_POINT('',(3.273140826523,-1.044967411585,
    2.135020857149));
#6471 = CARTESIAN_POINT('',(3.264001325546,-1.067032118743,
    2.135020857149));
#6472 = ORIENTED_EDGE('',*,*,#6160,.F.);
#6473 = ( BOUNDED_SURFACE() B_SPLINE_SURFACE(2,5,(
    (#6474,#6475,#6476,#6477,#6478,#6479,#6480,#6481,#6482,#6483,#6484
      ,#6485,#6486,#6487)
    ,(#6488,#6489,#6490,#6491,#6492,#6493,#6494,#6495,#6496,#6497,#6498
      ,#6499,#6500,#6501)
    ,(#6502,#6503,#6504,#6505,#6506,#6507,#6508,#6509,#6510,#6511,#6512
      ,#6513,#6514,#6515
)),.UNSPECIFIED.,.F.,.F.,.F.) B_SPLINE_SURFACE_WITH_KNOTS((3,3),(6,4,4,6
    ),(0.,1.963495679168),(-0.119413470026,-1.353371911203E-07,
    1.96349554383,2.08290869425),.UNSPECIFIED.) 
GEOMETRIC_REPRESENTATION_ITEM() RATIONAL_B_SPLINE_SURFACE((
    (1.,1.,1.,1.,1.,1.,1.,1.,1.,1.,1.,1.,1.,1.)
    ,(0.93061798229,0.93061798229,0.93061798229,0.93061798229
      ,0.93061798229,0.93061798229,0.93061798229,0.93061798229
      ,0.93061798229,0.93061798229,0.93061798229,0.93061798229
      ,0.93061798229,0.93061798229)
,(1.,1.,1.,1.,1.,1.,1.,1.,1.,1.,1.,1.,1.,1.
))) REPRESENTATION_ITEM('') SURFACE() );
#6474 = CARTESIAN_POINT('',(3.189749034566,1.036275808073,1.930661594627
    ));
#6475 = CARTESIAN_POINT('',(3.199182355483,1.013501756721,1.930661594627
    ));
#6476 = CARTESIAN_POINT('',(3.20846876641,0.991082377458,1.930661594627)
  );
#6477 = CARTESIAN_POINT('',(3.217608267348,0.969017670284,1.930661594627
    ));
#6478 = CARTESIAN_POINT('',(3.226600858298,0.9473076352,1.930661594627)
  );
#6479 = CARTESIAN_POINT('',(3.380894753976,0.574809218729,1.930661594627
    ));
#6480 = CARTESIAN_POINT('',(3.457413628123,0.195110560338,1.930661594627
    ));
#6481 = CARTESIAN_POINT('',(3.457414134116,-0.1951093668,1.930661594627)
  );
#6482 = CARTESIAN_POINT('',(3.380895040325,-0.574808527422,
    1.930661594627));
#6483 = CARTESIAN_POINT('',(3.226600854533,-0.947307644289,
    1.930661594627));
#6484 = CARTESIAN_POINT('',(3.217608261701,-0.969017683918,
    1.930661594627));
#6485 = CARTESIAN_POINT('',(3.208468760763,-0.991082391091,
    1.930661594627));
#6486 = CARTESIAN_POINT('',(3.199182351718,-1.01350176581,1.930661594627
    ));
#6487 = CARTESIAN_POINT('',(3.189749034566,-1.036275808073,
    1.930661594627));
#6488 = CARTESIAN_POINT('',(3.264001325546,1.067032118743,2.017037309501
    ));
#6489 = CARTESIAN_POINT('',(3.273140829292,1.0449674049,2.017037309501)
  );
#6490 = CARTESIAN_POINT('',(3.282280331654,1.0229026944,2.017037309501)
  );
#6491 = CARTESIAN_POINT('',(3.291419832631,1.000837987243,2.017037309501
    ));
#6492 = CARTESIAN_POINT('',(3.300559332224,0.978773283428,2.017037309501
    ));
#6493 = CARTESIAN_POINT('',(3.45997823841,0.593901998977,2.017037309501)
  );
#6494 = CARTESIAN_POINT('',(3.539038746156,0.201591257513,2.017037309501
    ));
#6495 = CARTESIAN_POINT('',(3.539039291386,-0.201589955698,
    2.017037309501));
#6496 = CARTESIAN_POINT('',(3.45997851584,-0.593901329202,2.017037309501
    ));
#6497 = CARTESIAN_POINT('',(3.300559329455,-0.978773290113,
    2.017037309501));
#6498 = CARTESIAN_POINT('',(3.291419828478,-1.00083799727,2.017037309501
    ));
#6499 = CARTESIAN_POINT('',(3.2822803275,-1.022902704428,2.017037309501)
  );
#6500 = CARTESIAN_POINT('',(3.273140826523,-1.044967411585,
    2.017037309501));
#6501 = CARTESIAN_POINT('',(3.264001325546,-1.067032118743,
    2.017037309501));
#6502 = CARTESIAN_POINT('',(3.264001325546,1.067032118743,2.135020857149
    ));
#6503 = CARTESIAN_POINT('',(3.273140829292,1.0449674049,2.135020857149)
  );
#6504 = CARTESIAN_POINT('',(3.282280331654,1.0229026944,2.135020857149)
  );
#6505 = CARTESIAN_POINT('',(3.291419832631,1.000837987243,2.135020857149
    ));
#6506 = CARTESIAN_POINT('',(3.300559332224,0.978773283428,2.135020857149
    ));
#6507 = CARTESIAN_POINT('',(3.45997823841,0.593901998977,2.135020857149)
  );
#6508 = CARTESIAN_POINT('',(3.539038746156,0.201591257513,2.135020857149
    ));
#6509 = CARTESIAN_POINT('',(3.539039291386,-0.201589955698,
    2.135020857149));
#6510 = CARTESIAN_POINT('',(3.45997851584,-0.593901329202,2.135020857149
    ));
#6511 = CARTESIAN_POINT('',(3.300559329455,-0.978773290113,
    2.135020857149));
#6512 = CARTESIAN_POINT('',(3.291419828478,-1.00083799727,2.135020857149
    ));
#6513 = CARTESIAN_POINT('',(3.2822803275,-1.022902704428,2.135020857149)
  );
#6514 = CARTESIAN_POINT('',(3.273140826523,-1.044967411585,
    2.135020857149));
#6515 = CARTESIAN_POINT('',(3.264001325546,-1.067032118743,
    2.135020857149));
#6516 = ADVANCED_FACE('',(#6517),#6543,.T.);
#6517 = FACE_BOUND('',#6518,.T.);
#6518 = EDGE_LOOP('',(#6519,#6530,#6536,#6537));
#6519 = ORIENTED_EDGE('',*,*,#6520,.T.);
#6520 = EDGE_CURVE('',#6521,#6523,#6525,.T.);
#6521 = VERTEX_POINT('',#6522);
#6522 = CARTESIAN_POINT('',(3.309698831278,-0.956708580913,4.8));
#6523 = VERTEX_POINT('',#6524);
#6524 = CARTESIAN_POINT('',(3.309698831278,0.956708580913,4.8));
#6525 = CIRCLE('',#6526,2.5);
#6526 = AXIS2_PLACEMENT_3D('',#6527,#6528,#6529);
#6527 = CARTESIAN_POINT('',(1.,0.,4.8));
#6528 = DIRECTION('',(0.,-0.,-1.));
#6529 = DIRECTION('',(0.923879532511,-0.382683432365,0.));
#6530 = ORIENTED_EDGE('',*,*,#6531,.F.);
#6531 = EDGE_CURVE('',#6176,#6523,#6532,.T.);
#6532 = LINE('',#6533,#6534);
#6533 = CARTESIAN_POINT('',(3.309698831278,0.956708580913,2.));
#6534 = VECTOR('',#6535,1.);
#6535 = DIRECTION('',(0.,0.,1.));
#6536 = ORIENTED_EDGE('',*,*,#6175,.F.);
#6537 = ORIENTED_EDGE('',*,*,#6538,.T.);
#6538 = EDGE_CURVE('',#6161,#6521,#6539,.T.);
#6539 = LINE('',#6540,#6541);
#6540 = CARTESIAN_POINT('',(3.309698831278,-0.956708580913,2.));
#6541 = VECTOR('',#6542,1.);
#6542 = DIRECTION('',(0.,0.,1.));
#6543 = CYLINDRICAL_SURFACE('',#6544,2.5);
#6544 = AXIS2_PLACEMENT_3D('',#6545,#6546,#6547);
#6545 = CARTESIAN_POINT('',(1.,0.,2.));
#6546 = DIRECTION('',(0.,0.,1.));
#6547 = DIRECTION('',(0.923879532511,-0.382683432365,0.));
#6548 = ADVANCED_FACE('',(#6549),#6571,.T.);
#6549 = FACE_BOUND('',#6550,.T.);
#6550 = EDGE_LOOP('',(#6551,#6552,#6553,#6570));
#6551 = ORIENTED_EDGE('',*,*,#6406,.F.);
#6552 = ORIENTED_EDGE('',*,*,#6347,.F.);
#6553 = ORIENTED_EDGE('',*,*,#6554,.T.);
#6554 = EDGE_CURVE('',#6329,#6442,#6555,.T.);
#6555 = B_SPLINE_CURVE_WITH_KNOTS('',5,(#6556,#6557,#6558,#6559,#6560,
    #6561,#6562,#6563,#6564,#6565,#6566,#6567,#6568,#6569),
  .UNSPECIFIED.,.F.,.F.,(6,4,4,6),(-0.119413470026,-1.353371911203E-07,
    1.96349554383,2.08290869425),.UNSPECIFIED.);
#6556 = CARTESIAN_POINT('',(3.264001325546,1.067032118743,2.135020857149
    ));
#6557 = CARTESIAN_POINT('',(3.273140829292,1.0449674049,2.135020857149)
  );
#6558 = CARTESIAN_POINT('',(3.282280331654,1.0229026944,2.135020857149)
  );
#6559 = CARTESIAN_POINT('',(3.291419832631,1.000837987243,2.135020857149
    ));
#6560 = CARTESIAN_POINT('',(3.300559332224,0.978773283428,2.135020857149
    ));
#6561 = CARTESIAN_POINT('',(3.45997823841,0.593901998977,2.135020857149)
  );
#6562 = CARTESIAN_POINT('',(3.539038746156,0.201591257513,2.135020857149
    ));
#6563 = CARTESIAN_POINT('',(3.539039291386,-0.201589955698,
    2.135020857149));
#6564 = CARTESIAN_POINT('',(3.45997851584,-0.593901329202,2.135020857149
    ));
#6565 = CARTESIAN_POINT('',(3.300559329455,-0.978773290113,
    2.135020857149));
#6566 = CARTESIAN_POINT('',(3.291419828478,-1.00083799727,2.135020857149
    ));
#6567 = CARTESIAN_POINT('',(3.2822803275,-1.022902704428,2.135020857149)
  );
#6568 = CARTESIAN_POINT('',(3.273140826523,-1.044967411585,
    2.135020857149));
#6569 = CARTESIAN_POINT('',(3.264001325546,-1.067032118743,
    2.135020857149));
#6570 = ORIENTED_EDGE('',*,*,#6441,.T.);
#6571 = ( BOUNDED_SURFACE() B_SPLINE_SURFACE(2,5,(
    (#6572,#6573,#6574,#6575,#6576,#6577,#6578,#6579,#6580,#6581,#6582
      ,#6583,#6584,#6585)
    ,(#6586,#6587,#6588,#6589,#6590,#6591,#6592,#6593,#6594,#6595,#6596
      ,#6597,#6598,#6599)
    ,(#6600,#6601,#6602,#6603,#6604,#6605,#6606,#6607,#6608,#6609,#6610
      ,#6611,#6612,#6613
)),.UNSPECIFIED.,.F.,.F.,.F.) B_SPLINE_SURFACE_WITH_KNOTS((3,3),(6,4,4,6
    ),(0.,1.963495679168),(-0.119413470026,-1.353371911203E-07,
    1.96349554383,2.08290869425),.UNSPECIFIED.) 
GEOMETRIC_REPRESENTATION_ITEM() RATIONAL_B_SPLINE_SURFACE((
    (1.,1.,1.,1.,1.,1.,1.,1.,1.,1.,1.,1.,1.,1.)
    ,(0.93061798229,0.93061798229,0.93061798229,0.93061798229
      ,0.93061798229,0.93061798229,0.93061798229,0.93061798229
      ,0.93061798229,0.93061798229,0.93061798229,0.93061798229
      ,0.93061798229,0.93061798229)
,(1.,1.,1.,1.,1.,1.,1.,1.,1.,1.,1.,1.,1.,1.
))) REPRESENTATION_ITEM('') SURFACE() );
#6572 = CARTESIAN_POINT('',(3.189749034566,1.036275808073,1.930661594627
    ));
#6573 = CARTESIAN_POINT('',(3.199182355483,1.013501756721,1.930661594627
    ));
#6574 = CARTESIAN_POINT('',(3.20846876641,0.991082377458,1.930661594627)
  );
#6575 = CARTESIAN_POINT('',(3.217608267348,0.969017670284,1.930661594627
    ));
#6576 = CARTESIAN_POINT('',(3.226600858298,0.9473076352,1.930661594627)
  );
#6577 = CARTESIAN_POINT('',(3.380894753976,0.574809218729,1.930661594627
    ));
#6578 = CARTESIAN_POINT('',(3.457413628123,0.195110560338,1.930661594627
    ));
#6579 = CARTESIAN_POINT('',(3.457414134116,-0.1951093668,1.930661594627)
  );
#6580 = CARTESIAN_POINT('',(3.380895040325,-0.574808527422,
    1.930661594627));
#6581 = CARTESIAN_POINT('',(3.226600854533,-0.947307644289,
    1.930661594627));
#6582 = CARTESIAN_POINT('',(3.217608261701,-0.969017683918,
    1.930661594627));
#6583 = CARTESIAN_POINT('',(3.208468760763,-0.991082391091,
    1.930661594627));
#6584 = CARTESIAN_POINT('',(3.199182351718,-1.01350176581,1.930661594627
    ));
#6585 = CARTESIAN_POINT('',(3.189749034566,-1.036275808073,
    1.930661594627));
#6586 = CARTESIAN_POINT('',(3.264001325546,1.067032118743,2.017037309501
    ));
#6587 = CARTESIAN_POINT('',(3.273140829292,1.0449674049,2.017037309501)
  );
#6588 = CARTESIAN_POINT('',(3.282280331654,1.0229026944,2.017037309501)
  );
#6589 = CARTESIAN_POINT('',(3.291419832631,1.000837987243,2.017037309501
    ));
#6590 = CARTESIAN_POINT('',(3.300559332224,0.978773283428,2.017037309501
    ));
#6591 = CARTESIAN_POINT('',(3.45997823841,0.593901998977,2.017037309501)
  );
#6592 = CARTESIAN_POINT('',(3.539038746156,0.201591257513,2.017037309501
    ));
#6593 = CARTESIAN_POINT('',(3.539039291386,-0.201589955698,
    2.017037309501));
#6594 = CARTESIAN_POINT('',(3.45997851584,-0.593901329202,2.017037309501
    ));
#6595 = CARTESIAN_POINT('',(3.300559329455,-0.978773290113,
    2.017037309501));
#6596 = CARTESIAN_POINT('',(3.291419828478,-1.00083799727,2.017037309501
    ));
#6597 = CARTESIAN_POINT('',(3.2822803275,-1.022902704428,2.017037309501)
  );
#6598 = CARTESIAN_POINT('',(3.273140826523,-1.044967411585,
    2.017037309501));
#6599 = CARTESIAN_POINT('',(3.264001325546,-1.067032118743,
    2.017037309501));
#6600 = CARTESIAN_POINT('',(3.264001325546,1.067032118743,2.135020857149
    ));
#6601 = CARTESIAN_POINT('',(3.273140829292,1.0449674049,2.135020857149)
  );
#6602 = CARTESIAN_POINT('',(3.282280331654,1.0229026944,2.135020857149)
  );
#6603 = CARTESIAN_POINT('',(3.291419832631,1.000837987243,2.135020857149
    ));
#6604 = CARTESIAN_POINT('',(3.300559332224,0.978773283428,2.135020857149
    ));
#6605 = CARTESIAN_POINT('',(3.45997823841,0.593901998977,2.135020857149)
  );
#6606 = CARTESIAN_POINT('',(3.539038746156,0.201591257513,2.135020857149
    ));
#6607 = CARTESIAN_POINT('',(3.539039291386,-0.201589955698,
    2.135020857149));
#6608 = CARTESIAN_POINT('',(3.45997851584,-0.593901329202,2.135020857149
    ));
#6609 = CARTESIAN_POINT('',(3.300559329455,-0.978773290113,
    2.135020857149));
#6610 = CARTESIAN_POINT('',(3.291419828478,-1.00083799727,2.135020857149
    ));
#6611 = CARTESIAN_POINT('',(3.2822803275,-1.022902704428,2.135020857149)
  );
#6612 = CARTESIAN_POINT('',(3.273140826523,-1.044967411585,
    2.135020857149));
#6613 = CARTESIAN_POINT('',(3.264001325546,-1.067032118743,
    2.135020857149));
#6614 = ADVANCED_FACE('',(#6615),#6686,.T.);
#6615 = FACE_BOUND('',#6616,.T.);
#6616 = EDGE_LOOP('',(#6617,#6624,#6625,#6626,#6634,#6648,#6657,#6671,
    #6678,#6684,#6685));
#6617 = ORIENTED_EDGE('',*,*,#6618,.T.);
#6618 = EDGE_CURVE('',#6523,#6521,#6619,.T.);
#6619 = CIRCLE('',#6620,2.5);
#6620 = AXIS2_PLACEMENT_3D('',#6621,#6622,#6623);
#6621 = CARTESIAN_POINT('',(1.,0.,4.8));
#6622 = DIRECTION('',(0.,0.,-1.));
#6623 = DIRECTION('',(0.923879532511,0.382683432365,0.));
#6624 = ORIENTED_EDGE('',*,*,#6538,.F.);
#6625 = ORIENTED_EDGE('',*,*,#6456,.F.);
#6626 = ORIENTED_EDGE('',*,*,#6627,.T.);
#6627 = EDGE_CURVE('',#6442,#6628,#6630,.T.);
#6628 = VERTEX_POINT('',#6629);
#6629 = CARTESIAN_POINT('',(3.487468592767,-0.25,3.251));
#6630 = LINE('',#6631,#6632);
#6631 = CARTESIAN_POINT('',(3.487468592767,-0.25,2.));
#6632 = VECTOR('',#6633,1.);
#6633 = DIRECTION('',(0.,0.,1.));
#6634 = ORIENTED_EDGE('',*,*,#6635,.F.);
#6635 = EDGE_CURVE('',#6636,#6628,#6638,.T.);
#6636 = VERTEX_POINT('',#6637);
#6637 = CARTESIAN_POINT('',(3.4999998,-1.E-03,3.5));
#6638 = B_SPLINE_CURVE_WITH_KNOTS('',8,(#6639,#6640,#6641,#6642,#6643,
    #6644,#6645,#6646,#6647),.UNSPECIFIED.,.F.,.F.,(9,9),(0.,1.),
  .PIECEWISE_BEZIER_KNOTS.);
#6639 = CARTESIAN_POINT('',(3.4999998,-1.E-03,3.5));
#6640 = CARTESIAN_POINT('',(3.499978617055,-5.395735907235E-02,3.5));
#6641 = CARTESIAN_POINT('',(3.498676082177,-0.104950526163,
    3.487127296357));
#6642 = CARTESIAN_POINT('',(3.496260480392,-0.151000424553,3.46305838894
    ));
#6643 = CARTESIAN_POINT('',(3.493287896111,-0.189937008149,
    3.429686411631));
#6644 = CARTESIAN_POINT('',(3.49048081622,-0.220024282271,3.389249497325
    ));
#6645 = CARTESIAN_POINT('',(3.488453332589,-0.240202972637,
    3.344185621158));
#6646 = CARTESIAN_POINT('',(3.487468592767,-0.25,3.297202715395));
#6647 = CARTESIAN_POINT('',(3.487468592767,-0.25,3.251));
#6648 = ORIENTED_EDGE('',*,*,#6649,.T.);
#6649 = EDGE_CURVE('',#6636,#6650,#6652,.T.);
#6650 = VERTEX_POINT('',#6651);
#6651 = CARTESIAN_POINT('',(3.4999998,9.999999999997E-04,3.5));
#6652 = CIRCLE('',#6653,2.5);
#6653 = AXIS2_PLACEMENT_3D('',#6654,#6655,#6656);
#6654 = CARTESIAN_POINT('',(1.,0.,3.5));
#6655 = DIRECTION('',(0.,-0.,1.));
#6656 = DIRECTION('',(0.923879532511,0.382683432365,0.));
#6657 = ORIENTED_EDGE('',*,*,#6658,.F.);
#6658 = EDGE_CURVE('',#6659,#6650,#6661,.T.);
#6659 = VERTEX_POINT('',#6660);
#6660 = CARTESIAN_POINT('',(3.487468622767,0.249999701504,3.251385552896
    ));
#6661 = B_SPLINE_CURVE_WITH_KNOTS('',8,(#6662,#6663,#6664,#6665,#6666,
    #6667,#6668,#6669,#6670),.UNSPECIFIED.,.F.,.F.,(9,9),(0.,1.),
  .PIECEWISE_BEZIER_KNOTS.);
#6662 = CARTESIAN_POINT('',(3.487468622767,0.249999701504,3.251385552896
    ));
#6663 = CARTESIAN_POINT('',(3.487475806375,0.249928225413,3.297546599758
    ));
#6664 = CARTESIAN_POINT('',(3.488466071569,0.240076163387,3.344468713965
    ));
#6665 = CARTESIAN_POINT('',(3.490495528585,0.21986657353,3.389460295011)
  );
#6666 = CARTESIAN_POINT('',(3.493300225575,0.189774954381,3.429823601109
    ));
#6667 = CARTESIAN_POINT('',(3.496267732898,0.150859143254,3.463130702916
    ));
#6668 = CARTESIAN_POINT('',(3.49867859983,0.104848949188,3.487152152151)
  );
#6669 = CARTESIAN_POINT('',(3.499978637521,5.390619388061E-02,3.5));
#6670 = CARTESIAN_POINT('',(3.4999998,1.E-03,3.5));
#6671 = ORIENTED_EDGE('',*,*,#6672,.F.);
#6672 = EDGE_CURVE('',#6673,#6659,#6675,.T.);
#6673 = VERTEX_POINT('',#6674);
#6674 = CARTESIAN_POINT('',(3.487468592767,0.25,3.251));
#6675 = B_SPLINE_CURVE_WITH_KNOTS('',1,(#6676,#6677),.UNSPECIFIED.,.F.,
  .F.,(2,2),(0.,1.),.PIECEWISE_BEZIER_KNOTS.);
#6676 = CARTESIAN_POINT('',(3.487468592767,0.25,3.251));
#6677 = CARTESIAN_POINT('',(3.487468622767,0.249999701504,3.251385552896
    ));
#6678 = ORIENTED_EDGE('',*,*,#6679,.F.);
#6679 = EDGE_CURVE('',#6329,#6673,#6680,.T.);
#6680 = LINE('',#6681,#6682);
#6681 = CARTESIAN_POINT('',(3.487468592767,0.25,2.));
#6682 = VECTOR('',#6683,1.);
#6683 = DIRECTION('',(0.,0.,1.));
#6684 = ORIENTED_EDGE('',*,*,#6328,.F.);
#6685 = ORIENTED_EDGE('',*,*,#6531,.T.);
#6686 = CYLINDRICAL_SURFACE('',#6687,2.5);
#6687 = AXIS2_PLACEMENT_3D('',#6688,#6689,#6690);
#6688 = CARTESIAN_POINT('',(1.,0.,2.));
#6689 = DIRECTION('',(0.,0.,1.));
#6690 = DIRECTION('',(0.923879532511,0.382683432365,-0.));
#6691 = ADVANCED_FACE('',(#6692),#6720,.T.);
#6692 = FACE_BOUND('',#6693,.T.);
#6693 = EDGE_LOOP('',(#6694,#6703,#6712,#6719));
#6694 = ORIENTED_EDGE('',*,*,#6695,.T.);
#6695 = EDGE_CURVE('',#6521,#6696,#6698,.T.);
#6696 = VERTEX_POINT('',#6697);
#6697 = CARTESIAN_POINT('',(3.124922924776,-0.88017189444,5.));
#6698 = CIRCLE('',#6699,0.2);
#6699 = AXIS2_PLACEMENT_3D('',#6700,#6701,#6702);
#6700 = CARTESIAN_POINT('',(3.124922924776,-0.88017189444,4.8));
#6701 = DIRECTION('',(-0.382683432365,-0.923879532511,0.));
#6702 = DIRECTION('',(0.923879532511,-0.382683432365,-4.440892098502E-15
    ));
#6703 = ORIENTED_EDGE('',*,*,#6704,.T.);
#6704 = EDGE_CURVE('',#6696,#6705,#6707,.T.);
#6705 = VERTEX_POINT('',#6706);
#6706 = CARTESIAN_POINT('',(3.124922924776,0.88017189444,5.));
#6707 = CIRCLE('',#6708,2.3);
#6708 = AXIS2_PLACEMENT_3D('',#6709,#6710,#6711);
#6709 = CARTESIAN_POINT('',(1.,0.,5.));
#6710 = DIRECTION('',(0.,-0.,-1.));
#6711 = DIRECTION('',(0.923879532511,-0.382683432365,0.));
#6712 = ORIENTED_EDGE('',*,*,#6713,.F.);
#6713 = EDGE_CURVE('',#6523,#6705,#6714,.T.);
#6714 = CIRCLE('',#6715,0.2);
#6715 = AXIS2_PLACEMENT_3D('',#6716,#6717,#6718);
#6716 = CARTESIAN_POINT('',(3.124922924776,0.88017189444,4.8));
#6717 = DIRECTION('',(0.382683432365,-0.923879532511,0.));
#6718 = DIRECTION('',(0.923879532511,0.382683432365,-4.440892098502E-15)
  );
#6719 = ORIENTED_EDGE('',*,*,#6520,.F.);
#6720 = TOROIDAL_SURFACE('',#6721,2.3,0.2);
#6721 = AXIS2_PLACEMENT_3D('',#6722,#6723,#6724);
#6722 = CARTESIAN_POINT('',(1.,0.,4.8));
#6723 = DIRECTION('',(0.,0.,1.));
#6724 = DIRECTION('',(0.923879532511,-0.382683432365,0.));
#6725 = ADVANCED_FACE('',(#6726),#6735,.T.);
#6726 = FACE_BOUND('',#6727,.T.);
#6727 = EDGE_LOOP('',(#6728,#6729,#6730,#6731,#6732,#6733,#6734));
#6728 = ORIENTED_EDGE('',*,*,#6672,.T.);
#6729 = ORIENTED_EDGE('',*,*,#6658,.T.);
#6730 = ORIENTED_EDGE('',*,*,#6649,.F.);
#6731 = ORIENTED_EDGE('',*,*,#6635,.T.);
#6732 = ORIENTED_EDGE('',*,*,#6627,.F.);
#6733 = ORIENTED_EDGE('',*,*,#6554,.F.);
#6734 = ORIENTED_EDGE('',*,*,#6679,.T.);
#6735 = CYLINDRICAL_SURFACE('',#6736,2.5);
#6736 = AXIS2_PLACEMENT_3D('',#6737,#6738,#6739);
#6737 = CARTESIAN_POINT('',(1.,0.,2.));
#6738 = DIRECTION('',(0.,0.,1.));
#6739 = DIRECTION('',(0.923879532511,0.382683432365,-0.));
#6740 = ADVANCED_FACE('',(#6741),#6753,.T.);
#6741 = FACE_BOUND('',#6742,.T.);
#6742 = EDGE_LOOP('',(#6743,#6744,#6751,#6752));
#6743 = ORIENTED_EDGE('',*,*,#6713,.T.);
#6744 = ORIENTED_EDGE('',*,*,#6745,.T.);
#6745 = EDGE_CURVE('',#6705,#6696,#6746,.T.);
#6746 = CIRCLE('',#6747,2.3);
#6747 = AXIS2_PLACEMENT_3D('',#6748,#6749,#6750);
#6748 = CARTESIAN_POINT('',(1.,0.,5.));
#6749 = DIRECTION('',(0.,0.,-1.));
#6750 = DIRECTION('',(0.923879532511,0.382683432365,0.));
#6751 = ORIENTED_EDGE('',*,*,#6695,.F.);
#6752 = ORIENTED_EDGE('',*,*,#6618,.F.);
#6753 = TOROIDAL_SURFACE('',#6754,2.3,0.2);
#6754 = AXIS2_PLACEMENT_3D('',#6755,#6756,#6757);
#6755 = CARTESIAN_POINT('',(1.,0.,4.8));
#6756 = DIRECTION('',(0.,0.,1.));
#6757 = DIRECTION('',(0.923879532511,0.382683432365,-0.));
#6758 = ADVANCED_FACE('',(#6759),#6785,.F.);
#6759 = FACE_BOUND('',#6760,.F.);
#6760 = EDGE_LOOP('',(#6761,#6762,#6770,#6779));
#6761 = ORIENTED_EDGE('',*,*,#6704,.T.);
#6762 = ORIENTED_EDGE('',*,*,#6763,.T.);
#6763 = EDGE_CURVE('',#6705,#6764,#6766,.T.);
#6764 = VERTEX_POINT('',#6765);
#6765 = CARTESIAN_POINT('',(2.616789181895,0.669696006639,5.));
#6766 = LINE('',#6767,#6768);
#6767 = CARTESIAN_POINT('',(3.124922924776,0.88017189444,5.));
#6768 = VECTOR('',#6769,1.);
#6769 = DIRECTION('',(-0.923879532511,-0.382683432365,0.));
#6770 = ORIENTED_EDGE('',*,*,#6771,.F.);
#6771 = EDGE_CURVE('',#6772,#6764,#6774,.T.);
#6772 = VERTEX_POINT('',#6773);
#6773 = CARTESIAN_POINT('',(2.616789181895,-0.669696006639,5.));
#6774 = CIRCLE('',#6775,1.75);
#6775 = AXIS2_PLACEMENT_3D('',#6776,#6777,#6778);
#6776 = CARTESIAN_POINT('',(1.,0.,5.));
#6777 = DIRECTION('',(0.,-0.,-1.));
#6778 = DIRECTION('',(0.923879532511,-0.382683432365,0.));
#6779 = ORIENTED_EDGE('',*,*,#6780,.F.);
#6780 = EDGE_CURVE('',#6696,#6772,#6781,.T.);
#6781 = LINE('',#6782,#6783);
#6782 = CARTESIAN_POINT('',(3.124922924776,-0.88017189444,5.));
#6783 = VECTOR('',#6784,1.);
#6784 = DIRECTION('',(-0.923879532511,0.382683432365,0.));
#6785 = PLANE('',#6786);
#6786 = AXIS2_PLACEMENT_3D('',#6787,#6788,#6789);
#6787 = CARTESIAN_POINT('',(1.,0.,5.));
#6788 = DIRECTION('',(0.,0.,-1.));
#6789 = DIRECTION('',(0.923879532511,-0.382683432365,0.));
#6790 = ADVANCED_FACE('',(#6791),#6803,.F.);
#6791 = FACE_BOUND('',#6792,.F.);
#6792 = EDGE_LOOP('',(#6793,#6794,#6795,#6802));
#6793 = ORIENTED_EDGE('',*,*,#6745,.T.);
#6794 = ORIENTED_EDGE('',*,*,#6780,.T.);
#6795 = ORIENTED_EDGE('',*,*,#6796,.F.);
#6796 = EDGE_CURVE('',#6764,#6772,#6797,.T.);
#6797 = CIRCLE('',#6798,1.75);
#6798 = AXIS2_PLACEMENT_3D('',#6799,#6800,#6801);
#6799 = CARTESIAN_POINT('',(1.,0.,5.));
#6800 = DIRECTION('',(0.,0.,-1.));
#6801 = DIRECTION('',(0.923879532511,0.382683432365,0.));
#6802 = ORIENTED_EDGE('',*,*,#6763,.F.);
#6803 = PLANE('',#6804);
#6804 = AXIS2_PLACEMENT_3D('',#6805,#6806,#6807);
#6805 = CARTESIAN_POINT('',(1.,0.,5.));
#6806 = DIRECTION('',(0.,0.,-1.));
#6807 = DIRECTION('',(0.923879532511,0.382683432365,0.));
#6808 = ADVANCED_FACE('',(#6809),#6946,.F.);
#6809 = FACE_BOUND('',#6810,.F.);
#6810 = EDGE_LOOP('',(#6811,#6819,#6820,#6828,#6837,#6845,#6854,#6862,
    #6871,#6879,#6888,#6897,#6905,#6914,#6922,#6931,#6939));
#6811 = ORIENTED_EDGE('',*,*,#6812,.F.);
#6812 = EDGE_CURVE('',#6772,#6813,#6815,.T.);
#6813 = VERTEX_POINT('',#6814);
#6814 = CARTESIAN_POINT('',(2.616789181895,-0.669696006639,4.9));
#6815 = LINE('',#6816,#6817);
#6816 = CARTESIAN_POINT('',(2.616789181895,-0.669696006639,5.));
#6817 = VECTOR('',#6818,1.);
#6818 = DIRECTION('',(0.,0.,-1.));
#6819 = ORIENTED_EDGE('',*,*,#6771,.T.);
#6820 = ORIENTED_EDGE('',*,*,#6821,.T.);
#6821 = EDGE_CURVE('',#6764,#6822,#6824,.T.);
#6822 = VERTEX_POINT('',#6823);
#6823 = CARTESIAN_POINT('',(2.616789181895,0.669696006639,4.9));
#6824 = LINE('',#6825,#6826);
#6825 = CARTESIAN_POINT('',(2.616789181895,0.669696006639,5.));
#6826 = VECTOR('',#6827,1.);
#6827 = DIRECTION('',(0.,0.,-1.));
#6828 = ORIENTED_EDGE('',*,*,#6829,.T.);
#6829 = EDGE_CURVE('',#6822,#6830,#6832,.T.);
#6830 = VERTEX_POINT('',#6831);
#6831 = CARTESIAN_POINT('',(1.05,1.749285568454,4.9));
#6832 = CIRCLE('',#6833,1.75);
#6833 = AXIS2_PLACEMENT_3D('',#6834,#6835,#6836);
#6834 = CARTESIAN_POINT('',(1.,0.,4.9));
#6835 = DIRECTION('',(0.,0.,1.));
#6836 = DIRECTION('',(-1.,1.224646799147E-16,0.));
#6837 = ORIENTED_EDGE('',*,*,#6838,.T.);
#6838 = EDGE_CURVE('',#6830,#6839,#6841,.T.);
#6839 = VERTEX_POINT('',#6840);
#6840 = CARTESIAN_POINT('',(1.05,1.749285568454,4.8));
#6841 = LINE('',#6842,#6843);
#6842 = CARTESIAN_POINT('',(1.05,1.749285568454,4.7));
#6843 = VECTOR('',#6844,1.);
#6844 = DIRECTION('',(0.,0.,-1.));
#6845 = ORIENTED_EDGE('',*,*,#6846,.F.);
#6846 = EDGE_CURVE('',#6847,#6839,#6849,.T.);
#6847 = VERTEX_POINT('',#6848);
#6848 = CARTESIAN_POINT('',(0.95,1.749285568454,4.8));
#6849 = CIRCLE('',#6850,1.75);
#6850 = AXIS2_PLACEMENT_3D('',#6851,#6852,#6853);
#6851 = CARTESIAN_POINT('',(1.,0.,4.8));
#6852 = DIRECTION('',(0.,0.,-1.));
#6853 = DIRECTION('',(-1.,1.224646799147E-16,0.));
#6854 = ORIENTED_EDGE('',*,*,#6855,.F.);
#6855 = EDGE_CURVE('',#6856,#6847,#6858,.T.);
#6856 = VERTEX_POINT('',#6857);
#6857 = CARTESIAN_POINT('',(0.95,1.749285568454,4.9));
#6858 = LINE('',#6859,#6860);
#6859 = CARTESIAN_POINT('',(0.95,1.749285568454,4.7));
#6860 = VECTOR('',#6861,1.);
#6861 = DIRECTION('',(0.,0.,-1.));
#6862 = ORIENTED_EDGE('',*,*,#6863,.T.);
#6863 = EDGE_CURVE('',#6856,#6864,#6866,.T.);
#6864 = VERTEX_POINT('',#6865);
#6865 = CARTESIAN_POINT('',(-0.749285568454,5.000000000002E-02,4.9));
#6866 = CIRCLE('',#6867,1.75);
#6867 = AXIS2_PLACEMENT_3D('',#6868,#6869,#6870);
#6868 = CARTESIAN_POINT('',(1.,0.,4.9));
#6869 = DIRECTION('',(0.,0.,1.));
#6870 = DIRECTION('',(-1.,1.224646799147E-16,0.));
#6871 = ORIENTED_EDGE('',*,*,#6872,.T.);
#6872 = EDGE_CURVE('',#6864,#6873,#6875,.T.);
#6873 = VERTEX_POINT('',#6874);
#6874 = CARTESIAN_POINT('',(-0.749285568454,5.E-02,4.8));
#6875 = LINE('',#6876,#6877);
#6876 = CARTESIAN_POINT('',(-0.749285568454,5.E-02,4.7));
#6877 = VECTOR('',#6878,1.);
#6878 = DIRECTION('',(0.,0.,-1.));
#6879 = ORIENTED_EDGE('',*,*,#6880,.F.);
#6880 = EDGE_CURVE('',#6881,#6873,#6883,.T.);
#6881 = VERTEX_POINT('',#6882);
#6882 = CARTESIAN_POINT('',(-0.75,2.143131898508E-16,4.8));
#6883 = CIRCLE('',#6884,1.75);
#6884 = AXIS2_PLACEMENT_3D('',#6885,#6886,#6887);
#6885 = CARTESIAN_POINT('',(1.,0.,4.8));
#6886 = DIRECTION('',(0.,0.,-1.));
#6887 = DIRECTION('',(-1.,1.224646799147E-16,0.));
#6888 = ORIENTED_EDGE('',*,*,#6889,.F.);
#6889 = EDGE_CURVE('',#6890,#6881,#6892,.T.);
#6890 = VERTEX_POINT('',#6891);
#6891 = CARTESIAN_POINT('',(-0.749285568454,-5.E-02,4.8));
#6892 = CIRCLE('',#6893,1.75);
#6893 = AXIS2_PLACEMENT_3D('',#6894,#6895,#6896);
#6894 = CARTESIAN_POINT('',(1.,0.,4.8));
#6895 = DIRECTION('',(0.,0.,-1.));
#6896 = DIRECTION('',(-1.,1.224646799147E-16,0.));
#6897 = ORIENTED_EDGE('',*,*,#6898,.F.);
#6898 = EDGE_CURVE('',#6899,#6890,#6901,.T.);
#6899 = VERTEX_POINT('',#6900);
#6900 = CARTESIAN_POINT('',(-0.749285568454,-5.000000000002E-02,4.9));
#6901 = LINE('',#6902,#6903);
#6902 = CARTESIAN_POINT('',(-0.749285568454,-5.E-02,4.7));
#6903 = VECTOR('',#6904,1.);
#6904 = DIRECTION('',(0.,0.,-1.));
#6905 = ORIENTED_EDGE('',*,*,#6906,.T.);
#6906 = EDGE_CURVE('',#6899,#6907,#6909,.T.);
#6907 = VERTEX_POINT('',#6908);
#6908 = CARTESIAN_POINT('',(0.95,-1.749285568454,4.9));
#6909 = CIRCLE('',#6910,1.75);
#6910 = AXIS2_PLACEMENT_3D('',#6911,#6912,#6913);
#6911 = CARTESIAN_POINT('',(1.,0.,4.9));
#6912 = DIRECTION('',(0.,0.,1.));
#6913 = DIRECTION('',(-1.,1.224646799147E-16,0.));
#6914 = ORIENTED_EDGE('',*,*,#6915,.T.);
#6915 = EDGE_CURVE('',#6907,#6916,#6918,.T.);
#6916 = VERTEX_POINT('',#6917);
#6917 = CARTESIAN_POINT('',(0.95,-1.749285568454,4.8));
#6918 = LINE('',#6919,#6920);
#6919 = CARTESIAN_POINT('',(0.95,-1.749285568454,4.7));
#6920 = VECTOR('',#6921,1.);
#6921 = DIRECTION('',(0.,0.,-1.));
#6922 = ORIENTED_EDGE('',*,*,#6923,.F.);
#6923 = EDGE_CURVE('',#6924,#6916,#6926,.T.);
#6924 = VERTEX_POINT('',#6925);
#6925 = CARTESIAN_POINT('',(1.05,-1.749285568454,4.8));
#6926 = CIRCLE('',#6927,1.75);
#6927 = AXIS2_PLACEMENT_3D('',#6928,#6929,#6930);
#6928 = CARTESIAN_POINT('',(1.,0.,4.8));
#6929 = DIRECTION('',(0.,0.,-1.));
#6930 = DIRECTION('',(-1.,1.224646799147E-16,0.));
#6931 = ORIENTED_EDGE('',*,*,#6932,.F.);
#6932 = EDGE_CURVE('',#6933,#6924,#6935,.T.);
#6933 = VERTEX_POINT('',#6934);
#6934 = CARTESIAN_POINT('',(1.05,-1.749285568454,4.9));
#6935 = LINE('',#6936,#6937);
#6936 = CARTESIAN_POINT('',(1.05,-1.749285568454,4.7));
#6937 = VECTOR('',#6938,1.);
#6938 = DIRECTION('',(0.,0.,-1.));
#6939 = ORIENTED_EDGE('',*,*,#6940,.T.);
#6940 = EDGE_CURVE('',#6933,#6813,#6941,.T.);
#6941 = CIRCLE('',#6942,1.75);
#6942 = AXIS2_PLACEMENT_3D('',#6943,#6944,#6945);
#6943 = CARTESIAN_POINT('',(1.,0.,4.9));
#6944 = DIRECTION('',(0.,0.,1.));
#6945 = DIRECTION('',(-1.,1.224646799147E-16,0.));
#6946 = CYLINDRICAL_SURFACE('',#6947,1.75);
#6947 = AXIS2_PLACEMENT_3D('',#6948,#6949,#6950);
#6948 = CARTESIAN_POINT('',(1.,0.,5.));
#6949 = DIRECTION('',(0.,0.,-1.));
#6950 = DIRECTION('',(0.923879532511,-0.382683432365,0.));
#6951 = ADVANCED_FACE('',(#6952),#6998,.F.);
#6952 = FACE_BOUND('',#6953,.F.);
#6953 = EDGE_LOOP('',(#6954,#6955,#6956,#6957,#6966,#6974,#6983,#6991));
#6954 = ORIENTED_EDGE('',*,*,#6821,.F.);
#6955 = ORIENTED_EDGE('',*,*,#6796,.T.);
#6956 = ORIENTED_EDGE('',*,*,#6812,.T.);
#6957 = ORIENTED_EDGE('',*,*,#6958,.T.);
#6958 = EDGE_CURVE('',#6813,#6959,#6961,.T.);
#6959 = VERTEX_POINT('',#6960);
#6960 = CARTESIAN_POINT('',(2.749285568454,-4.999999999996E-02,4.9));
#6961 = CIRCLE('',#6962,1.75);
#6962 = AXIS2_PLACEMENT_3D('',#6963,#6964,#6965);
#6963 = CARTESIAN_POINT('',(1.,0.,4.9));
#6964 = DIRECTION('',(0.,0.,1.));
#6965 = DIRECTION('',(-1.,1.224646799147E-16,0.));
#6966 = ORIENTED_EDGE('',*,*,#6967,.T.);
#6967 = EDGE_CURVE('',#6959,#6968,#6970,.T.);
#6968 = VERTEX_POINT('',#6969);
#6969 = CARTESIAN_POINT('',(2.749285568454,-5.E-02,4.8));
#6970 = LINE('',#6971,#6972);
#6971 = CARTESIAN_POINT('',(2.749285568454,-5.E-02,4.7));
#6972 = VECTOR('',#6973,1.);
#6973 = DIRECTION('',(0.,0.,-1.));
#6974 = ORIENTED_EDGE('',*,*,#6975,.F.);
#6975 = EDGE_CURVE('',#6976,#6968,#6978,.T.);
#6976 = VERTEX_POINT('',#6977);
#6977 = CARTESIAN_POINT('',(2.749285568454,5.E-02,4.8));
#6978 = CIRCLE('',#6979,1.75);
#6979 = AXIS2_PLACEMENT_3D('',#6980,#6981,#6982);
#6980 = CARTESIAN_POINT('',(1.,0.,4.8));
#6981 = DIRECTION('',(0.,0.,-1.));
#6982 = DIRECTION('',(-1.,1.224646799147E-16,0.));
#6983 = ORIENTED_EDGE('',*,*,#6984,.F.);
#6984 = EDGE_CURVE('',#6985,#6976,#6987,.T.);
#6985 = VERTEX_POINT('',#6986);
#6986 = CARTESIAN_POINT('',(2.749285568454,4.999999999996E-02,4.9));
#6987 = LINE('',#6988,#6989);
#6988 = CARTESIAN_POINT('',(2.749285568454,5.E-02,4.7));
#6989 = VECTOR('',#6990,1.);
#6990 = DIRECTION('',(0.,0.,-1.));
#6991 = ORIENTED_EDGE('',*,*,#6992,.T.);
#6992 = EDGE_CURVE('',#6985,#6822,#6993,.T.);
#6993 = CIRCLE('',#6994,1.75);
#6994 = AXIS2_PLACEMENT_3D('',#6995,#6996,#6997);
#6995 = CARTESIAN_POINT('',(1.,0.,4.9));
#6996 = DIRECTION('',(0.,0.,1.));
#6997 = DIRECTION('',(-1.,1.224646799147E-16,0.));
#6998 = CYLINDRICAL_SURFACE('',#6999,1.75);
#6999 = AXIS2_PLACEMENT_3D('',#7000,#7001,#7002);
#7000 = CARTESIAN_POINT('',(1.,0.,5.));
#7001 = DIRECTION('',(0.,0.,-1.));
#7002 = DIRECTION('',(0.923879532511,0.382683432365,0.));
#7003 = ADVANCED_FACE('',(#7004),#7022,.T.);
#7004 = FACE_BOUND('',#7005,.T.);
#7005 = EDGE_LOOP('',(#7006,#7014,#7015,#7016));
#7006 = ORIENTED_EDGE('',*,*,#7007,.F.);
#7007 = EDGE_CURVE('',#6933,#7008,#7010,.T.);
#7008 = VERTEX_POINT('',#7009);
#7009 = CARTESIAN_POINT('',(1.05,-5.E-02,4.9));
#7010 = LINE('',#7011,#7012);
#7011 = CARTESIAN_POINT('',(1.05,-5.05,4.9));
#7012 = VECTOR('',#7013,1.);
#7013 = DIRECTION('',(1.224646799147E-16,1.,0.));
#7014 = ORIENTED_EDGE('',*,*,#6940,.T.);
#7015 = ORIENTED_EDGE('',*,*,#6958,.T.);
#7016 = ORIENTED_EDGE('',*,*,#7017,.F.);
#7017 = EDGE_CURVE('',#7008,#6959,#7018,.T.);
#7018 = LINE('',#7019,#7020);
#7019 = CARTESIAN_POINT('',(1.05,-5.E-02,4.9));
#7020 = VECTOR('',#7021,1.);
#7021 = DIRECTION('',(1.,-1.224646799147E-16,0.));
#7022 = PLANE('',#7023);
#7023 = AXIS2_PLACEMENT_3D('',#7024,#7025,#7026);
#7024 = CARTESIAN_POINT('',(1.,-1.239108604125E-16,4.9));
#7025 = DIRECTION('',(0.,0.,1.));
#7026 = DIRECTION('',(-1.,1.224646799147E-16,0.));
#7027 = ADVANCED_FACE('',(#7028),#7046,.F.);
#7028 = FACE_BOUND('',#7029,.F.);
#7029 = EDGE_LOOP('',(#7030,#7031,#7032,#7040));
#7030 = ORIENTED_EDGE('',*,*,#7007,.F.);
#7031 = ORIENTED_EDGE('',*,*,#6932,.T.);
#7032 = ORIENTED_EDGE('',*,*,#7033,.T.);
#7033 = EDGE_CURVE('',#6924,#7034,#7036,.T.);
#7034 = VERTEX_POINT('',#7035);
#7035 = CARTESIAN_POINT('',(1.05,-5.E-02,4.8));
#7036 = LINE('',#7037,#7038);
#7037 = CARTESIAN_POINT('',(1.05,-5.05,4.8));
#7038 = VECTOR('',#7039,1.);
#7039 = DIRECTION('',(1.224646799147E-16,1.,0.));
#7040 = ORIENTED_EDGE('',*,*,#7041,.F.);
#7041 = EDGE_CURVE('',#7008,#7034,#7042,.T.);
#7042 = LINE('',#7043,#7044);
#7043 = CARTESIAN_POINT('',(1.05,-5.E-02,4.9));
#7044 = VECTOR('',#7045,1.);
#7045 = DIRECTION('',(0.,0.,-1.));
#7046 = PLANE('',#7047);
#7047 = AXIS2_PLACEMENT_3D('',#7048,#7049,#7050);
#7048 = CARTESIAN_POINT('',(1.05,-5.05,4.9));
#7049 = DIRECTION('',(1.,-1.224646799147E-16,0.));
#7050 = DIRECTION('',(1.224646799147E-16,1.,0.));
#7051 = ADVANCED_FACE('',(#7052),#7070,.T.);
#7052 = FACE_BOUND('',#7053,.T.);
#7053 = EDGE_LOOP('',(#7054,#7055,#7056,#7064));
#7054 = ORIENTED_EDGE('',*,*,#6992,.T.);
#7055 = ORIENTED_EDGE('',*,*,#6829,.T.);
#7056 = ORIENTED_EDGE('',*,*,#7057,.F.);
#7057 = EDGE_CURVE('',#7058,#6830,#7060,.T.);
#7058 = VERTEX_POINT('',#7059);
#7059 = CARTESIAN_POINT('',(1.05,5.E-02,4.9));
#7060 = LINE('',#7061,#7062);
#7061 = CARTESIAN_POINT('',(1.05,5.E-02,4.9));
#7062 = VECTOR('',#7063,1.);
#7063 = DIRECTION('',(1.224646799147E-16,1.,0.));
#7064 = ORIENTED_EDGE('',*,*,#7065,.F.);
#7065 = EDGE_CURVE('',#6985,#7058,#7066,.T.);
#7066 = LINE('',#7067,#7068);
#7067 = CARTESIAN_POINT('',(6.05,5.E-02,4.9));
#7068 = VECTOR('',#7069,1.);
#7069 = DIRECTION('',(-1.,1.224646799147E-16,0.));
#7070 = PLANE('',#7071);
#7071 = AXIS2_PLACEMENT_3D('',#7072,#7073,#7074);
#7072 = CARTESIAN_POINT('',(1.,-1.239108604125E-16,4.9));
#7073 = DIRECTION('',(0.,0.,1.));
#7074 = DIRECTION('',(-1.,1.224646799147E-16,0.));
#7075 = ADVANCED_FACE('',(#7076),#7132,.T.);
#7076 = FACE_BOUND('',#7077,.T.);
#7077 = EDGE_LOOP('',(#7078,#7086,#7092,#7093,#7094,#7100,#7101,#7109,
    #7115,#7116,#7124,#7130,#7131));
#7078 = ORIENTED_EDGE('',*,*,#7079,.T.);
#7079 = EDGE_CURVE('',#6890,#7080,#7082,.T.);
#7080 = VERTEX_POINT('',#7081);
#7081 = CARTESIAN_POINT('',(0.95,-5.E-02,4.8));
#7082 = LINE('',#7083,#7084);
#7083 = CARTESIAN_POINT('',(-4.05,-5.E-02,4.8));
#7084 = VECTOR('',#7085,1.);
#7085 = DIRECTION('',(1.,-5.723907721801E-17,0.));
#7086 = ORIENTED_EDGE('',*,*,#7087,.T.);
#7087 = EDGE_CURVE('',#7080,#6916,#7088,.T.);
#7088 = LINE('',#7089,#7090);
#7089 = CARTESIAN_POINT('',(0.95,-5.E-02,4.8));
#7090 = VECTOR('',#7091,1.);
#7091 = DIRECTION('',(-1.224646799147E-16,-1.,0.));
#7092 = ORIENTED_EDGE('',*,*,#6923,.F.);
#7093 = ORIENTED_EDGE('',*,*,#7033,.T.);
#7094 = ORIENTED_EDGE('',*,*,#7095,.T.);
#7095 = EDGE_CURVE('',#7034,#6968,#7096,.T.);
#7096 = LINE('',#7097,#7098);
#7097 = CARTESIAN_POINT('',(1.05,-5.E-02,4.8));
#7098 = VECTOR('',#7099,1.);
#7099 = DIRECTION('',(1.,-1.224646799147E-16,0.));
#7100 = ORIENTED_EDGE('',*,*,#6975,.F.);
#7101 = ORIENTED_EDGE('',*,*,#7102,.T.);
#7102 = EDGE_CURVE('',#6976,#7103,#7105,.T.);
#7103 = VERTEX_POINT('',#7104);
#7104 = CARTESIAN_POINT('',(1.05,5.E-02,4.8));
#7105 = LINE('',#7106,#7107);
#7106 = CARTESIAN_POINT('',(6.05,5.E-02,4.8));
#7107 = VECTOR('',#7108,1.);
#7108 = DIRECTION('',(-1.,1.224646799147E-16,0.));
#7109 = ORIENTED_EDGE('',*,*,#7110,.T.);
#7110 = EDGE_CURVE('',#7103,#6839,#7111,.T.);
#7111 = LINE('',#7112,#7113);
#7112 = CARTESIAN_POINT('',(1.05,5.E-02,4.8));
#7113 = VECTOR('',#7114,1.);
#7114 = DIRECTION('',(1.224646799147E-16,1.,0.));
#7115 = ORIENTED_EDGE('',*,*,#6846,.F.);
#7116 = ORIENTED_EDGE('',*,*,#7117,.T.);
#7117 = EDGE_CURVE('',#6847,#7118,#7120,.T.);
#7118 = VERTEX_POINT('',#7119);
#7119 = CARTESIAN_POINT('',(0.95,5.E-02,4.8));
#7120 = LINE('',#7121,#7122);
#7121 = CARTESIAN_POINT('',(0.95,5.05,4.8));
#7122 = VECTOR('',#7123,1.);
#7123 = DIRECTION('',(-1.224646799147E-16,-1.,0.));
#7124 = ORIENTED_EDGE('',*,*,#7125,.T.);
#7125 = EDGE_CURVE('',#7118,#6873,#7126,.T.);
#7126 = LINE('',#7127,#7128);
#7127 = CARTESIAN_POINT('',(0.95,5.E-02,4.8));
#7128 = VECTOR('',#7129,1.);
#7129 = DIRECTION('',(-1.,1.224646799147E-16,0.));
#7130 = ORIENTED_EDGE('',*,*,#6880,.F.);
#7131 = ORIENTED_EDGE('',*,*,#6889,.F.);
#7132 = PLANE('',#7133);
#7133 = AXIS2_PLACEMENT_3D('',#7134,#7135,#7136);
#7134 = CARTESIAN_POINT('',(1.,-3.503797911874E-17,4.8));
#7135 = DIRECTION('',(-6.92799192911E-33,5.09829149655E-32,1.));
#7136 = DIRECTION('',(-1.224646799147E-16,-1.,5.09829149655E-32));
#7137 = ADVANCED_FACE('',(#7138),#7149,.F.);
#7138 = FACE_BOUND('',#7139,.F.);
#7139 = EDGE_LOOP('',(#7140,#7141,#7147,#7148));
#7140 = ORIENTED_EDGE('',*,*,#7057,.F.);
#7141 = ORIENTED_EDGE('',*,*,#7142,.T.);
#7142 = EDGE_CURVE('',#7058,#7103,#7143,.T.);
#7143 = LINE('',#7144,#7145);
#7144 = CARTESIAN_POINT('',(1.05,5.E-02,4.9));
#7145 = VECTOR('',#7146,1.);
#7146 = DIRECTION('',(0.,0.,-1.));
#7147 = ORIENTED_EDGE('',*,*,#7110,.T.);
#7148 = ORIENTED_EDGE('',*,*,#6838,.F.);
#7149 = PLANE('',#7150);
#7150 = AXIS2_PLACEMENT_3D('',#7151,#7152,#7153);
#7151 = CARTESIAN_POINT('',(1.05,5.E-02,4.9));
#7152 = DIRECTION('',(1.,-1.224646799147E-16,0.));
#7153 = DIRECTION('',(1.224646799147E-16,1.,0.));
#7154 = ADVANCED_FACE('',(#7155),#7173,.F.);
#7155 = FACE_BOUND('',#7156,.F.);
#7156 = EDGE_LOOP('',(#7157,#7165,#7171,#7172));
#7157 = ORIENTED_EDGE('',*,*,#7158,.F.);
#7158 = EDGE_CURVE('',#7159,#6907,#7161,.T.);
#7159 = VERTEX_POINT('',#7160);
#7160 = CARTESIAN_POINT('',(0.95,-5.E-02,4.9));
#7161 = LINE('',#7162,#7163);
#7162 = CARTESIAN_POINT('',(0.95,-5.E-02,4.9));
#7163 = VECTOR('',#7164,1.);
#7164 = DIRECTION('',(-1.224646799147E-16,-1.,0.));
#7165 = ORIENTED_EDGE('',*,*,#7166,.T.);
#7166 = EDGE_CURVE('',#7159,#7080,#7167,.T.);
#7167 = LINE('',#7168,#7169);
#7168 = CARTESIAN_POINT('',(0.95,-5.E-02,4.9));
#7169 = VECTOR('',#7170,1.);
#7170 = DIRECTION('',(0.,0.,-1.));
#7171 = ORIENTED_EDGE('',*,*,#7087,.T.);
#7172 = ORIENTED_EDGE('',*,*,#6915,.F.);
#7173 = PLANE('',#7174);
#7174 = AXIS2_PLACEMENT_3D('',#7175,#7176,#7177);
#7175 = CARTESIAN_POINT('',(0.95,-5.E-02,4.9));
#7176 = DIRECTION('',(-1.,1.224646799147E-16,0.));
#7177 = DIRECTION('',(-1.224646799147E-16,-1.,0.));
#7178 = ADVANCED_FACE('',(#7179),#7189,.T.);
#7179 = FACE_BOUND('',#7180,.T.);
#7180 = EDGE_LOOP('',(#7181,#7187,#7188));
#7181 = ORIENTED_EDGE('',*,*,#7182,.F.);
#7182 = EDGE_CURVE('',#6899,#7159,#7183,.T.);
#7183 = LINE('',#7184,#7185);
#7184 = CARTESIAN_POINT('',(-4.05,-5.E-02,4.9));
#7185 = VECTOR('',#7186,1.);
#7186 = DIRECTION('',(1.,-5.723907721801E-17,0.));
#7187 = ORIENTED_EDGE('',*,*,#6906,.T.);
#7188 = ORIENTED_EDGE('',*,*,#7158,.F.);
#7189 = PLANE('',#7190);
#7190 = AXIS2_PLACEMENT_3D('',#7191,#7192,#7193);
#7191 = CARTESIAN_POINT('',(1.,-1.239108604125E-16,4.9));
#7192 = DIRECTION('',(0.,0.,1.));
#7193 = DIRECTION('',(-1.,1.224646799147E-16,0.));
#7194 = ADVANCED_FACE('',(#7195),#7213,.F.);
#7195 = FACE_BOUND('',#7196,.F.);
#7196 = EDGE_LOOP('',(#7197,#7205,#7206,#7207));
#7197 = ORIENTED_EDGE('',*,*,#7198,.F.);
#7198 = EDGE_CURVE('',#6856,#7199,#7201,.T.);
#7199 = VERTEX_POINT('',#7200);
#7200 = CARTESIAN_POINT('',(0.95,5.E-02,4.9));
#7201 = LINE('',#7202,#7203);
#7202 = CARTESIAN_POINT('',(0.95,5.05,4.9));
#7203 = VECTOR('',#7204,1.);
#7204 = DIRECTION('',(-1.224646799147E-16,-1.,0.));
#7205 = ORIENTED_EDGE('',*,*,#6855,.T.);
#7206 = ORIENTED_EDGE('',*,*,#7117,.T.);
#7207 = ORIENTED_EDGE('',*,*,#7208,.F.);
#7208 = EDGE_CURVE('',#7199,#7118,#7209,.T.);
#7209 = LINE('',#7210,#7211);
#7210 = CARTESIAN_POINT('',(0.95,5.E-02,4.9));
#7211 = VECTOR('',#7212,1.);
#7212 = DIRECTION('',(0.,0.,-1.));
#7213 = PLANE('',#7214);
#7214 = AXIS2_PLACEMENT_3D('',#7215,#7216,#7217);
#7215 = CARTESIAN_POINT('',(0.95,5.05,4.9));
#7216 = DIRECTION('',(-1.,1.224646799147E-16,0.));
#7217 = DIRECTION('',(-1.224646799147E-16,-1.,0.));
#7218 = ADVANCED_FACE('',(#7219),#7225,.F.);
#7219 = FACE_BOUND('',#7220,.F.);
#7220 = EDGE_LOOP('',(#7221,#7222,#7223,#7224));
#7221 = ORIENTED_EDGE('',*,*,#7182,.F.);
#7222 = ORIENTED_EDGE('',*,*,#6898,.T.);
#7223 = ORIENTED_EDGE('',*,*,#7079,.T.);
#7224 = ORIENTED_EDGE('',*,*,#7166,.F.);
#7225 = PLANE('',#7226);
#7226 = AXIS2_PLACEMENT_3D('',#7227,#7228,#7229);
#7227 = CARTESIAN_POINT('',(-4.05,-5.E-02,4.9));
#7228 = DIRECTION('',(-5.723907721801E-17,-1.,0.));
#7229 = DIRECTION('',(1.,-5.723907721801E-17,0.));
#7230 = ADVANCED_FACE('',(#7231),#7241,.T.);
#7231 = FACE_BOUND('',#7232,.T.);
#7232 = EDGE_LOOP('',(#7233,#7234,#7240));
#7233 = ORIENTED_EDGE('',*,*,#6863,.T.);
#7234 = ORIENTED_EDGE('',*,*,#7235,.F.);
#7235 = EDGE_CURVE('',#7199,#6864,#7236,.T.);
#7236 = LINE('',#7237,#7238);
#7237 = CARTESIAN_POINT('',(0.95,5.E-02,4.9));
#7238 = VECTOR('',#7239,1.);
#7239 = DIRECTION('',(-1.,1.224646799147E-16,0.));
#7240 = ORIENTED_EDGE('',*,*,#7198,.F.);
#7241 = PLANE('',#7242);
#7242 = AXIS2_PLACEMENT_3D('',#7243,#7244,#7245);
#7243 = CARTESIAN_POINT('',(1.,-1.239108604125E-16,4.9));
#7244 = DIRECTION('',(0.,0.,1.));
#7245 = DIRECTION('',(-1.,1.224646799147E-16,0.));
#7246 = ADVANCED_FACE('',(#7247),#7253,.F.);
#7247 = FACE_BOUND('',#7248,.F.);
#7248 = EDGE_LOOP('',(#7249,#7250,#7251,#7252));
#7249 = ORIENTED_EDGE('',*,*,#7235,.F.);
#7250 = ORIENTED_EDGE('',*,*,#7208,.T.);
#7251 = ORIENTED_EDGE('',*,*,#7125,.T.);
#7252 = ORIENTED_EDGE('',*,*,#6872,.F.);
#7253 = PLANE('',#7254);
#7254 = AXIS2_PLACEMENT_3D('',#7255,#7256,#7257);
#7255 = CARTESIAN_POINT('',(0.95,5.E-02,4.9));
#7256 = DIRECTION('',(1.224646799147E-16,1.,0.));
#7257 = DIRECTION('',(-1.,1.224646799147E-16,0.));
#7258 = ADVANCED_FACE('',(#7259),#7265,.F.);
#7259 = FACE_BOUND('',#7260,.F.);
#7260 = EDGE_LOOP('',(#7261,#7262,#7263,#7264));
#7261 = ORIENTED_EDGE('',*,*,#7065,.F.);
#7262 = ORIENTED_EDGE('',*,*,#6984,.T.);
#7263 = ORIENTED_EDGE('',*,*,#7102,.T.);
#7264 = ORIENTED_EDGE('',*,*,#7142,.F.);
#7265 = PLANE('',#7266);
#7266 = AXIS2_PLACEMENT_3D('',#7267,#7268,#7269);
#7267 = CARTESIAN_POINT('',(6.05,5.E-02,4.9));
#7268 = DIRECTION('',(1.224646799147E-16,1.,0.));
#7269 = DIRECTION('',(-1.,1.224646799147E-16,0.));
#7270 = ADVANCED_FACE('',(#7271),#7277,.F.);
#7271 = FACE_BOUND('',#7272,.F.);
#7272 = EDGE_LOOP('',(#7273,#7274,#7275,#7276));
#7273 = ORIENTED_EDGE('',*,*,#7017,.F.);
#7274 = ORIENTED_EDGE('',*,*,#7041,.T.);
#7275 = ORIENTED_EDGE('',*,*,#7095,.T.);
#7276 = ORIENTED_EDGE('',*,*,#6967,.F.);
#7277 = PLANE('',#7278);
#7278 = AXIS2_PLACEMENT_3D('',#7279,#7280,#7281);
#7279 = CARTESIAN_POINT('',(1.05,-5.E-02,4.9));
#7280 = DIRECTION('',(-1.224646799147E-16,-1.,0.));
#7281 = DIRECTION('',(1.,-1.224646799147E-16,0.));
#7282 = ORIENTED_CLOSED_SHELL('',*,#7283,.F.);
#7283 = CLOSED_SHELL('',(#7284,#7317,#7349,#7366,#7393));
#7284 = ADVANCED_FACE('',(#7285),#7312,.T.);
#7285 = FACE_BOUND('',#7286,.T.);
#7286 = EDGE_LOOP('',(#7287,#7298,#7306));
#7287 = ORIENTED_EDGE('',*,*,#7288,.T.);
#7288 = EDGE_CURVE('',#7289,#7291,#7293,.T.);
#7289 = VERTEX_POINT('',#7290);
#7290 = CARTESIAN_POINT('',(2.616789181895,0.669696006639,4.6));
#7291 = VERTEX_POINT('',#7292);
#7292 = CARTESIAN_POINT('',(2.616789181895,-0.669696006639,4.6));
#7293 = CIRCLE('',#7294,1.75);
#7294 = AXIS2_PLACEMENT_3D('',#7295,#7296,#7297);
#7295 = CARTESIAN_POINT('',(1.,0.,4.6));
#7296 = DIRECTION('',(0.,0.,-1.));
#7297 = DIRECTION('',(0.923879532511,0.382683432365,0.));
#7298 = ORIENTED_EDGE('',*,*,#7299,.T.);
#7299 = EDGE_CURVE('',#7291,#7300,#7302,.T.);
#7300 = VERTEX_POINT('',#7301);
#7301 = CARTESIAN_POINT('',(1.,0.,4.6));
#7302 = LINE('',#7303,#7304);
#7303 = CARTESIAN_POINT('',(2.616789181895,-0.669696006639,4.6));
#7304 = VECTOR('',#7305,1.);
#7305 = DIRECTION('',(-0.923879532511,0.382683432365,0.));
#7306 = ORIENTED_EDGE('',*,*,#7307,.F.);
#7307 = EDGE_CURVE('',#7289,#7300,#7308,.T.);
#7308 = LINE('',#7309,#7310);
#7309 = CARTESIAN_POINT('',(2.616789181895,0.669696006639,4.6));
#7310 = VECTOR('',#7311,1.);
#7311 = DIRECTION('',(-0.923879532511,-0.382683432365,0.));
#7312 = PLANE('',#7313);
#7313 = AXIS2_PLACEMENT_3D('',#7314,#7315,#7316);
#7314 = CARTESIAN_POINT('',(1.,0.,4.6));
#7315 = DIRECTION('',(0.,0.,-1.));
#7316 = DIRECTION('',(0.923879532511,0.382683432365,0.));
#7317 = ADVANCED_FACE('',(#7318),#7344,.T.);
#7318 = FACE_BOUND('',#7319,.T.);
#7319 = EDGE_LOOP('',(#7320,#7328,#7337,#7343));
#7320 = ORIENTED_EDGE('',*,*,#7321,.F.);
#7321 = EDGE_CURVE('',#7322,#7289,#7324,.T.);
#7322 = VERTEX_POINT('',#7323);
#7323 = CARTESIAN_POINT('',(2.616789181895,0.669696006639,4.7));
#7324 = LINE('',#7325,#7326);
#7325 = CARTESIAN_POINT('',(2.616789181895,0.669696006639,5.));
#7326 = VECTOR('',#7327,1.);
#7327 = DIRECTION('',(0.,0.,-1.));
#7328 = ORIENTED_EDGE('',*,*,#7329,.F.);
#7329 = EDGE_CURVE('',#7330,#7322,#7332,.T.);
#7330 = VERTEX_POINT('',#7331);
#7331 = CARTESIAN_POINT('',(2.616789181895,-0.669696006639,4.7));
#7332 = CIRCLE('',#7333,1.75);
#7333 = AXIS2_PLACEMENT_3D('',#7334,#7335,#7336);
#7334 = CARTESIAN_POINT('',(1.,0.,4.7));
#7335 = DIRECTION('',(0.,0.,1.));
#7336 = DIRECTION('',(-1.,1.224646799147E-16,0.));
#7337 = ORIENTED_EDGE('',*,*,#7338,.T.);
#7338 = EDGE_CURVE('',#7330,#7291,#7339,.T.);
#7339 = LINE('',#7340,#7341);
#7340 = CARTESIAN_POINT('',(2.616789181895,-0.669696006639,5.));
#7341 = VECTOR('',#7342,1.);
#7342 = DIRECTION('',(0.,0.,-1.));
#7343 = ORIENTED_EDGE('',*,*,#7288,.F.);
#7344 = CYLINDRICAL_SURFACE('',#7345,1.75);
#7345 = AXIS2_PLACEMENT_3D('',#7346,#7347,#7348);
#7346 = CARTESIAN_POINT('',(1.,0.,5.));
#7347 = DIRECTION('',(0.,0.,-1.));
#7348 = DIRECTION('',(0.923879532511,0.382683432365,0.));
#7349 = ADVANCED_FACE('',(#7350),#7361,.T.);
#7350 = FACE_BOUND('',#7351,.T.);
#7351 = EDGE_LOOP('',(#7352,#7359,#7360));
#7352 = ORIENTED_EDGE('',*,*,#7353,.T.);
#7353 = EDGE_CURVE('',#7291,#7289,#7354,.T.);
#7354 = CIRCLE('',#7355,1.75);
#7355 = AXIS2_PLACEMENT_3D('',#7356,#7357,#7358);
#7356 = CARTESIAN_POINT('',(1.,0.,4.6));
#7357 = DIRECTION('',(0.,-0.,-1.));
#7358 = DIRECTION('',(0.923879532511,-0.382683432365,0.));
#7359 = ORIENTED_EDGE('',*,*,#7307,.T.);
#7360 = ORIENTED_EDGE('',*,*,#7299,.F.);
#7361 = PLANE('',#7362);
#7362 = AXIS2_PLACEMENT_3D('',#7363,#7364,#7365);
#7363 = CARTESIAN_POINT('',(1.,0.,4.6));
#7364 = DIRECTION('',(0.,0.,-1.));
#7365 = DIRECTION('',(0.923879532511,-0.382683432365,0.));
#7366 = ADVANCED_FACE('',(#7367),#7388,.T.);
#7367 = FACE_BOUND('',#7368,.T.);
#7368 = EDGE_LOOP('',(#7369,#7370,#7379,#7386,#7387));
#7369 = ORIENTED_EDGE('',*,*,#7338,.F.);
#7370 = ORIENTED_EDGE('',*,*,#7371,.F.);
#7371 = EDGE_CURVE('',#7372,#7330,#7374,.T.);
#7372 = VERTEX_POINT('',#7373);
#7373 = CARTESIAN_POINT('',(-0.75,2.143131898508E-16,4.7));
#7374 = CIRCLE('',#7375,1.75);
#7375 = AXIS2_PLACEMENT_3D('',#7376,#7377,#7378);
#7376 = CARTESIAN_POINT('',(1.,0.,4.7));
#7377 = DIRECTION('',(0.,0.,1.));
#7378 = DIRECTION('',(-1.,1.224646799147E-16,0.));
#7379 = ORIENTED_EDGE('',*,*,#7380,.F.);
#7380 = EDGE_CURVE('',#7322,#7372,#7381,.T.);
#7381 = CIRCLE('',#7382,1.75);
#7382 = AXIS2_PLACEMENT_3D('',#7383,#7384,#7385);
#7383 = CARTESIAN_POINT('',(1.,0.,4.7));
#7384 = DIRECTION('',(0.,0.,1.));
#7385 = DIRECTION('',(-1.,1.224646799147E-16,0.));
#7386 = ORIENTED_EDGE('',*,*,#7321,.T.);
#7387 = ORIENTED_EDGE('',*,*,#7353,.F.);
#7388 = CYLINDRICAL_SURFACE('',#7389,1.75);
#7389 = AXIS2_PLACEMENT_3D('',#7390,#7391,#7392);
#7390 = CARTESIAN_POINT('',(1.,0.,5.));
#7391 = DIRECTION('',(0.,0.,-1.));
#7392 = DIRECTION('',(0.923879532511,-0.382683432365,0.));
#7393 = ADVANCED_FACE('',(#7394),#7399,.T.);
#7394 = FACE_BOUND('',#7395,.T.);
#7395 = EDGE_LOOP('',(#7396,#7397,#7398));
#7396 = ORIENTED_EDGE('',*,*,#7371,.T.);
#7397 = ORIENTED_EDGE('',*,*,#7329,.T.);
#7398 = ORIENTED_EDGE('',*,*,#7380,.T.);
#7399 = PLANE('',#7400);
#7400 = AXIS2_PLACEMENT_3D('',#7401,#7402,#7403);
#7401 = CARTESIAN_POINT('',(1.,-1.239108604125E-16,4.7));
#7402 = DIRECTION('',(0.,0.,1.));
#7403 = DIRECTION('',(-1.,1.224646799147E-16,0.));
#7404 = ( GEOMETRIC_REPRESENTATION_CONTEXT(3) 
GLOBAL_UNCERTAINTY_ASSIGNED_CONTEXT((#7408)) 
GLOBAL_UNIT_ASSIGNED_CONTEXT((#7405,#7406,#7407)) REPRESENTATION_CONTEXT
('Context #1','3D Context with UNIT and UNCERTAINTY') );
#7405 = ( LENGTH_UNIT() NAMED_UNIT(*) SI_UNIT(.MILLI.,.METRE.) );
#7406 = ( NAMED_UNIT(*) PLANE_ANGLE_UNIT() SI_UNIT($,.RADIAN.) );
#7407 = ( NAMED_UNIT(*) SI_UNIT($,.STERADIAN.) SOLID_ANGLE_UNIT() );
#7408 = UNCERTAINTY_MEASURE_WITH_UNIT(LENGTH_MEASURE(2.E-06),#7405,
  'distance_accuracy_value','confusion accuracy');
#7409 = CONTEXT_DEPENDENT_SHAPE_REPRESENTATION(#7410,#7412);
#7410 = ( REPRESENTATION_RELATIONSHIP('','',#5363,#5340) 
REPRESENTATION_RELATIONSHIP_WITH_TRANSFORMATION(#7411) 
SHAPE_REPRESENTATION_RELATIONSHIP() );
#7411 = ITEM_DEFINED_TRANSFORMATION('','',#11,#5341);
#7412 = PRODUCT_DEFINITION_SHAPE('Placement','Placement of an item',
  #7413);
#7413 = NEXT_ASSEMBLY_USAGE_OCCURRENCE('6','=>[0:1:1:7]','',#5335,#5358,
  $);
#7414 = PRODUCT_RELATED_PRODUCT_CATEGORY('part',$,(#5360));
#7415 = CONTEXT_DEPENDENT_SHAPE_REPRESENTATION(#7416,#7418);
#7416 = ( REPRESENTATION_RELATIONSHIP('','',#5340,#10) 
REPRESENTATION_RELATIONSHIP_WITH_TRANSFORMATION(#7417) 
SHAPE_REPRESENTATION_RELATIONSHIP() );
#7417 = ITEM_DEFINED_TRANSFORMATION('','',#11,#31);
#7418 = PRODUCT_DEFINITION_SHAPE('Placement','Placement of an item',
  #7419);
#7419 = NEXT_ASSEMBLY_USAGE_OCCURRENCE('8','C6','',#5,#5335,$);
#7420 = SHAPE_DEFINITION_REPRESENTATION(#7421,#7427);
#7421 = PRODUCT_DEFINITION_SHAPE('','',#7422);
#7422 = PRODUCT_DEFINITION('design','',#7423,#7426);
#7423 = PRODUCT_DEFINITION_FORMATION('','',#7424);
#7424 = PRODUCT('C_Disc_D3.0mm_W1.6mm_P2.50mm',
  'C_Disc_D3.0mm_W1.6mm_P2.50mm','',(#7425));
#7425 = PRODUCT_CONTEXT('',#2,'mechanical');
#7426 = PRODUCT_DEFINITION_CONTEXT('part definition',#2,'design');
#7427 = SHAPE_REPRESENTATION('',(#11,#7428),#7432);
#7428 = AXIS2_PLACEMENT_3D('',#7429,#7430,#7431);
#7429 = CARTESIAN_POINT('',(0.,0.,0.));
#7430 = DIRECTION('',(0.,0.,1.));
#7431 = DIRECTION('',(1.,0.,-0.));
#7432 = ( GEOMETRIC_REPRESENTATION_CONTEXT(3) 
GLOBAL_UNCERTAINTY_ASSIGNED_CONTEXT((#7436)) 
GLOBAL_UNIT_ASSIGNED_CONTEXT((#7433,#7434,#7435)) REPRESENTATION_CONTEXT
('Context #1','3D Context with UNIT and UNCERTAINTY') );
#7433 = ( LENGTH_UNIT() NAMED_UNIT(*) SI_UNIT(.MILLI.,.METRE.) );
#7434 = ( NAMED_UNIT(*) PLANE_ANGLE_UNIT() SI_UNIT($,.RADIAN.) );
#7435 = ( NAMED_UNIT(*) SI_UNIT($,.STERADIAN.) SOLID_ANGLE_UNIT() );
#7436 = UNCERTAINTY_MEASURE_WITH_UNIT(LENGTH_MEASURE(1.E-05),#7433,
  'distance_accuracy_value','confusion accuracy');
#7437 = CONTEXT_DEPENDENT_SHAPE_REPRESENTATION(#7438,#7440);
#7438 = ( REPRESENTATION_RELATIONSHIP('','',#7427,#10) 
REPRESENTATION_RELATIONSHIP_WITH_TRANSFORMATION(#7439) 
SHAPE_REPRESENTATION_RELATIONSHIP() );
#7439 = ITEM_DEFINED_TRANSFORMATION('','',#11,#35);
#7440 = PRODUCT_DEFINITION_SHAPE('Placement','Placement of an item',
  #7441);
#7441 = NEXT_ASSEMBLY_USAGE_OCCURRENCE('10','C5','',#5,#7422,$);
#7442 = PRODUCT_RELATED_PRODUCT_CATEGORY('part',$,(#7424));
#7443 = SHAPE_DEFINITION_REPRESENTATION(#7444,#7450);
#7444 = PRODUCT_DEFINITION_SHAPE('','',#7445);
#7445 = PRODUCT_DEFINITION('design','',#7446,#7449);
#7446 = PRODUCT_DEFINITION_FORMATION('','',#7447);
#7447 = PRODUCT('C_Disc_D30mm_W16mm_P250mm','C_Disc_D30mm_W16mm_P250mm',
  '',(#7448));
#7448 = PRODUCT_CONTEXT('',#2,'mechanical');
#7449 = PRODUCT_DEFINITION_CONTEXT('part definition',#2,'design');
#7450 = ADVANCED_BREP_SHAPE_REPRESENTATION('',(#11,#7451),#8023);
#7451 = MANIFOLD_SOLID_BREP('',#7452);
#7452 = CLOSED_SHELL('',(#7453,#7470,#7495,#7572,#7673,#7795,#7903,#7914
    ,#7961,#7977,#7989,#8014));
#7453 = ADVANCED_FACE('',(#7454),#7465,.T.);
#7454 = FACE_BOUND('',#7455,.F.);
#7455 = EDGE_LOOP('',(#7456));
#7456 = ORIENTED_EDGE('',*,*,#7457,.T.);
#7457 = EDGE_CURVE('',#7458,#7458,#7460,.T.);
#7458 = VERTEX_POINT('',#7459);
#7459 = CARTESIAN_POINT('',(2.5,0.25,-2.));
#7460 = CIRCLE('',#7461,0.25);
#7461 = AXIS2_PLACEMENT_3D('',#7462,#7463,#7464);
#7462 = CARTESIAN_POINT('',(2.5,0.,-2.));
#7463 = DIRECTION('',(0.,-0.,1.));
#7464 = DIRECTION('',(1.144237745222E-17,1.,0.));
#7465 = PLANE('',#7466);
#7466 = AXIS2_PLACEMENT_3D('',#7467,#7468,#7469);
#7467 = CARTESIAN_POINT('',(2.5,0.25,-2.));
#7468 = DIRECTION('',(-0.,0.,-1.));
#7469 = DIRECTION('',(-1.144237745222E-17,-1.,0.));
#7470 = ADVANCED_FACE('',(#7471),#7490,.T.);
#7471 = FACE_BOUND('',#7472,.T.);
#7472 = EDGE_LOOP('',(#7473,#7481,#7488,#7489));
#7473 = ORIENTED_EDGE('',*,*,#7474,.T.);
#7474 = EDGE_CURVE('',#7458,#7475,#7477,.T.);
#7475 = VERTEX_POINT('',#7476);
#7476 = CARTESIAN_POINT('',(2.5,0.25,0.35));
#7477 = LINE('',#7478,#7479);
#7478 = CARTESIAN_POINT('',(2.5,0.25,-2.));
#7479 = VECTOR('',#7480,1.);
#7480 = DIRECTION('',(0.,0.,1.));
#7481 = ORIENTED_EDGE('',*,*,#7482,.F.);
#7482 = EDGE_CURVE('',#7475,#7475,#7483,.T.);
#7483 = CIRCLE('',#7484,0.25);
#7484 = AXIS2_PLACEMENT_3D('',#7485,#7486,#7487);
#7485 = CARTESIAN_POINT('',(2.5,0.,0.35));
#7486 = DIRECTION('',(0.,-0.,1.));
#7487 = DIRECTION('',(1.144237745222E-17,1.,0.));
#7488 = ORIENTED_EDGE('',*,*,#7474,.F.);
#7489 = ORIENTED_EDGE('',*,*,#7457,.T.);
#7490 = CYLINDRICAL_SURFACE('',#7491,0.25);
#7491 = AXIS2_PLACEMENT_3D('',#7492,#7493,#7494);
#7492 = CARTESIAN_POINT('',(2.5,0.,-2.));
#7493 = DIRECTION('',(0.,-0.,-1.));
#7494 = DIRECTION('',(1.144237745222E-17,1.,0.));
#7495 = ADVANCED_FACE('',(#7496),#7563,.F.);
#7496 = FACE_BOUND('',#7497,.F.);
#7497 = EDGE_LOOP('',(#7498,#7507,#7508,#7509,#7518,#7537,#7556));
#7498 = ORIENTED_EDGE('',*,*,#7499,.F.);
#7499 = EDGE_CURVE('',#7475,#7500,#7502,.T.);
#7500 = VERTEX_POINT('',#7501);
#7501 = CARTESIAN_POINT('',(2.433012701892,0.25,0.6));
#7502 = CIRCLE('',#7503,0.5);
#7503 = AXIS2_PLACEMENT_3D('',#7504,#7505,#7506);
#7504 = CARTESIAN_POINT('',(2.,0.25,0.35));
#7505 = DIRECTION('',(-1.144237745222E-17,-1.,0.));
#7506 = DIRECTION('',(1.,-1.144237745222E-17,0.));
#7507 = ORIENTED_EDGE('',*,*,#7482,.F.);
#7508 = ORIENTED_EDGE('',*,*,#7499,.T.);
#7509 = ORIENTED_EDGE('',*,*,#7510,.T.);
#7510 = EDGE_CURVE('',#7500,#7511,#7513,.T.);
#7511 = VERTEX_POINT('',#7512);
#7512 = CARTESIAN_POINT('',(2.217535334911,2.434486445591E-02,
    0.475594084169));
#7513 = CIRCLE('',#7514,0.25);
#7514 = AXIS2_PLACEMENT_3D('',#7515,#7516,#7517);
#7515 = CARTESIAN_POINT('',(2.433012701892,9.10220356247E-34,0.6));
#7516 = DIRECTION('',(-0.5,5.721188726112E-18,0.866025403784));
#7517 = DIRECTION('',(1.144237745222E-17,1.,0.));
#7518 = ORIENTED_EDGE('',*,*,#7519,.T.);
#7519 = EDGE_CURVE('',#7511,#7520,#7522,.T.);
#7520 = VERTEX_POINT('',#7521);
#7521 = CARTESIAN_POINT('',(2.224613052181,1.110223043626E-16,
    0.459767831308));
#7522 = B_SPLINE_CURVE_WITH_KNOTS('',4,(#7523,#7524,#7525,#7526,#7527,
    #7528,#7529,#7530,#7531,#7532,#7533,#7534,#7535,#7536),
  .UNSPECIFIED.,.F.,.F.,(5,3,3,3,5),(0.,0.248400389876,0.497765068444,
    0.748512223572,1.),.UNSPECIFIED.);
#7523 = CARTESIAN_POINT('',(2.217535334911,2.434486445591E-02,
    0.475594084169));
#7524 = CARTESIAN_POINT('',(2.217951714514,2.284741654514E-02,
    0.474579859586));
#7525 = CARTESIAN_POINT('',(2.218371704922,2.134758825614E-02,
    0.47357064458));
#7526 = CARTESIAN_POINT('',(2.218795373426,1.984538123217E-02,
    0.472566498623));
#7527 = CARTESIAN_POINT('',(2.219651890884,1.683036917478E-02,
    0.470564608977));
#7528 = CARTESIAN_POINT('',(2.220084769123,1.531754564879E-02,
    0.469566905332));
#7529 = CARTESIAN_POINT('',(2.220521520759,1.380232508979E-02,
    0.468574454009));
#7530 = CARTESIAN_POINT('',(2.221405413437,1.075867390914E-02,
    0.46659475348));
#7531 = CARTESIAN_POINT('',(2.221852598667,9.230216650453E-03,
    0.465607563655));
#7532 = CARTESIAN_POINT('',(2.222303902379,7.699333369348E-03,
    0.464625856973));
#7533 = CARTESIAN_POINT('',(2.223216328747,4.6281820229E-03,
    0.46267072788));
#7534 = CARTESIAN_POINT('',(2.223677476482,3.087899626524E-03,
    0.461697338545));
#7535 = CARTESIAN_POINT('',(2.224143005296,1.545172986482E-03,
    0.460729667432));
#7536 = CARTESIAN_POINT('',(2.224613052181,1.942890293094E-16,
    0.459767831308));
#7537 = ORIENTED_EDGE('',*,*,#7538,.T.);
#7538 = EDGE_CURVE('',#7520,#7539,#7541,.T.);
#7539 = VERTEX_POINT('',#7540);
#7540 = CARTESIAN_POINT('',(2.217535334911,-2.434486445591E-02,
    0.475594084169));
#7541 = B_SPLINE_CURVE_WITH_KNOTS('',4,(#7542,#7543,#7544,#7545,#7546,
    #7547,#7548,#7549,#7550,#7551,#7552,#7553,#7554,#7555),
  .UNSPECIFIED.,.F.,.F.,(5,3,3,3,5),(0.,0.244937112107,0.494868224075,
    0.745180684557,1.),.UNSPECIFIED.);
#7542 = CARTESIAN_POINT('',(2.224613052181,2.22044604925E-16,
    0.459767831308));
#7543 = CARTESIAN_POINT('',(2.224148546269,-1.526958290714E-03,
    0.460718329185));
#7544 = CARTESIAN_POINT('',(2.223689608274,-3.047728228418E-03,
    0.461672160252));
#7545 = CARTESIAN_POINT('',(2.223236031415,-4.562422033291E-03,
    0.462629200182));
#7546 = CARTESIAN_POINT('',(2.222330099836,-7.610620316887E-03,
    0.464569059252));
#7547 = CARTESIAN_POINT('',(2.221877958505,-9.143878625316E-03,
    0.46555200604));
#7548 = CARTESIAN_POINT('',(2.221431022663,-1.067102271806E-02,
    0.466538067852));
#7549 = CARTESIAN_POINT('',(2.22054656206,-1.37155937918E-02,
    0.468517733736));
#7550 = CARTESIAN_POINT('',(2.220109052623,-1.523300237247E-02,
    0.469511346922));
#7551 = CARTESIAN_POINT('',(2.21967643758,-1.674446912059E-02,
    0.470507886821));
#7552 = CARTESIAN_POINT('',(2.218813015193,-1.978279518374E-02,
    0.472524642713));
#7553 = CARTESIAN_POINT('',(2.218382380542,-2.130944167929E-02,
    0.473544961839));
#7554 = CARTESIAN_POINT('',(2.217956527914,-2.283010586137E-02,
    0.474568135024));
#7555 = CARTESIAN_POINT('',(2.217535334911,-2.434486445591E-02,
    0.475594084169));
#7556 = ORIENTED_EDGE('',*,*,#7557,.T.);
#7557 = EDGE_CURVE('',#7539,#7500,#7558,.T.);
#7558 = CIRCLE('',#7559,0.25);
#7559 = AXIS2_PLACEMENT_3D('',#7560,#7561,#7562);
#7560 = CARTESIAN_POINT('',(2.433012701892,9.10220356247E-34,0.6));
#7561 = DIRECTION('',(-0.5,5.721188726112E-18,0.866025403784));
#7562 = DIRECTION('',(1.144237745222E-17,1.,0.));
#7563 = SURFACE_OF_REVOLUTION('',#7564,#7569);
#7564 = CIRCLE('',#7565,0.25);
#7565 = AXIS2_PLACEMENT_3D('',#7566,#7567,#7568);
#7566 = CARTESIAN_POINT('',(2.5,0.,0.35));
#7567 = DIRECTION('',(0.,-0.,1.));
#7568 = DIRECTION('',(1.144237745222E-17,1.,0.));
#7569 = AXIS1_PLACEMENT('',#7570,#7571);
#7570 = CARTESIAN_POINT('',(2.,-1.5,0.35));
#7571 = DIRECTION('',(-1.144237745222E-17,-1.,0.));
#7572 = ADVANCED_FACE('',(#7573),#7668,.T.);
#7573 = FACE_BOUND('',#7574,.T.);
#7574 = EDGE_LOOP('',(#7575,#7614,#7661,#7662));
#7575 = ORIENTED_EDGE('',*,*,#7576,.F.);
#7576 = EDGE_CURVE('',#7577,#7579,#7581,.T.);
#7577 = VERTEX_POINT('',#7578);
#7578 = CARTESIAN_POINT('',(2.563038205034,1.110223043626E-16,
    0.874789222279));
#7579 = VERTEX_POINT('',#7580);
#7580 = CARTESIAN_POINT('',(2.297807007493,0.25,0.834183132173));
#7581 = B_SPLINE_CURVE_WITH_KNOTS('',7,(#7582,#7583,#7584,#7585,#7586,
    #7587,#7588,#7589,#7590,#7591,#7592,#7593,#7594,#7595,#7596,#7597,
    #7598,#7599,#7600,#7601,#7602,#7603,#7604,#7605,#7606,#7607,#7608,
    #7609,#7610,#7611,#7612,#7613),.UNSPECIFIED.,.F.,.F.,(8,6,6,6,6,8),(
    0.,0.267740014043,0.443416212032,0.667058149733,0.816388489247,1.),
  .UNSPECIFIED.);
#7582 = CARTESIAN_POINT('',(2.563038205034,2.22044604925E-16,
    0.874789222279));
#7583 = CARTESIAN_POINT('',(2.558750499259,1.094729631871E-02,
    0.882215746529));
#7584 = CARTESIAN_POINT('',(2.55395063023,2.217206050281E-02,
    0.889411024689));
#7585 = CARTESIAN_POINT('',(2.548589974797,3.370900425068E-02,
    0.896355798618));
#7586 = CARTESIAN_POINT('',(2.542611954295,4.558345056327E-02,
    0.903009976217));
#7587 = CARTESIAN_POINT('',(2.535941908455,5.781825329243E-02,
    0.909306214843));
#7588 = CARTESIAN_POINT('',(2.528500219724,7.0427244984E-02,
    0.915157017953));
#7589 = CARTESIAN_POINT('',(2.514642977047,9.201217776718E-02,
    0.923869406935));
#7590 = CARTESIAN_POINT('',(2.508766038677,0.100728421683,0.927059664948
    ));
#7591 = CARTESIAN_POINT('',(2.502454854556,0.109632589863,0.929953765146
    ));
#7592 = CARTESIAN_POINT('',(2.495665471477,0.118724820486,0.932491642495
    ));
#7593 = CARTESIAN_POINT('',(2.48836067524,0.127981693436,0.934590301383)
  );
#7594 = CARTESIAN_POINT('',(2.48051330173,0.137355906288,0.936146278514)
  );
#7595 = CARTESIAN_POINT('',(2.461411275884,0.15876799543,0.938173433123)
  );
#7596 = CARTESIAN_POINT('',(2.449693675556,0.170966229978,0.938245064637
    ));
#7597 = CARTESIAN_POINT('',(2.437159445476,0.182926862439,0.936932008481
    ));
#7598 = CARTESIAN_POINT('',(2.424085215391,0.194221509826,0.934014130597
    ));
#7599 = CARTESIAN_POINT('',(2.410816889923,0.204484721969,0.929440348357
    ));
#7600 = CARTESIAN_POINT('',(2.397739154718,0.213456933416,0.923382413274
    ));
#7601 = CARTESIAN_POINT('',(2.376977145018,0.226081959239,0.911569509376
    ));
#7602 = CARTESIAN_POINT('',(2.369266086251,0.230316192821,0.906565184));
#7603 = CARTESIAN_POINT('',(2.362116894451,0.233863125629,0.901412537594
    ));
#7604 = CARTESIAN_POINT('',(2.355476876889,0.236838313977,0.896196127231
    ));
#7605 = CARTESIAN_POINT('',(2.349280399061,0.23933960719,0.890958703643)
  );
#7606 = CARTESIAN_POINT('',(2.343448884692,0.241447147604,0.885701211222
    ));
#7607 = CARTESIAN_POINT('',(2.331056803032,0.245407353956,0.87384343558)
  );
#7608 = CARTESIAN_POINT('',(2.324690539456,0.24707620983,0.86726805805)
  );
#7609 = CARTESIAN_POINT('',(2.318719369547,0.248312172959,0.860669674489
    ));
#7610 = CARTESIAN_POINT('',(2.313084194704,0.249181141161,0.854057780271
    ));
#7611 = CARTESIAN_POINT('',(2.307739473188,0.249732675293,0.84743834709)
  );
#7612 = CARTESIAN_POINT('',(2.302653220123,0.249999999258,0.84081382295)
  );
#7613 = CARTESIAN_POINT('',(2.297807007493,0.25,0.834183132173));
#7614 = ORIENTED_EDGE('',*,*,#7615,.F.);
#7615 = EDGE_CURVE('',#7539,#7577,#7616,.T.);
#7616 = B_SPLINE_CURVE_WITH_KNOTS('',7,(#7617,#7618,#7619,#7620,#7621,
    #7622,#7623,#7624,#7625,#7626,#7627,#7628,#7629,#7630,#7631,#7632,
    #7633,#7634,#7635,#7636,#7637,#7638,#7639,#7640,#7641,#7642,#7643,
    #7644,#7645,#7646,#7647,#7648,#7649,#7650,#7651,#7652,#7653,#7654,
    #7655,#7656,#7657,#7658,#7659,#7660),.UNSPECIFIED.,.F.,.F.,(8,6,6,6,
    6,6,6,8),(0.,0.185228125002,0.374060575895,0.526130420227,
    0.665822947329,0.741834763413,0.868290409988,1.),.UNSPECIFIED.);
#7617 = CARTESIAN_POINT('',(2.217535488199,-2.434431318045E-02,
    0.47559371079));
#7618 = CARTESIAN_POINT('',(2.213190033507,-3.997202156933E-02,
    0.48617835976));
#7619 = CARTESIAN_POINT('',(2.209662873558,-5.532444332252E-02,
    0.497604070073));
#7620 = CARTESIAN_POINT('',(2.206924139422,-7.038297775749E-02,
    0.509831960865));
#7621 = CARTESIAN_POINT('',(2.204962602306,-8.512209628811E-02,
    0.522837492764));
#7622 = CARTESIAN_POINT('',(2.203778960313,-9.951118834769E-02,
    0.536604313523));
#7623 = CARTESIAN_POINT('',(2.203386104698,-0.113514512009,
    0.551124684419));
#7624 = CARTESIAN_POINT('',(2.204254998867,-0.140928135341,
    0.581985656724));
#7625 = CARTESIAN_POINT('',(2.205548505784,-0.154305766098,
    0.598338259199));
#7626 = CARTESIAN_POINT('',(2.207729000061,-0.167192596568,
    0.615486349101));
#7627 = CARTESIAN_POINT('',(2.210851135582,-0.179526875515,
    0.633445336625));
#7628 = CARTESIAN_POINT('',(2.215000036943,-0.191211054301,
    0.652227437914));
#7629 = CARTESIAN_POINT('',(2.220274518154,-0.202124085331,
    0.671829736737));
#7630 = CARTESIAN_POINT('',(2.232191561063,-0.220096486186,
    0.708777649859));
#7631 = CARTESIAN_POINT('',(2.238344640014,-0.227457716484,
    0.725747951839));
#7632 = CARTESIAN_POINT('',(2.245451289259,-0.234108222217,
    0.743292559277));
#7633 = CARTESIAN_POINT('',(2.253647188569,-0.239898814233,
    0.761410939433));
#7634 = CARTESIAN_POINT('',(2.263092325563,-0.244584673987,
    0.780007457723));
#7635 = CARTESIAN_POINT('',(2.273931298944,-0.247877755572,
    0.798887083523));
#7636 = CARTESIAN_POINT('',(2.297869809077,-0.250694124013,0.83512509939
    ));
#7637 = CARTESIAN_POINT('',(2.310785492055,-0.250510713344,
    0.852591124346));
#7638 = CARTESIAN_POINT('',(2.325194605256,-0.248401704424,
    0.869680553312));
#7639 = CARTESIAN_POINT('',(2.340979423245,-0.243979178124,
    0.885668119252));
#7640 = CARTESIAN_POINT('',(2.357836777286,-0.237035215676,
    0.899751005813));
#7641 = CARTESIAN_POINT('',(2.375162171004,-0.22768479064,0.911213500246
    ));
#7642 = CARTESIAN_POINT('',(2.401024610665,-0.2109972239,0.924625599734)
  );
#7643 = CARTESIAN_POINT('',(2.409677940904,-0.204873769318,
    0.928381064273));
#7644 = CARTESIAN_POINT('',(2.417889407216,-0.198597354641,
    0.931316374485));
#7645 = CARTESIAN_POINT('',(2.425685144792,-0.192232548213,
    0.933558642697));
#7646 = CARTESIAN_POINT('',(2.433098981537,-0.185818505507,
    0.935211437445));
#7647 = CARTESIAN_POINT('',(2.440172438068,-0.179368969124,
    0.936354783482));
#7648 = CARTESIAN_POINT('',(2.45823795796,-0.162064153923,0.938193696802
    ));
#7649 = CARTESIAN_POINT('',(2.469137241682,-0.150723610791,
    0.938134026272));
#7650 = CARTESIAN_POINT('',(2.479569689403,-0.138980127102,
    0.936946794498));
#7651 = CARTESIAN_POINT('',(2.489485838459,-0.126944958883,
    0.934735683323));
#7652 = CARTESIAN_POINT('',(2.498858141554,-0.114709472051,
    0.931604725417));
#7653 = CARTESIAN_POINT('',(2.507673904206,-0.102343832394,
    0.927645573594));
#7654 = CARTESIAN_POINT('',(2.524534570896,-7.69310783417E-02,
    0.918028153748));
#7655 = CARTESIAN_POINT('',(2.532453128043,-6.399620686478E-02,
    0.91235122172));
#7656 = CARTESIAN_POINT('',(2.539740997549,-5.109732238613E-02,
    0.90599668038));
#7657 = CARTESIAN_POINT('',(2.54642822325,-3.824167332937E-02,
    0.899025545386));
#7658 = CARTESIAN_POINT('',(2.552533512005,-2.543632968902E-02,
    0.891481326393));
#7659 = CARTESIAN_POINT('',(2.558068956271,-1.268740010332E-02,
    0.883396213612));
#7660 = CARTESIAN_POINT('',(2.563038205034,2.22044604925E-16,
    0.874789222279));
#7661 = ORIENTED_EDGE('',*,*,#7557,.T.);
#7662 = ORIENTED_EDGE('',*,*,#7663,.T.);
#7663 = EDGE_CURVE('',#7500,#7579,#7664,.T.);
#7664 = LINE('',#7665,#7666);
#7665 = CARTESIAN_POINT('',(2.433012701892,0.25,0.6));
#7666 = VECTOR('',#7667,1.);
#7667 = DIRECTION('',(-0.5,5.721188726112E-18,0.866025403784));
#7668 = CYLINDRICAL_SURFACE('',#7669,0.25);
#7669 = AXIS2_PLACEMENT_3D('',#7670,#7671,#7672);
#7670 = CARTESIAN_POINT('',(2.433012701892,0.,0.6));
#7671 = DIRECTION('',(0.5,-5.721188726112E-18,-0.866025403784));
#7672 = DIRECTION('',(1.144237745222E-17,1.,0.));
#7673 = ADVANCED_FACE('',(#7674),#7790,.T.);
#7674 = FACE_BOUND('',#7675,.T.);
#7675 = EDGE_LOOP('',(#7676,#7687,#7696,#7733,#7754,#7773,#7780,#7781,
    #7782,#7789));
#7676 = ORIENTED_EDGE('',*,*,#7677,.F.);
#7677 = EDGE_CURVE('',#7678,#7680,#7682,.T.);
#7678 = VERTEX_POINT('',#7679);
#7679 = CARTESIAN_POINT('',(-0.25,1.110223043626E-16,1.6));
#7680 = VERTEX_POINT('',#7681);
#7681 = CARTESIAN_POINT('',(1.25,-0.8,1.6));
#7682 = CIRCLE('',#7683,1.80625);
#7683 = AXIS2_PLACEMENT_3D('',#7684,#7685,#7686);
#7684 = CARTESIAN_POINT('',(1.25,1.00625,1.6));
#7685 = DIRECTION('',(0.,0.,1.));
#7686 = DIRECTION('',(-0.83044982699,-0.557093425606,0.));
#7687 = ORIENTED_EDGE('',*,*,#7688,.T.);
#7688 = EDGE_CURVE('',#7678,#7689,#7691,.T.);
#7689 = VERTEX_POINT('',#7690);
#7690 = CARTESIAN_POINT('',(-6.303820503361E-02,1.110223043626E-16,
    0.874789222279));
#7691 = CIRCLE('',#7692,1.5);
#7692 = AXIS2_PLACEMENT_3D('',#7693,#7694,#7695);
#7693 = CARTESIAN_POINT('',(1.25,1.110223043626E-16,1.6));
#7694 = DIRECTION('',(0.,-1.,0.));
#7695 = DIRECTION('',(-1.,0.,0.));
#7696 = ORIENTED_EDGE('',*,*,#7697,.T.);
#7697 = EDGE_CURVE('',#7689,#7698,#7700,.T.);
#7698 = VERTEX_POINT('',#7699);
#7699 = CARTESIAN_POINT('',(0.202192992507,-0.25,0.834183132173));
#7700 = B_SPLINE_CURVE_WITH_KNOTS('',7,(#7701,#7702,#7703,#7704,#7705,
    #7706,#7707,#7708,#7709,#7710,#7711,#7712,#7713,#7714,#7715,#7716,
    #7717,#7718,#7719,#7720,#7721,#7722,#7723,#7724,#7725,#7726,#7727,
    #7728,#7729,#7730,#7731,#7732),.UNSPECIFIED.,.F.,.F.,(8,6,6,6,6,8),(
    0.,0.26774001407,0.443416212054,0.667058149754,0.816388489271,1.),
  .UNSPECIFIED.);
#7701 = CARTESIAN_POINT('',(-6.303820503361E-02,1.942890293094E-16,
    0.874789222279));
#7702 = CARTESIAN_POINT('',(-5.87504992586E-02,-1.094729631979E-02,
    0.88221574653));
#7703 = CARTESIAN_POINT('',(-5.39506302292E-02,-2.217206050503E-02,
    0.88941102469));
#7704 = CARTESIAN_POINT('',(-4.858997479546E-02,-3.370900425408E-02,
    0.89635579862));
#7705 = CARTESIAN_POINT('',(-4.261195429241E-02,-4.558345056797E-02,
    0.903009976219));
#7706 = CARTESIAN_POINT('',(-3.594190845172E-02,-5.781825329847E-02,
    0.909306214846));
#7707 = CARTESIAN_POINT('',(-2.850021972E-02,-7.042724499148E-02,
    0.915157017956));
#7708 = CARTESIAN_POINT('',(-1.464297704076E-02,-9.201217777604E-02,
    0.923869406938));
#7709 = CARTESIAN_POINT('',(-8.76603867101E-03,-0.100728421692,
    0.927059664951));
#7710 = CARTESIAN_POINT('',(-2.454854549703E-03,-0.109632589871,
    0.929953765148));
#7711 = CARTESIAN_POINT('',(4.334528529849E-03,-0.118724820495,
    0.932491642497));
#7712 = CARTESIAN_POINT('',(1.163932476696E-02,-0.127981693445,
    0.934590301384));
#7713 = CARTESIAN_POINT('',(1.948669827656E-02,-0.137355906296,
    0.936146278515));
#7714 = CARTESIAN_POINT('',(3.858872412273E-02,-0.158767995438,
    0.938173433123));
#7715 = CARTESIAN_POINT('',(5.030632445176E-02,-0.170966229985,
    0.938245064636));
#7716 = CARTESIAN_POINT('',(6.284055453206E-02,-0.182926862446,
    0.93693200848));
#7717 = CARTESIAN_POINT('',(7.59147846165E-02,-0.194221509833,
    0.934014130594));
#7718 = CARTESIAN_POINT('',(8.918311008454E-02,-0.204484721975,
    0.929440348354));
#7719 = CARTESIAN_POINT('',(0.10226084529,-0.213456933421,0.923382413271
    ));
#7720 = CARTESIAN_POINT('',(0.123022854989,-0.226081959243,
    0.911569509372));
#7721 = CARTESIAN_POINT('',(0.130733913756,-0.230316192824,
    0.906565183995));
#7722 = CARTESIAN_POINT('',(0.137883105555,-0.233863125632,
    0.901412537589));
#7723 = CARTESIAN_POINT('',(0.144523123117,-0.23683831398,0.896196127226
    ));
#7724 = CARTESIAN_POINT('',(0.150719600945,-0.239339607193,
    0.890958703638));
#7725 = CARTESIAN_POINT('',(0.156551115314,-0.241447147606,
    0.885701211216));
#7726 = CARTESIAN_POINT('',(0.168943196973,-0.245407353957,
    0.873843435575));
#7727 = CARTESIAN_POINT('',(0.175309460548,-0.247076209831,
    0.867268058046));
#7728 = CARTESIAN_POINT('',(0.181280630456,-0.24831217296,0.860669674486
    ));
#7729 = CARTESIAN_POINT('',(0.186915805298,-0.249181141161,
    0.854057780269));
#7730 = CARTESIAN_POINT('',(0.192260526813,-0.249732675293,
    0.847438347088));
#7731 = CARTESIAN_POINT('',(0.197346779878,-0.249999999258,
    0.840813822949));
#7732 = CARTESIAN_POINT('',(0.202192992507,-0.25,0.834183132173));
#7733 = ORIENTED_EDGE('',*,*,#7734,.T.);
#7734 = EDGE_CURVE('',#7698,#7735,#7737,.T.);
#7735 = VERTEX_POINT('',#7736);
#7736 = CARTESIAN_POINT('',(0.282464665089,-2.434486445591E-02,
    0.475594084169));
#7737 = B_SPLINE_CURVE_WITH_KNOTS('',8,(#7738,#7739,#7740,#7741,#7742,
    #7743,#7744,#7745,#7746,#7747,#7748,#7749,#7750,#7751,#7752,#7753),
  .UNSPECIFIED.,.F.,.F.,(9,7,9),(0.,0.520000440632,1.),.UNSPECIFIED.);
#7738 = CARTESIAN_POINT('',(0.202192992507,-0.25,0.834183132173));
#7739 = CARTESIAN_POINT('',(0.217286909229,-0.249999997688,0.8135313098)
  );
#7740 = CARTESIAN_POINT('',(0.231284684278,-0.247497364325,
    0.791250415162));
#7741 = CARTESIAN_POINT('',(0.244131945684,-0.242542549657,
    0.767586802874));
#7742 = CARTESIAN_POINT('',(0.255739508321,-0.235147621514,
    0.742796340686));
#7743 = CARTESIAN_POINT('',(0.265998826773,-0.225327876297,
    0.717165081345));
#7744 = CARTESIAN_POINT('',(0.274781085869,-0.213117122775,
    0.691017285479));
#7745 = CARTESIAN_POINT('',(0.281940370988,-0.198589898916,
    0.664722610569));
#7746 = CARTESIAN_POINT('',(0.292326879974,-0.166539892431,
    0.614706634805));
#7747 = CARTESIAN_POINT('',(0.295819826158,-0.149316322273,
    0.590916083758));
#7748 = CARTESIAN_POINT('',(0.297667313982,-0.13051299246,0.567881934998
    ));
#7749 = CARTESIAN_POINT('',(0.297827389032,-0.110444011262,
    0.546014838932));
#7750 = CARTESIAN_POINT('',(0.29630666638,-8.944485510053E-02,
    0.525642875855));
#7751 = CARTESIAN_POINT('',(0.293163988634,-6.786499972241E-02,
    0.507012297791));
#7752 = CARTESIAN_POINT('',(0.288500517973,-4.605181008705E-02,
    0.490296201332));
#7753 = CARTESIAN_POINT('',(0.282464511801,-2.434431318045E-02,
    0.47559371079));
#7754 = ORIENTED_EDGE('',*,*,#7755,.T.);
#7755 = EDGE_CURVE('',#7735,#7756,#7758,.T.);
#7756 = VERTEX_POINT('',#7757);
#7757 = CARTESIAN_POINT('',(0.275386947819,1.110223043626E-16,
    0.459767831308));
#7758 = B_SPLINE_CURVE_WITH_KNOTS('',4,(#7759,#7760,#7761,#7762,#7763,
    #7764,#7765,#7766,#7767,#7768,#7769,#7770,#7771,#7772),
  .UNSPECIFIED.,.F.,.F.,(5,3,3,3,5),(0.,0.248400389876,0.497765068444,
    0.748512223572,1.),.UNSPECIFIED.);
#7759 = CARTESIAN_POINT('',(0.282464665089,-2.434486445591E-02,
    0.475594084169));
#7760 = CARTESIAN_POINT('',(0.282048285486,-2.284741654514E-02,
    0.474579859586));
#7761 = CARTESIAN_POINT('',(0.281628295078,-2.134758825614E-02,
    0.47357064458));
#7762 = CARTESIAN_POINT('',(0.281204626574,-1.984538123217E-02,
    0.472566498623));
#7763 = CARTESIAN_POINT('',(0.280348109116,-1.683036917478E-02,
    0.470564608977));
#7764 = CARTESIAN_POINT('',(0.279915230877,-1.531754564879E-02,
    0.469566905332));
#7765 = CARTESIAN_POINT('',(0.279478479241,-1.380232508979E-02,
    0.468574454009));
#7766 = CARTESIAN_POINT('',(0.278594586563,-1.075867390914E-02,
    0.46659475348));
#7767 = CARTESIAN_POINT('',(0.278147401333,-9.230216650452E-03,
    0.465607563655));
#7768 = CARTESIAN_POINT('',(0.277696097621,-7.699333369348E-03,
    0.464625856973));
#7769 = CARTESIAN_POINT('',(0.276783671253,-4.628182022901E-03,
    0.46267072788));
#7770 = CARTESIAN_POINT('',(0.276322523518,-3.087899626522E-03,
    0.461697338545));
#7771 = CARTESIAN_POINT('',(0.275856994704,-1.545172986482E-03,
    0.460729667432));
#7772 = CARTESIAN_POINT('',(0.275386947819,2.185751579731E-16,
    0.459767831308));
#7773 = ORIENTED_EDGE('',*,*,#7774,.T.);
#7774 = EDGE_CURVE('',#7756,#7520,#7775,.T.);
#7775 = CIRCLE('',#7776,1.5);
#7776 = AXIS2_PLACEMENT_3D('',#7777,#7778,#7779);
#7777 = CARTESIAN_POINT('',(1.25,1.110223043626E-16,1.6));
#7778 = DIRECTION('',(0.,-1.,0.));
#7779 = DIRECTION('',(-1.,0.,0.));
#7780 = ORIENTED_EDGE('',*,*,#7538,.T.);
#7781 = ORIENTED_EDGE('',*,*,#7615,.T.);
#7782 = ORIENTED_EDGE('',*,*,#7783,.T.);
#7783 = EDGE_CURVE('',#7577,#7678,#7784,.T.);
#7784 = CIRCLE('',#7785,1.5);
#7785 = AXIS2_PLACEMENT_3D('',#7786,#7787,#7788);
#7786 = CARTESIAN_POINT('',(1.25,1.110223043626E-16,1.6));
#7787 = DIRECTION('',(0.,-1.,0.));
#7788 = DIRECTION('',(-1.,0.,0.));
#7789 = ORIENTED_EDGE('',*,*,#7677,.T.);
#7790 = SPHERICAL_SURFACE('',#7791,1.80625);
#7791 = AXIS2_PLACEMENT_3D('',#7792,#7793,#7794);
#7792 = CARTESIAN_POINT('',(1.25,1.00625,1.6));
#7793 = DIRECTION('',(0.,-1.,0.));
#7794 = DIRECTION('',(-1.,0.,0.));
#7795 = ADVANCED_FACE('',(#7796),#7898,.T.);
#7796 = FACE_BOUND('',#7797,.T.);
#7797 = EDGE_LOOP('',(#7798,#7807,#7808,#7809,#7810,#7829,#7830,#7831,
    #7850,#7897));
#7798 = ORIENTED_EDGE('',*,*,#7799,.F.);
#7799 = EDGE_CURVE('',#7800,#7678,#7802,.T.);
#7800 = VERTEX_POINT('',#7801);
#7801 = CARTESIAN_POINT('',(1.25,0.8,1.6));
#7802 = CIRCLE('',#7803,1.80625);
#7803 = AXIS2_PLACEMENT_3D('',#7804,#7805,#7806);
#7804 = CARTESIAN_POINT('',(1.25,-1.00625,1.6));
#7805 = DIRECTION('',(0.,0.,1.));
#7806 = DIRECTION('',(-9.219845187199E-17,1.,0.));
#7807 = ORIENTED_EDGE('',*,*,#7799,.T.);
#7808 = ORIENTED_EDGE('',*,*,#7783,.F.);
#7809 = ORIENTED_EDGE('',*,*,#7576,.T.);
#7810 = ORIENTED_EDGE('',*,*,#7811,.T.);
#7811 = EDGE_CURVE('',#7579,#7511,#7812,.T.);
#7812 = B_SPLINE_CURVE_WITH_KNOTS('',8,(#7813,#7814,#7815,#7816,#7817,
    #7818,#7819,#7820,#7821,#7822,#7823,#7824,#7825,#7826,#7827,#7828),
  .UNSPECIFIED.,.F.,.F.,(9,7,9),(0.,0.520000440624,1.),.UNSPECIFIED.);
#7813 = CARTESIAN_POINT('',(2.297807007493,0.25,0.834183132173));
#7814 = CARTESIAN_POINT('',(2.282713090772,0.249999997688,0.8135313098)
  );
#7815 = CARTESIAN_POINT('',(2.268715315723,0.247497364325,0.791250415163
    ));
#7816 = CARTESIAN_POINT('',(2.255868054316,0.242542549657,0.767586802875
    ));
#7817 = CARTESIAN_POINT('',(2.24426049168,0.235147621515,0.742796340687)
  );
#7818 = CARTESIAN_POINT('',(2.234001173228,0.225327876298,0.717165081347
    ));
#7819 = CARTESIAN_POINT('',(2.225218914132,0.213117122776,0.691017285481
    ));
#7820 = CARTESIAN_POINT('',(2.218059629012,0.198589898918,0.664722610572
    ));
#7821 = CARTESIAN_POINT('',(2.207673120027,0.166539892433,0.614706634808
    ));
#7822 = CARTESIAN_POINT('',(2.204180173842,0.149316322274,0.59091608376)
  );
#7823 = CARTESIAN_POINT('',(2.202332686019,0.130512992462,0.567881935));
#7824 = CARTESIAN_POINT('',(2.202172610968,0.110444011263,0.546014838934
    ));
#7825 = CARTESIAN_POINT('',(2.20369333362,8.94448551015E-02,
    0.525642875856));
#7826 = CARTESIAN_POINT('',(2.206836011366,6.786499972311E-02,
    0.507012297792));
#7827 = CARTESIAN_POINT('',(2.211499482027,4.605181008737E-02,
    0.490296201332));
#7828 = CARTESIAN_POINT('',(2.217535488199,2.434431318045E-02,
    0.47559371079));
#7829 = ORIENTED_EDGE('',*,*,#7519,.T.);
#7830 = ORIENTED_EDGE('',*,*,#7774,.F.);
#7831 = ORIENTED_EDGE('',*,*,#7832,.T.);
#7832 = EDGE_CURVE('',#7756,#7833,#7835,.T.);
#7833 = VERTEX_POINT('',#7834);
#7834 = CARTESIAN_POINT('',(0.282464665089,2.434486445591E-02,
    0.475594084169));
#7835 = B_SPLINE_CURVE_WITH_KNOTS('',4,(#7836,#7837,#7838,#7839,#7840,
    #7841,#7842,#7843,#7844,#7845,#7846,#7847,#7848,#7849),
  .UNSPECIFIED.,.F.,.F.,(5,3,3,3,5),(0.,0.244937112113,0.494868224081,
    0.745180684562,1.),.UNSPECIFIED.);
#7836 = CARTESIAN_POINT('',(0.275386947819,3.330669073875E-16,
    0.459767831308));
#7837 = CARTESIAN_POINT('',(0.275851453731,1.526958290749E-03,
    0.460718329185));
#7838 = CARTESIAN_POINT('',(0.276310391726,3.047728228489E-03,
    0.461672160252));
#7839 = CARTESIAN_POINT('',(0.276763968585,4.562422033395E-03,
    0.462629200182));
#7840 = CARTESIAN_POINT('',(0.277669900164,7.610620317027E-03,
    0.464569059252));
#7841 = CARTESIAN_POINT('',(0.278122041495,9.143878625453E-03,
    0.46555200604));
#7842 = CARTESIAN_POINT('',(0.278568977337,1.06710227182E-02,
    0.466538067852));
#7843 = CARTESIAN_POINT('',(0.27945343794,1.371559379194E-02,
    0.468517733736));
#7844 = CARTESIAN_POINT('',(0.279890947377,1.523300237261E-02,
    0.469511346922));
#7845 = CARTESIAN_POINT('',(0.28032356242,1.674446912073E-02,
    0.470507886821));
#7846 = CARTESIAN_POINT('',(0.281186984807,1.978279518385E-02,
    0.472524642713));
#7847 = CARTESIAN_POINT('',(0.281617619458,2.130944167936E-02,
    0.473544961839));
#7848 = CARTESIAN_POINT('',(0.282043472086,2.28301058614E-02,
    0.474568135024));
#7849 = CARTESIAN_POINT('',(0.282464665089,2.434486445591E-02,
    0.475594084169));
#7850 = ORIENTED_EDGE('',*,*,#7851,.T.);
#7851 = EDGE_CURVE('',#7833,#7689,#7852,.T.);
#7852 = B_SPLINE_CURVE_WITH_KNOTS('',7,(#7853,#7854,#7855,#7856,#7857,
    #7858,#7859,#7860,#7861,#7862,#7863,#7864,#7865,#7866,#7867,#7868,
    #7869,#7870,#7871,#7872,#7873,#7874,#7875,#7876,#7877,#7878,#7879,
    #7880,#7881,#7882,#7883,#7884,#7885,#7886,#7887,#7888,#7889,#7890,
    #7891,#7892,#7893,#7894,#7895,#7896),.UNSPECIFIED.,.F.,.F.,(8,6,6,6,
    6,6,6,8),(0.,0.185228125005,0.374060575894,0.526130420229,
    0.665822947334,0.741834763422,0.868290409997,1.),.UNSPECIFIED.);
#7853 = CARTESIAN_POINT('',(0.282464511801,2.434431318045E-02,
    0.47559371079));
#7854 = CARTESIAN_POINT('',(0.286809966493,3.997202156967E-02,
    0.48617835976));
#7855 = CARTESIAN_POINT('',(0.290337126442,5.532444332319E-02,
    0.497604070074));
#7856 = CARTESIAN_POINT('',(0.293075860578,7.038297775846E-02,
    0.509831960865));
#7857 = CARTESIAN_POINT('',(0.295037397694,8.512209628938E-02,
    0.522837492765));
#7858 = CARTESIAN_POINT('',(0.296221039687,9.951118834923E-02,
    0.536604313524));
#7859 = CARTESIAN_POINT('',(0.296613895302,0.113514512011,0.551124684421
    ));
#7860 = CARTESIAN_POINT('',(0.295745001133,0.140928135343,0.581985656726
    ));
#7861 = CARTESIAN_POINT('',(0.294451494215,0.154305766099,0.5983382592)
  );
#7862 = CARTESIAN_POINT('',(0.292270999938,0.167192596569,0.615486349103
    ));
#7863 = CARTESIAN_POINT('',(0.289148864418,0.179526875516,0.633445336626
    ));
#7864 = CARTESIAN_POINT('',(0.284999963057,0.191211054302,0.652227437915
    ));
#7865 = CARTESIAN_POINT('',(0.279725481846,0.202124085331,0.671829736737
    ));
#7866 = CARTESIAN_POINT('',(0.267808438937,0.220096486187,0.70877764986)
  );
#7867 = CARTESIAN_POINT('',(0.261655359985,0.227457716485,0.72574795184)
  );
#7868 = CARTESIAN_POINT('',(0.25454871074,0.234108222218,0.743292559279)
  );
#7869 = CARTESIAN_POINT('',(0.24635281143,0.239898814233,0.761410939435)
  );
#7870 = CARTESIAN_POINT('',(0.236907674436,0.244584673988,0.780007457726
    ));
#7871 = CARTESIAN_POINT('',(0.226068701054,0.247877755572,0.798887083527
    ));
#7872 = CARTESIAN_POINT('',(0.20213019092,0.250694124014,0.835125099394)
  );
#7873 = CARTESIAN_POINT('',(0.189214507942,0.250510713344,0.85259112435)
  );
#7874 = CARTESIAN_POINT('',(0.17480539474,0.248401704424,0.869680553317)
  );
#7875 = CARTESIAN_POINT('',(0.15902057675,0.243979178122,0.885668119256)
  );
#7876 = CARTESIAN_POINT('',(0.142163222708,0.237035215674,0.899751005817
    ));
#7877 = CARTESIAN_POINT('',(0.12483782899,0.227684790637,0.91121350025)
  );
#7878 = CARTESIAN_POINT('',(9.897538932885E-02,0.210997223896,
    0.924625599737));
#7879 = CARTESIAN_POINT('',(9.032205908896E-02,0.204873769313,
    0.928381064275));
#7880 = CARTESIAN_POINT('',(8.211059277688E-02,0.198597354636,
    0.931316374488));
#7881 = CARTESIAN_POINT('',(7.431485520061E-02,0.192232548208,
    0.933558642699));
#7882 = CARTESIAN_POINT('',(6.690101845565E-02,0.185818505501,
    0.935211437447));
#7883 = CARTESIAN_POINT('',(5.982756192504E-02,0.179368969118,
    0.936354783484));
#7884 = CARTESIAN_POINT('',(4.176204203262E-02,0.162064153915,
    0.938193696802));
#7885 = CARTESIAN_POINT('',(3.086275831101E-02,0.150723610784,
    0.938134026271));
#7886 = CARTESIAN_POINT('',(2.04303105909E-02,0.138980127095,
    0.936946794497));
#7887 = CARTESIAN_POINT('',(1.051416153433E-02,0.126944958875,
    0.934735683321));
#7888 = CARTESIAN_POINT('',(1.141858438483E-03,0.114709472041,
    0.931604725414));
#7889 = CARTESIAN_POINT('',(-7.673904213815E-03,0.102343832383,
    0.927645573591));
#7890 = CARTESIAN_POINT('',(-2.453457090134E-02,7.69310783329E-02,
    0.918028153744));
#7891 = CARTESIAN_POINT('',(-3.245312804689E-02,6.399620685747E-02,
    0.912351221716));
#7892 = CARTESIAN_POINT('',(-3.974099755234E-02,5.10973223803E-02,
    0.905996680377));
#7893 = CARTESIAN_POINT('',(-4.642822325171E-02,3.824167332501E-02,
    0.899025545383));
#7894 = CARTESIAN_POINT('',(-5.253351200581E-02,2.543632968614E-02,
    0.891481326391));
#7895 = CARTESIAN_POINT('',(-5.80689562714E-02,1.268740010188E-02,
    0.883396213611));
#7896 = CARTESIAN_POINT('',(-6.303820503361E-02,2.22044604925E-16,
    0.874789222279));
#7897 = ORIENTED_EDGE('',*,*,#7688,.F.);
#7898 = SPHERICAL_SURFACE('',#7899,1.80625);
#7899 = AXIS2_PLACEMENT_3D('',#7900,#7901,#7902);
#7900 = CARTESIAN_POINT('',(1.25,-1.00625,1.6));
#7901 = DIRECTION('',(0.,-1.,0.));
#7902 = DIRECTION('',(-1.,0.,0.));
#7903 = ADVANCED_FACE('',(#7904),#7909,.T.);
#7904 = FACE_BOUND('',#7905,.T.);
#7905 = EDGE_LOOP('',(#7906,#7907,#7908));
#7906 = ORIENTED_EDGE('',*,*,#7811,.F.);
#7907 = ORIENTED_EDGE('',*,*,#7663,.F.);
#7908 = ORIENTED_EDGE('',*,*,#7510,.T.);
#7909 = CYLINDRICAL_SURFACE('',#7910,0.25);
#7910 = AXIS2_PLACEMENT_3D('',#7911,#7912,#7913);
#7911 = CARTESIAN_POINT('',(2.433012701892,0.,0.6));
#7912 = DIRECTION('',(0.5,-5.721188726112E-18,-0.866025403784));
#7913 = DIRECTION('',(1.144237745222E-17,1.,0.));
#7914 = ADVANCED_FACE('',(#7915),#7952,.F.);
#7915 = FACE_BOUND('',#7916,.F.);
#7916 = EDGE_LOOP('',(#7917,#7928,#7935,#7936,#7943,#7944,#7945));
#7917 = ORIENTED_EDGE('',*,*,#7918,.F.);
#7918 = EDGE_CURVE('',#7919,#7921,#7923,.T.);
#7919 = VERTEX_POINT('',#7920);
#7920 = CARTESIAN_POINT('',(1.110223024625E-16,-0.25,0.35));
#7921 = VERTEX_POINT('',#7922);
#7922 = CARTESIAN_POINT('',(6.698729810778E-02,-0.25,0.6));
#7923 = CIRCLE('',#7924,0.5);
#7924 = AXIS2_PLACEMENT_3D('',#7925,#7926,#7927);
#7925 = CARTESIAN_POINT('',(0.5,-0.25,0.35));
#7926 = DIRECTION('',(-1.110223024625E-16,1.,0.));
#7927 = DIRECTION('',(-1.,-1.110223024625E-16,0.));
#7928 = ORIENTED_EDGE('',*,*,#7929,.F.);
#7929 = EDGE_CURVE('',#7919,#7919,#7930,.T.);
#7930 = CIRCLE('',#7931,0.25);
#7931 = AXIS2_PLACEMENT_3D('',#7932,#7933,#7934);
#7932 = CARTESIAN_POINT('',(8.326672684689E-17,0.,0.35));
#7933 = DIRECTION('',(-0.,0.,1.));
#7934 = DIRECTION('',(1.110223024625E-16,-1.,0.));
#7935 = ORIENTED_EDGE('',*,*,#7918,.T.);
#7936 = ORIENTED_EDGE('',*,*,#7937,.T.);
#7937 = EDGE_CURVE('',#7921,#7735,#7938,.T.);
#7938 = CIRCLE('',#7939,0.25);
#7939 = AXIS2_PLACEMENT_3D('',#7940,#7941,#7942);
#7940 = CARTESIAN_POINT('',(6.698729810778E-02,8.831622634437E-33,0.6));
#7941 = DIRECTION('',(0.5,5.551115123128E-17,0.866025403784));
#7942 = DIRECTION('',(1.110223024625E-16,-1.,8.646655078321E-30));
#7943 = ORIENTED_EDGE('',*,*,#7755,.T.);
#7944 = ORIENTED_EDGE('',*,*,#7832,.T.);
#7945 = ORIENTED_EDGE('',*,*,#7946,.T.);
#7946 = EDGE_CURVE('',#7833,#7921,#7947,.T.);
#7947 = CIRCLE('',#7948,0.25);
#7948 = AXIS2_PLACEMENT_3D('',#7949,#7950,#7951);
#7949 = CARTESIAN_POINT('',(6.698729810778E-02,8.831622634437E-33,0.6));
#7950 = DIRECTION('',(0.5,5.551115123128E-17,0.866025403784));
#7951 = DIRECTION('',(1.110223024625E-16,-1.,8.646655078321E-30));
#7952 = SURFACE_OF_REVOLUTION('',#7953,#7958);
#7953 = CIRCLE('',#7954,0.25);
#7954 = AXIS2_PLACEMENT_3D('',#7955,#7956,#7957);
#7955 = CARTESIAN_POINT('',(8.326672684689E-17,0.,0.35));
#7956 = DIRECTION('',(-0.,0.,1.));
#7957 = DIRECTION('',(1.110223024625E-16,-1.,0.));
#7958 = AXIS1_PLACEMENT('',#7959,#7960);
#7959 = CARTESIAN_POINT('',(0.5,1.5,0.35));
#7960 = DIRECTION('',(-1.110223024625E-16,1.,0.));
#7961 = ADVANCED_FACE('',(#7962),#7972,.T.);
#7962 = FACE_BOUND('',#7963,.T.);
#7963 = EDGE_LOOP('',(#7964,#7965,#7971));
#7964 = ORIENTED_EDGE('',*,*,#7734,.F.);
#7965 = ORIENTED_EDGE('',*,*,#7966,.F.);
#7966 = EDGE_CURVE('',#7921,#7698,#7967,.T.);
#7967 = LINE('',#7968,#7969);
#7968 = CARTESIAN_POINT('',(6.698729810778E-02,-0.25,0.6));
#7969 = VECTOR('',#7970,1.);
#7970 = DIRECTION('',(0.5,5.551115123128E-17,0.866025403784));
#7971 = ORIENTED_EDGE('',*,*,#7937,.T.);
#7972 = CYLINDRICAL_SURFACE('',#7973,0.25);
#7973 = AXIS2_PLACEMENT_3D('',#7974,#7975,#7976);
#7974 = CARTESIAN_POINT('',(6.698729810778E-02,0.,0.6));
#7975 = DIRECTION('',(-0.5,-5.551115123128E-17,-0.866025403784));
#7976 = DIRECTION('',(1.110223024625E-16,-1.,8.646655078321E-30));
#7977 = ADVANCED_FACE('',(#7978),#7984,.T.);
#7978 = FACE_BOUND('',#7979,.T.);
#7979 = EDGE_LOOP('',(#7980,#7981,#7982,#7983));
#7980 = ORIENTED_EDGE('',*,*,#7697,.F.);
#7981 = ORIENTED_EDGE('',*,*,#7851,.F.);
#7982 = ORIENTED_EDGE('',*,*,#7946,.T.);
#7983 = ORIENTED_EDGE('',*,*,#7966,.T.);
#7984 = CYLINDRICAL_SURFACE('',#7985,0.25);
#7985 = AXIS2_PLACEMENT_3D('',#7986,#7987,#7988);
#7986 = CARTESIAN_POINT('',(6.698729810778E-02,0.,0.6));
#7987 = DIRECTION('',(-0.5,-5.551115123128E-17,-0.866025403784));
#7988 = DIRECTION('',(1.110223024625E-16,-1.,8.646655078321E-30));
#7989 = ADVANCED_FACE('',(#7990),#8009,.T.);
#7990 = FACE_BOUND('',#7991,.T.);
#7991 = EDGE_LOOP('',(#7992,#8000,#8001,#8002));
#7992 = ORIENTED_EDGE('',*,*,#7993,.T.);
#7993 = EDGE_CURVE('',#7994,#7919,#7996,.T.);
#7994 = VERTEX_POINT('',#7995);
#7995 = CARTESIAN_POINT('',(1.110223024625E-16,-0.25,-2.));
#7996 = LINE('',#7997,#7998);
#7997 = CARTESIAN_POINT('',(1.110223024625E-16,-0.25,-2.));
#7998 = VECTOR('',#7999,1.);
#7999 = DIRECTION('',(0.,0.,1.));
#8000 = ORIENTED_EDGE('',*,*,#7929,.F.);
#8001 = ORIENTED_EDGE('',*,*,#7993,.F.);
#8002 = ORIENTED_EDGE('',*,*,#8003,.T.);
#8003 = EDGE_CURVE('',#7994,#7994,#8004,.T.);
#8004 = CIRCLE('',#8005,0.25);
#8005 = AXIS2_PLACEMENT_3D('',#8006,#8007,#8008);
#8006 = CARTESIAN_POINT('',(8.326672684689E-17,0.,-2.));
#8007 = DIRECTION('',(-0.,0.,1.));
#8008 = DIRECTION('',(1.110223024625E-16,-1.,0.));
#8009 = CYLINDRICAL_SURFACE('',#8010,0.25);
#8010 = AXIS2_PLACEMENT_3D('',#8011,#8012,#8013);
#8011 = CARTESIAN_POINT('',(8.326672684689E-17,0.,-2.));
#8012 = DIRECTION('',(-0.,0.,-1.));
#8013 = DIRECTION('',(1.110223024625E-16,-1.,-0.));
#8014 = ADVANCED_FACE('',(#8015),#8018,.T.);
#8015 = FACE_BOUND('',#8016,.F.);
#8016 = EDGE_LOOP('',(#8017));
#8017 = ORIENTED_EDGE('',*,*,#8003,.T.);
#8018 = PLANE('',#8019);
#8019 = AXIS2_PLACEMENT_3D('',#8020,#8021,#8022);
#8020 = CARTESIAN_POINT('',(1.110223024625E-16,-0.25,-2.));
#8021 = DIRECTION('',(0.,0.,-1.));
#8022 = DIRECTION('',(-1.110223024625E-16,1.,0.));
#8023 = ( GEOMETRIC_REPRESENTATION_CONTEXT(3) 
GLOBAL_UNCERTAINTY_ASSIGNED_CONTEXT((#8027)) 
GLOBAL_UNIT_ASSIGNED_CONTEXT((#8024,#8025,#8026)) REPRESENTATION_CONTEXT
('Context #1','3D Context with UNIT and UNCERTAINTY') );
#8024 = ( LENGTH_UNIT() NAMED_UNIT(*) SI_UNIT(.MILLI.,.METRE.) );
#8025 = ( NAMED_UNIT(*) PLANE_ANGLE_UNIT() SI_UNIT($,.RADIAN.) );
#8026 = ( NAMED_UNIT(*) SI_UNIT($,.STERADIAN.) SOLID_ANGLE_UNIT() );
#8027 = UNCERTAINTY_MEASURE_WITH_UNIT(LENGTH_MEASURE(1.E-05),#8024,
  'distance_accuracy_value','confusion accuracy');
#8028 = CONTEXT_DEPENDENT_SHAPE_REPRESENTATION(#8029,#8031);
#8029 = ( REPRESENTATION_RELATIONSHIP('','',#7450,#7427) 
REPRESENTATION_RELATIONSHIP_WITH_TRANSFORMATION(#8030) 
SHAPE_REPRESENTATION_RELATIONSHIP() );
#8030 = ITEM_DEFINED_TRANSFORMATION('','',#11,#7428);
#8031 = PRODUCT_DEFINITION_SHAPE('Placement','Placement of an item',
  #8032);
#8032 = NEXT_ASSEMBLY_USAGE_OCCURRENCE('9','=>[0:1:1:9]','',#7422,#7445,
  $);
#8033 = PRODUCT_RELATED_PRODUCT_CATEGORY('part',$,(#7447));
#8034 = CONTEXT_DEPENDENT_SHAPE_REPRESENTATION(#8035,#8037);
#8035 = ( REPRESENTATION_RELATIONSHIP('','',#5340,#10) 
REPRESENTATION_RELATIONSHIP_WITH_TRANSFORMATION(#8036) 
SHAPE_REPRESENTATION_RELATIONSHIP() );
#8036 = ITEM_DEFINED_TRANSFORMATION('','',#11,#39);
#8037 = PRODUCT_DEFINITION_SHAPE('Placement','Placement of an item',
  #8038);
#8038 = NEXT_ASSEMBLY_USAGE_OCCURRENCE('11','C7','',#5,#5335,$);
#8039 = CONTEXT_DEPENDENT_SHAPE_REPRESENTATION(#8040,#8042);
#8040 = ( REPRESENTATION_RELATIONSHIP('','',#7427,#10) 
REPRESENTATION_RELATIONSHIP_WITH_TRANSFORMATION(#8041) 
SHAPE_REPRESENTATION_RELATIONSHIP() );
#8041 = ITEM_DEFINED_TRANSFORMATION('','',#11,#43);
#8042 = PRODUCT_DEFINITION_SHAPE('Placement','Placement of an item',
  #8043);
#8043 = NEXT_ASSEMBLY_USAGE_OCCURRENCE('12','C1','',#5,#7422,$);
#8044 = CONTEXT_DEPENDENT_SHAPE_REPRESENTATION(#8045,#8047);
#8045 = ( REPRESENTATION_RELATIONSHIP('','',#4906,#10) 
REPRESENTATION_RELATIONSHIP_WITH_TRANSFORMATION(#8046) 
SHAPE_REPRESENTATION_RELATIONSHIP() );
#8046 = ITEM_DEFINED_TRANSFORMATION('','',#11,#47);
#8047 = PRODUCT_DEFINITION_SHAPE('Placement','Placement of an item',
  #8048);
#8048 = NEXT_ASSEMBLY_USAGE_OCCURRENCE('13','R5','',#5,#4901,$);
#8049 = CONTEXT_DEPENDENT_SHAPE_REPRESENTATION(#8050,#8052);
#8050 = ( REPRESENTATION_RELATIONSHIP('','',#4906,#10) 
REPRESENTATION_RELATIONSHIP_WITH_TRANSFORMATION(#8051) 
SHAPE_REPRESENTATION_RELATIONSHIP() );
#8051 = ITEM_DEFINED_TRANSFORMATION('','',#11,#51);
#8052 = PRODUCT_DEFINITION_SHAPE('Placement','Placement of an item',
  #8053);
#8053 = NEXT_ASSEMBLY_USAGE_OCCURRENCE('14','R2','',#5,#4901,$);
#8054 = CONTEXT_DEPENDENT_SHAPE_REPRESENTATION(#8055,#8057);
#8055 = ( REPRESENTATION_RELATIONSHIP('','',#7427,#10) 
REPRESENTATION_RELATIONSHIP_WITH_TRANSFORMATION(#8056) 
SHAPE_REPRESENTATION_RELATIONSHIP() );
#8056 = ITEM_DEFINED_TRANSFORMATION('','',#11,#55);
#8057 = PRODUCT_DEFINITION_SHAPE('Placement','Placement of an item',
  #8058);
#8058 = NEXT_ASSEMBLY_USAGE_OCCURRENCE('15','C4','',#5,#7422,$);
#8059 = CONTEXT_DEPENDENT_SHAPE_REPRESENTATION(#8060,#8062);
#8060 = ( REPRESENTATION_RELATIONSHIP('','',#7427,#10) 
REPRESENTATION_RELATIONSHIP_WITH_TRANSFORMATION(#8061) 
SHAPE_REPRESENTATION_RELATIONSHIP() );
#8061 = ITEM_DEFINED_TRANSFORMATION('','',#11,#59);
#8062 = PRODUCT_DEFINITION_SHAPE('Placement','Placement of an item',
  #8063);
#8063 = NEXT_ASSEMBLY_USAGE_OCCURRENCE('16','C2','',#5,#7422,$);
#8064 = SHAPE_DEFINITION_REPRESENTATION(#8065,#8071);
#8065 = PRODUCT_DEFINITION_SHAPE('','',#8066);
#8066 = PRODUCT_DEFINITION('design','',#8067,#8070);
#8067 = PRODUCT_DEFINITION_FORMATION('','',#8068);
#8068 = PRODUCT('D_DO-35_SOD27_P7.62mm_Horizontal',
  'D_DO-35_SOD27_P7.62mm_Horizontal','',(#8069));
#8069 = PRODUCT_CONTEXT('',#2,'mechanical');
#8070 = PRODUCT_DEFINITION_CONTEXT('part definition',#2,'design');
#8071 = SHAPE_REPRESENTATION('',(#11,#8072),#8076);
#8072 = AXIS2_PLACEMENT_3D('',#8073,#8074,#8075);
#8073 = CARTESIAN_POINT('',(0.,0.,0.));
#8074 = DIRECTION('',(0.,0.,1.));
#8075 = DIRECTION('',(1.,0.,-0.));
#8076 = ( GEOMETRIC_REPRESENTATION_CONTEXT(3) 
GLOBAL_UNCERTAINTY_ASSIGNED_CONTEXT((#8080)) 
GLOBAL_UNIT_ASSIGNED_CONTEXT((#8077,#8078,#8079)) REPRESENTATION_CONTEXT
('Context #1','3D Context with UNIT and UNCERTAINTY') );
#8077 = ( LENGTH_UNIT() NAMED_UNIT(*) SI_UNIT(.MILLI.,.METRE.) );
#8078 = ( NAMED_UNIT(*) PLANE_ANGLE_UNIT() SI_UNIT($,.RADIAN.) );
#8079 = ( NAMED_UNIT(*) SI_UNIT($,.STERADIAN.) SOLID_ANGLE_UNIT() );
#8080 = UNCERTAINTY_MEASURE_WITH_UNIT(LENGTH_MEASURE(1.E-07),#8077,
  'distance_accuracy_value','confusion accuracy');
#8081 = CONTEXT_DEPENDENT_SHAPE_REPRESENTATION(#8082,#8084);
#8082 = ( REPRESENTATION_RELATIONSHIP('','',#8071,#10) 
REPRESENTATION_RELATIONSHIP_WITH_TRANSFORMATION(#8083) 
SHAPE_REPRESENTATION_RELATIONSHIP() );
#8083 = ITEM_DEFINED_TRANSFORMATION('','',#11,#63);
#8084 = PRODUCT_DEFINITION_SHAPE('Placement','Placement of an item',
  #8085);
#8085 = NEXT_ASSEMBLY_USAGE_OCCURRENCE('18','D2','',#5,#8066,$);
#8086 = PRODUCT_RELATED_PRODUCT_CATEGORY('part',$,(#8068));
#8087 = SHAPE_DEFINITION_REPRESENTATION(#8088,#8094);
#8088 = PRODUCT_DEFINITION_SHAPE('','',#8089);
#8089 = PRODUCT_DEFINITION('design','',#8090,#8093);
#8090 = PRODUCT_DEFINITION_FORMATION('','',#8091);
#8091 = PRODUCT('D_DO-35_SOD27_P7.62mm_Horizontal',
  'D_DO-35_SOD27_P7.62mm_Horizontal','',(#8092));
#8092 = PRODUCT_CONTEXT('',#2,'mechanical');
#8093 = PRODUCT_DEFINITION_CONTEXT('part definition',#2,'design');
#8094 = SHAPE_REPRESENTATION('',(#11,#8095,#8250),#8445);
#8095 = MANIFOLD_SOLID_BREP('',#8096);
#8096 = CLOSED_SHELL('',(#8097,#8130,#8156,#8181,#8207,#8232,#8241));
#8097 = ADVANCED_FACE('',(#8098),#8125,.T.);
#8098 = FACE_BOUND('',#8099,.T.);
#8099 = EDGE_LOOP('',(#8100,#8110,#8117,#8118));
#8100 = ORIENTED_EDGE('',*,*,#8101,.T.);
#8101 = EDGE_CURVE('',#8102,#8104,#8106,.T.);
#8102 = VERTEX_POINT('',#8103);
#8103 = CARTESIAN_POINT('',(0.25,0.,-2.5));
#8104 = VERTEX_POINT('',#8105);
#8105 = CARTESIAN_POINT('',(0.25,1.E-15,1.));
#8106 = LINE('',#8107,#8108);
#8107 = CARTESIAN_POINT('',(0.25,6.7E-16,1.));
#8108 = VECTOR('',#8109,1.);
#8109 = DIRECTION('',(0.,2.2E-16,1.));
#8110 = ORIENTED_EDGE('',*,*,#8111,.F.);
#8111 = EDGE_CURVE('',#8104,#8104,#8112,.T.);
#8112 = CIRCLE('',#8113,0.25);
#8113 = AXIS2_PLACEMENT_3D('',#8114,#8115,#8116);
#8114 = CARTESIAN_POINT('',(0.,6.7E-16,1.));
#8115 = DIRECTION('',(-0.,2.2E-16,1.));
#8116 = DIRECTION('',(1.,0.,0.));
#8117 = ORIENTED_EDGE('',*,*,#8101,.F.);
#8118 = ORIENTED_EDGE('',*,*,#8119,.T.);
#8119 = EDGE_CURVE('',#8102,#8102,#8120,.T.);
#8120 = CIRCLE('',#8121,0.25);
#8121 = AXIS2_PLACEMENT_3D('',#8122,#8123,#8124);
#8122 = CARTESIAN_POINT('',(0.,-1.1E-16,-2.5));
#8123 = DIRECTION('',(-0.,2.2E-16,1.));
#8124 = DIRECTION('',(1.,0.,0.));
#8125 = CYLINDRICAL_SURFACE('',#8126,0.25);
#8126 = AXIS2_PLACEMENT_3D('',#8127,#8128,#8129);
#8127 = CARTESIAN_POINT('',(0.,6.7E-16,1.));
#8128 = DIRECTION('',(0.,2.2E-16,1.));
#8129 = DIRECTION('',(1.,0.,-0.));
#8130 = ADVANCED_FACE('',(#8131),#8151,.T.);
#8131 = FACE_BOUND('',#8132,.T.);
#8132 = EDGE_LOOP('',(#8133,#8142,#8149,#8150));
#8133 = ORIENTED_EDGE('',*,*,#8134,.T.);
#8134 = EDGE_CURVE('',#8104,#8135,#8137,.T.);
#8135 = VERTEX_POINT('',#8136);
#8136 = CARTESIAN_POINT('',(0.5,1.E-15,1.25));
#8137 = CIRCLE('',#8138,0.25);
#8138 = AXIS2_PLACEMENT_3D('',#8139,#8140,#8141);
#8139 = CARTESIAN_POINT('',(0.5,7.6E-16,1.));
#8140 = DIRECTION('',(0.,1.,-2.2E-16));
#8141 = DIRECTION('',(1.,0.,0.));
#8142 = ORIENTED_EDGE('',*,*,#8143,.T.);
#8143 = EDGE_CURVE('',#8135,#8135,#8144,.T.);
#8144 = CIRCLE('',#8145,0.25);
#8145 = AXIS2_PLACEMENT_3D('',#8146,#8147,#8148);
#8146 = CARTESIAN_POINT('',(0.5,7.8E-16,1.5));
#8147 = DIRECTION('',(-1.,0.,-1.8E-16));
#8148 = DIRECTION('',(-1.8E-16,2.2E-16,1.));
#8149 = ORIENTED_EDGE('',*,*,#8134,.F.);
#8150 = ORIENTED_EDGE('',*,*,#8111,.T.);
#8151 = TOROIDAL_SURFACE('',#8152,0.5,0.25);
#8152 = AXIS2_PLACEMENT_3D('',#8153,#8154,#8155);
#8153 = CARTESIAN_POINT('',(0.5,6.7E-16,1.));
#8154 = DIRECTION('',(0.,1.,-2.2E-16));
#8155 = DIRECTION('',(1.,0.,0.));
#8156 = ADVANCED_FACE('',(#8157),#8176,.T.);
#8157 = FACE_BOUND('',#8158,.T.);
#8158 = EDGE_LOOP('',(#8159,#8167,#8174,#8175));
#8159 = ORIENTED_EDGE('',*,*,#8160,.T.);
#8160 = EDGE_CURVE('',#8135,#8161,#8163,.T.);
#8161 = VERTEX_POINT('',#8162);
#8162 = CARTESIAN_POINT('',(7.12,1.E-15,1.25));
#8163 = LINE('',#8164,#8165);
#8164 = CARTESIAN_POINT('',(0.5,7.2E-16,1.25));
#8165 = VECTOR('',#8166,1.);
#8166 = DIRECTION('',(1.,0.,0.));
#8167 = ORIENTED_EDGE('',*,*,#8168,.F.);
#8168 = EDGE_CURVE('',#8161,#8161,#8169,.T.);
#8169 = CIRCLE('',#8170,0.25);
#8170 = AXIS2_PLACEMENT_3D('',#8171,#8172,#8173);
#8171 = CARTESIAN_POINT('',(7.12,7.8E-16,1.5));
#8172 = DIRECTION('',(1.,0.,0.));
#8173 = DIRECTION('',(0.,-2.2E-16,-1.));
#8174 = ORIENTED_EDGE('',*,*,#8160,.F.);
#8175 = ORIENTED_EDGE('',*,*,#8143,.F.);
#8176 = CYLINDRICAL_SURFACE('',#8177,0.25);
#8177 = AXIS2_PLACEMENT_3D('',#8178,#8179,#8180);
#8178 = CARTESIAN_POINT('',(0.5,7.8E-16,1.5));
#8179 = DIRECTION('',(1.,0.,0.));
#8180 = DIRECTION('',(0.,-2.2E-16,-1.));
#8181 = ADVANCED_FACE('',(#8182),#8202,.T.);
#8182 = FACE_BOUND('',#8183,.T.);
#8183 = EDGE_LOOP('',(#8184,#8193,#8200,#8201));
#8184 = ORIENTED_EDGE('',*,*,#8185,.T.);
#8185 = EDGE_CURVE('',#8161,#8186,#8188,.T.);
#8186 = VERTEX_POINT('',#8187);
#8187 = CARTESIAN_POINT('',(7.37,1.E-15,1.));
#8188 = CIRCLE('',#8189,0.25);
#8189 = AXIS2_PLACEMENT_3D('',#8190,#8191,#8192);
#8190 = CARTESIAN_POINT('',(7.12,7.6E-16,1.));
#8191 = DIRECTION('',(0.,1.,-2.2E-16));
#8192 = DIRECTION('',(1.,0.,0.));
#8193 = ORIENTED_EDGE('',*,*,#8194,.T.);
#8194 = EDGE_CURVE('',#8186,#8186,#8195,.T.);
#8195 = CIRCLE('',#8196,0.25);
#8196 = AXIS2_PLACEMENT_3D('',#8197,#8198,#8199);
#8197 = CARTESIAN_POINT('',(7.62,6.7E-16,1.));
#8198 = DIRECTION('',(-2.4E-16,2.2E-16,1.));
#8199 = DIRECTION('',(1.,0.,2.4E-16));
#8200 = ORIENTED_EDGE('',*,*,#8185,.F.);
#8201 = ORIENTED_EDGE('',*,*,#8168,.T.);
#8202 = TOROIDAL_SURFACE('',#8203,0.5,0.25);
#8203 = AXIS2_PLACEMENT_3D('',#8204,#8205,#8206);
#8204 = CARTESIAN_POINT('',(7.12,6.7E-16,1.));
#8205 = DIRECTION('',(0.,1.,-2.2E-16));
#8206 = DIRECTION('',(1.,0.,0.));
#8207 = ADVANCED_FACE('',(#8208),#8227,.T.);
#8208 = FACE_BOUND('',#8209,.T.);
#8209 = EDGE_LOOP('',(#8210,#8218,#8225,#8226));
#8210 = ORIENTED_EDGE('',*,*,#8211,.T.);
#8211 = EDGE_CURVE('',#8186,#8212,#8214,.T.);
#8212 = VERTEX_POINT('',#8213);
#8213 = CARTESIAN_POINT('',(7.37,0.,-2.5));
#8214 = LINE('',#8215,#8216);
#8215 = CARTESIAN_POINT('',(7.37,6.7E-16,1.));
#8216 = VECTOR('',#8217,1.);
#8217 = DIRECTION('',(0.,-2.2E-16,-1.));
#8218 = ORIENTED_EDGE('',*,*,#8219,.F.);
#8219 = EDGE_CURVE('',#8212,#8212,#8220,.T.);
#8220 = CIRCLE('',#8221,0.25);
#8221 = AXIS2_PLACEMENT_3D('',#8222,#8223,#8224);
#8222 = CARTESIAN_POINT('',(7.62,-1.1E-16,-2.5));
#8223 = DIRECTION('',(-0.,-2.2E-16,-1.));
#8224 = DIRECTION('',(-1.,0.,0.));
#8225 = ORIENTED_EDGE('',*,*,#8211,.F.);
#8226 = ORIENTED_EDGE('',*,*,#8194,.F.);
#8227 = CYLINDRICAL_SURFACE('',#8228,0.25);
#8228 = AXIS2_PLACEMENT_3D('',#8229,#8230,#8231);
#8229 = CARTESIAN_POINT('',(7.62,6.7E-16,1.));
#8230 = DIRECTION('',(0.,-2.2E-16,-1.));
#8231 = DIRECTION('',(-1.,-0.,0.));
#8232 = ADVANCED_FACE('',(#8233),#8236,.T.);
#8233 = FACE_BOUND('',#8234,.F.);
#8234 = EDGE_LOOP('',(#8235));
#8235 = ORIENTED_EDGE('',*,*,#8119,.T.);
#8236 = PLANE('',#8237);
#8237 = AXIS2_PLACEMENT_3D('',#8238,#8239,#8240);
#8238 = CARTESIAN_POINT('',(0.25,-1.1E-16,-2.5));
#8239 = DIRECTION('',(0.,0.,-1.));
#8240 = DIRECTION('',(-1.,0.,0.));
#8241 = ADVANCED_FACE('',(#8242),#8245,.F.);
#8242 = FACE_BOUND('',#8243,.T.);
#8243 = EDGE_LOOP('',(#8244));
#8244 = ORIENTED_EDGE('',*,*,#8219,.T.);
#8245 = PLANE('',#8246);
#8246 = AXIS2_PLACEMENT_3D('',#8247,#8248,#8249);
#8247 = CARTESIAN_POINT('',(7.37,-1.1E-16,-2.5));
#8248 = DIRECTION('',(0.,0.,1.));
#8249 = DIRECTION('',(1.,0.,-0.));
#8250 = MANIFOLD_SOLID_BREP('',#8251);
#8251 = CLOSED_SHELL('',(#8252,#8285,#8305,#8325,#8350,#8375,#8401,#8427
    ,#8436));
#8252 = ADVANCED_FACE('',(#8253),#8280,.T.);
#8253 = FACE_BOUND('',#8254,.T.);
#8254 = EDGE_LOOP('',(#8255,#8264,#8272,#8279));
#8255 = ORIENTED_EDGE('',*,*,#8256,.T.);
#8256 = EDGE_CURVE('',#8257,#8257,#8259,.T.);
#8257 = VERTEX_POINT('',#8258);
#8258 = CARTESIAN_POINT('',(2.41,3.557331958362E-15,2.51));
#8259 = CIRCLE('',#8260,1.01);
#8260 = AXIS2_PLACEMENT_3D('',#8261,#8262,#8263);
#8261 = CARTESIAN_POINT('',(2.41,6.630669073875E-16,1.5));
#8262 = DIRECTION('',(1.,0.,-0.));
#8263 = DIRECTION('',(0.,9.92044604925E-16,1.));
#8264 = ORIENTED_EDGE('',*,*,#8265,.T.);
#8265 = EDGE_CURVE('',#8257,#8266,#8268,.T.);
#8266 = VERTEX_POINT('',#8267);
#8267 = CARTESIAN_POINT('',(3.41,3.557331958362E-15,2.51));
#8268 = LINE('',#8269,#8270);
#8269 = CARTESIAN_POINT('',(2.41,5.573319583618E-16,2.51));
#8270 = VECTOR('',#8271,1.);
#8271 = DIRECTION('',(1.,0.,0.));
#8272 = ORIENTED_EDGE('',*,*,#8273,.F.);
#8273 = EDGE_CURVE('',#8266,#8266,#8274,.T.);
#8274 = CIRCLE('',#8275,1.01);
#8275 = AXIS2_PLACEMENT_3D('',#8276,#8277,#8278);
#8276 = CARTESIAN_POINT('',(3.41,6.630669073875E-16,1.5));
#8277 = DIRECTION('',(1.,0.,-0.));
#8278 = DIRECTION('',(0.,9.92044604925E-16,1.));
#8279 = ORIENTED_EDGE('',*,*,#8265,.F.);
#8280 = CYLINDRICAL_SURFACE('',#8281,1.01);
#8281 = AXIS2_PLACEMENT_3D('',#8282,#8283,#8284);
#8282 = CARTESIAN_POINT('',(2.41,6.630669073875E-16,1.5));
#8283 = DIRECTION('',(1.,0.,0.));
#8284 = DIRECTION('',(-0.,9.92044604925E-16,1.));
#8285 = ADVANCED_FACE('',(#8286,#8289),#8300,.F.);
#8286 = FACE_BOUND('',#8287,.T.);
#8287 = EDGE_LOOP('',(#8288));
#8288 = ORIENTED_EDGE('',*,*,#8256,.F.);
#8289 = FACE_BOUND('',#8290,.T.);
#8290 = EDGE_LOOP('',(#8291));
#8291 = ORIENTED_EDGE('',*,*,#8292,.T.);
#8292 = EDGE_CURVE('',#8293,#8293,#8295,.T.);
#8293 = VERTEX_POINT('',#8294);
#8294 = CARTESIAN_POINT('',(2.41,5.551115123126E-16,2.5));
#8295 = CIRCLE('',#8296,1.);
#8296 = AXIS2_PLACEMENT_3D('',#8297,#8298,#8299);
#8297 = CARTESIAN_POINT('',(2.41,6.630669073875E-16,1.5));
#8298 = DIRECTION('',(1.,0.,-0.));
#8299 = DIRECTION('',(0.,1.002044604925E-15,1.));
#8300 = PLANE('',#8301);
#8301 = AXIS2_PLACEMENT_3D('',#8302,#8303,#8304);
#8302 = CARTESIAN_POINT('',(2.41,6.630669073875E-16,1.5));
#8303 = DIRECTION('',(1.,0.,0.));
#8304 = DIRECTION('',(-0.,1.002044604925E-15,1.));
#8305 = ADVANCED_FACE('',(#8306,#8309),#8320,.T.);
#8306 = FACE_BOUND('',#8307,.T.);
#8307 = EDGE_LOOP('',(#8308));
#8308 = ORIENTED_EDGE('',*,*,#8273,.T.);
#8309 = FACE_BOUND('',#8310,.T.);
#8310 = EDGE_LOOP('',(#8311));
#8311 = ORIENTED_EDGE('',*,*,#8312,.F.);
#8312 = EDGE_CURVE('',#8313,#8313,#8315,.T.);
#8313 = VERTEX_POINT('',#8314);
#8314 = CARTESIAN_POINT('',(3.41,5.551115123126E-16,2.5));
#8315 = CIRCLE('',#8316,1.);
#8316 = AXIS2_PLACEMENT_3D('',#8317,#8318,#8319);
#8317 = CARTESIAN_POINT('',(3.41,6.630669073875E-16,1.5));
#8318 = DIRECTION('',(1.,0.,-0.));
#8319 = DIRECTION('',(0.,1.002044604925E-15,1.));
#8320 = PLANE('',#8321);
#8321 = AXIS2_PLACEMENT_3D('',#8322,#8323,#8324);
#8322 = CARTESIAN_POINT('',(3.41,6.630669073875E-16,1.5));
#8323 = DIRECTION('',(1.,0.,0.));
#8324 = DIRECTION('',(-0.,9.92044604925E-16,1.));
#8325 = ADVANCED_FACE('',(#8326),#8345,.T.);
#8326 = FACE_BOUND('',#8327,.T.);
#8327 = EDGE_LOOP('',(#8328,#8337,#8343,#8344));
#8328 = ORIENTED_EDGE('',*,*,#8329,.T.);
#8329 = EDGE_CURVE('',#8330,#8330,#8332,.T.);
#8330 = VERTEX_POINT('',#8331);
#8331 = CARTESIAN_POINT('',(2.21,3.555111512313E-15,2.5));
#8332 = CIRCLE('',#8333,1.);
#8333 = AXIS2_PLACEMENT_3D('',#8334,#8335,#8336);
#8334 = CARTESIAN_POINT('',(2.21,6.630669073875E-16,1.5));
#8335 = DIRECTION('',(1.,0.,-0.));
#8336 = DIRECTION('',(0.,1.002044604925E-15,1.));
#8337 = ORIENTED_EDGE('',*,*,#8338,.T.);
#8338 = EDGE_CURVE('',#8330,#8293,#8339,.T.);
#8339 = LINE('',#8340,#8341);
#8340 = CARTESIAN_POINT('',(1.81,5.551115123126E-16,2.5));
#8341 = VECTOR('',#8342,1.);
#8342 = DIRECTION('',(1.,0.,0.));
#8343 = ORIENTED_EDGE('',*,*,#8292,.F.);
#8344 = ORIENTED_EDGE('',*,*,#8338,.F.);
#8345 = CYLINDRICAL_SURFACE('',#8346,1.);
#8346 = AXIS2_PLACEMENT_3D('',#8347,#8348,#8349);
#8347 = CARTESIAN_POINT('',(1.81,6.630669073875E-16,1.5));
#8348 = DIRECTION('',(1.,0.,0.));
#8349 = DIRECTION('',(-0.,1.002044604925E-15,1.));
#8350 = ADVANCED_FACE('',(#8351),#8370,.T.);
#8351 = FACE_BOUND('',#8352,.T.);
#8352 = EDGE_LOOP('',(#8353,#8354,#8362,#8369));
#8353 = ORIENTED_EDGE('',*,*,#8312,.T.);
#8354 = ORIENTED_EDGE('',*,*,#8355,.T.);
#8355 = EDGE_CURVE('',#8313,#8356,#8358,.T.);
#8356 = VERTEX_POINT('',#8357);
#8357 = CARTESIAN_POINT('',(5.41,3.555111512313E-15,2.5));
#8358 = LINE('',#8359,#8360);
#8359 = CARTESIAN_POINT('',(1.81,5.551115123126E-16,2.5));
#8360 = VECTOR('',#8361,1.);
#8361 = DIRECTION('',(1.,0.,0.));
#8362 = ORIENTED_EDGE('',*,*,#8363,.F.);
#8363 = EDGE_CURVE('',#8356,#8356,#8364,.T.);
#8364 = CIRCLE('',#8365,1.);
#8365 = AXIS2_PLACEMENT_3D('',#8366,#8367,#8368);
#8366 = CARTESIAN_POINT('',(5.41,6.630669073875E-16,1.5));
#8367 = DIRECTION('',(1.,0.,-0.));
#8368 = DIRECTION('',(0.,1.002044604925E-15,1.));
#8369 = ORIENTED_EDGE('',*,*,#8355,.F.);
#8370 = CYLINDRICAL_SURFACE('',#8371,1.);
#8371 = AXIS2_PLACEMENT_3D('',#8372,#8373,#8374);
#8372 = CARTESIAN_POINT('',(1.81,6.630669073875E-16,1.5));
#8373 = DIRECTION('',(1.,0.,0.));
#8374 = DIRECTION('',(-0.,1.002044604925E-15,1.));
#8375 = ADVANCED_FACE('',(#8376),#8396,.T.);
#8376 = FACE_BOUND('',#8377,.T.);
#8377 = EDGE_LOOP('',(#8378,#8387,#8394,#8395));
#8378 = ORIENTED_EDGE('',*,*,#8379,.T.);
#8379 = EDGE_CURVE('',#8380,#8380,#8382,.T.);
#8380 = VERTEX_POINT('',#8381);
#8381 = CARTESIAN_POINT('',(1.81,1.466293670343E-15,2.1));
#8382 = CIRCLE('',#8383,0.6);
#8383 = AXIS2_PLACEMENT_3D('',#8384,#8385,#8386);
#8384 = CARTESIAN_POINT('',(1.81,6.630669073875E-16,1.5));
#8385 = DIRECTION('',(1.,0.,-0.));
#8386 = DIRECTION('',(0.,1.002044604925E-15,1.));
#8387 = ORIENTED_EDGE('',*,*,#8388,.F.);
#8388 = EDGE_CURVE('',#8330,#8380,#8389,.T.);
#8389 = CIRCLE('',#8390,0.4);
#8390 = AXIS2_PLACEMENT_3D('',#8391,#8392,#8393);
#8391 = CARTESIAN_POINT('',(2.21,1.266293670343E-15,2.1));
#8392 = DIRECTION('',(0.,-1.,1.002044604925E-15));
#8393 = DIRECTION('',(0.,1.002044604925E-15,1.));
#8394 = ORIENTED_EDGE('',*,*,#8329,.F.);
#8395 = ORIENTED_EDGE('',*,*,#8388,.T.);
#8396 = TOROIDAL_SURFACE('',#8397,0.6,0.4);
#8397 = AXIS2_PLACEMENT_3D('',#8398,#8399,#8400);
#8398 = CARTESIAN_POINT('',(2.21,6.630669073875E-16,1.5));
#8399 = DIRECTION('',(-1.,0.,0.));
#8400 = DIRECTION('',(0.,1.002044604925E-15,1.));
#8401 = ADVANCED_FACE('',(#8402),#8422,.T.);
#8402 = FACE_BOUND('',#8403,.T.);
#8403 = EDGE_LOOP('',(#8404,#8405,#8414,#8421));
#8404 = ORIENTED_EDGE('',*,*,#8363,.T.);
#8405 = ORIENTED_EDGE('',*,*,#8406,.F.);
#8406 = EDGE_CURVE('',#8407,#8356,#8409,.T.);
#8407 = VERTEX_POINT('',#8408);
#8408 = CARTESIAN_POINT('',(5.81,1.466293670343E-15,2.1));
#8409 = CIRCLE('',#8410,0.4);
#8410 = AXIS2_PLACEMENT_3D('',#8411,#8412,#8413);
#8411 = CARTESIAN_POINT('',(5.41,1.266293670343E-15,2.1));
#8412 = DIRECTION('',(0.,-1.,1.002044604925E-15));
#8413 = DIRECTION('',(0.,1.002044604925E-15,1.));
#8414 = ORIENTED_EDGE('',*,*,#8415,.F.);
#8415 = EDGE_CURVE('',#8407,#8407,#8416,.T.);
#8416 = CIRCLE('',#8417,0.6);
#8417 = AXIS2_PLACEMENT_3D('',#8418,#8419,#8420);
#8418 = CARTESIAN_POINT('',(5.81,6.630669073875E-16,1.5));
#8419 = DIRECTION('',(1.,0.,-0.));
#8420 = DIRECTION('',(0.,1.002044604925E-15,1.));
#8421 = ORIENTED_EDGE('',*,*,#8406,.T.);
#8422 = TOROIDAL_SURFACE('',#8423,0.6,0.4);
#8423 = AXIS2_PLACEMENT_3D('',#8424,#8425,#8426);
#8424 = CARTESIAN_POINT('',(5.41,6.630669073875E-16,1.5));
#8425 = DIRECTION('',(-1.,0.,0.));
#8426 = DIRECTION('',(0.,1.002044604925E-15,1.));
#8427 = ADVANCED_FACE('',(#8428),#8431,.F.);
#8428 = FACE_BOUND('',#8429,.T.);
#8429 = EDGE_LOOP('',(#8430));
#8430 = ORIENTED_EDGE('',*,*,#8379,.F.);
#8431 = PLANE('',#8432);
#8432 = AXIS2_PLACEMENT_3D('',#8433,#8434,#8435);
#8433 = CARTESIAN_POINT('',(1.81,6.630669073875E-16,1.5));
#8434 = DIRECTION('',(1.,0.,0.));
#8435 = DIRECTION('',(-0.,1.002044604925E-15,1.));
#8436 = ADVANCED_FACE('',(#8437),#8440,.T.);
#8437 = FACE_BOUND('',#8438,.F.);
#8438 = EDGE_LOOP('',(#8439));
#8439 = ORIENTED_EDGE('',*,*,#8415,.F.);
#8440 = PLANE('',#8441);
#8441 = AXIS2_PLACEMENT_3D('',#8442,#8443,#8444);
#8442 = CARTESIAN_POINT('',(5.81,6.630669073875E-16,1.5));
#8443 = DIRECTION('',(1.,0.,0.));
#8444 = DIRECTION('',(-0.,1.002044604925E-15,1.));
#8445 = ( GEOMETRIC_REPRESENTATION_CONTEXT(3) 
GLOBAL_UNCERTAINTY_ASSIGNED_CONTEXT((#8449)) 
GLOBAL_UNIT_ASSIGNED_CONTEXT((#8446,#8447,#8448)) REPRESENTATION_CONTEXT
('Context #1','3D Context with UNIT and UNCERTAINTY') );
#8446 = ( LENGTH_UNIT() NAMED_UNIT(*) SI_UNIT(.MILLI.,.METRE.) );
#8447 = ( NAMED_UNIT(*) PLANE_ANGLE_UNIT() SI_UNIT($,.RADIAN.) );
#8448 = ( NAMED_UNIT(*) SI_UNIT($,.STERADIAN.) SOLID_ANGLE_UNIT() );
#8449 = UNCERTAINTY_MEASURE_WITH_UNIT(LENGTH_MEASURE(1.E-07),#8446,
  'distance_accuracy_value','confusion accuracy');
#8450 = CONTEXT_DEPENDENT_SHAPE_REPRESENTATION(#8451,#8453);
#8451 = ( REPRESENTATION_RELATIONSHIP('','',#8094,#8071) 
REPRESENTATION_RELATIONSHIP_WITH_TRANSFORMATION(#8452) 
SHAPE_REPRESENTATION_RELATIONSHIP() );
#8452 = ITEM_DEFINED_TRANSFORMATION('','',#11,#8072);
#8453 = PRODUCT_DEFINITION_SHAPE('Placement','Placement of an item',
  #8454);
#8454 = NEXT_ASSEMBLY_USAGE_OCCURRENCE('17','=>[0:1:1:11]','',#8066,
  #8089,$);
#8455 = PRODUCT_RELATED_PRODUCT_CATEGORY('part',$,(#8091));
#8456 = CONTEXT_DEPENDENT_SHAPE_REPRESENTATION(#8457,#8459);
#8457 = ( REPRESENTATION_RELATIONSHIP('','',#8071,#10) 
REPRESENTATION_RELATIONSHIP_WITH_TRANSFORMATION(#8458) 
SHAPE_REPRESENTATION_RELATIONSHIP() );
#8458 = ITEM_DEFINED_TRANSFORMATION('','',#11,#67);
#8459 = PRODUCT_DEFINITION_SHAPE('Placement','Placement of an item',
  #8460);
#8460 = NEXT_ASSEMBLY_USAGE_OCCURRENCE('19','D1','',#5,#8066,$);
#8461 = CONTEXT_DEPENDENT_SHAPE_REPRESENTATION(#8462,#8464);
#8462 = ( REPRESENTATION_RELATIONSHIP('','',#4906,#10) 
REPRESENTATION_RELATIONSHIP_WITH_TRANSFORMATION(#8463) 
SHAPE_REPRESENTATION_RELATIONSHIP() );
#8463 = ITEM_DEFINED_TRANSFORMATION('','',#11,#71);
#8464 = PRODUCT_DEFINITION_SHAPE('Placement','Placement of an item',
  #8465);
#8465 = NEXT_ASSEMBLY_USAGE_OCCURRENCE('20','R1','',#5,#4901,$);
#8466 = SHAPE_DEFINITION_REPRESENTATION(#8467,#8473);
#8467 = PRODUCT_DEFINITION_SHAPE('','',#8468);
#8468 = PRODUCT_DEFINITION('design','',#8469,#8472);
#8469 = PRODUCT_DEFINITION_FORMATION('','',#8470);
#8470 = PRODUCT('Pedal_pcb-unsaved-export-mkGl07_PCB',
  'Pedal_pcb-unsaved-export-mkGl07_PCB','',(#8471));
#8471 = PRODUCT_CONTEXT('',#2,'mechanical');
#8472 = PRODUCT_DEFINITION_CONTEXT('part definition',#2,'design');
#8473 = ADVANCED_BREP_SHAPE_REPRESENTATION('',(#11,#8474),#11609);
#8474 = MANIFOLD_SOLID_BREP('',#8475);
#8475 = CLOSED_SHELL('',(#8476,#8516,#8547,#8578,#9416,#10254,#10266,
    #10283,#10300,#10317,#10334,#10351,#10368,#10385,#10402,#10419,
    #10436,#10453,#10470,#10487,#10504,#10521,#10538,#10555,#10572,
    #10589,#10606,#10623,#10640,#10657,#10674,#10691,#10708,#10725,
    #10742,#10759,#10776,#10793,#10810,#10827,#10844,#10861,#10878,
    #10895,#10912,#10929,#10946,#10968,#10985,#11002,#11014,#11031,
    #11053,#11070,#11087,#11099,#11121,#11138,#11155,#11167,#11184,
    #11201,#11218,#11235,#11252,#11269,#11286,#11303,#11320,#11337,
    #11354,#11371,#11388,#11410,#11427,#11444,#11456,#11478,#11495,
    #11512,#11524,#11546,#11563,#11580,#11592));
#8476 = ADVANCED_FACE('',(#8477),#8511,.T.);
#8477 = FACE_BOUND('',#8478,.T.);
#8478 = EDGE_LOOP('',(#8479,#8489,#8497,#8505));
#8479 = ORIENTED_EDGE('',*,*,#8480,.T.);
#8480 = EDGE_CURVE('',#8481,#8483,#8485,.T.);
#8481 = VERTEX_POINT('',#8482);
#8482 = CARTESIAN_POINT('',(167.64,-67.31,0.));
#8483 = VERTEX_POINT('',#8484);
#8484 = CARTESIAN_POINT('',(167.64,-67.31,1.51));
#8485 = LINE('',#8486,#8487);
#8486 = CARTESIAN_POINT('',(167.64,-67.31,0.));
#8487 = VECTOR('',#8488,1.);
#8488 = DIRECTION('',(0.,0.,1.));
#8489 = ORIENTED_EDGE('',*,*,#8490,.T.);
#8490 = EDGE_CURVE('',#8483,#8491,#8493,.T.);
#8491 = VERTEX_POINT('',#8492);
#8492 = CARTESIAN_POINT('',(120.65,-67.31,1.51));
#8493 = LINE('',#8494,#8495);
#8494 = CARTESIAN_POINT('',(167.64,-67.31,1.51));
#8495 = VECTOR('',#8496,1.);
#8496 = DIRECTION('',(-1.,0.,0.));
#8497 = ORIENTED_EDGE('',*,*,#8498,.F.);
#8498 = EDGE_CURVE('',#8499,#8491,#8501,.T.);
#8499 = VERTEX_POINT('',#8500);
#8500 = CARTESIAN_POINT('',(120.65,-67.31,0.));
#8501 = LINE('',#8502,#8503);
#8502 = CARTESIAN_POINT('',(120.65,-67.31,0.));
#8503 = VECTOR('',#8504,1.);
#8504 = DIRECTION('',(0.,0.,1.));
#8505 = ORIENTED_EDGE('',*,*,#8506,.F.);
#8506 = EDGE_CURVE('',#8481,#8499,#8507,.T.);
#8507 = LINE('',#8508,#8509);
#8508 = CARTESIAN_POINT('',(167.64,-67.31,0.));
#8509 = VECTOR('',#8510,1.);
#8510 = DIRECTION('',(-1.,0.,0.));
#8511 = PLANE('',#8512);
#8512 = AXIS2_PLACEMENT_3D('',#8513,#8514,#8515);
#8513 = CARTESIAN_POINT('',(167.64,-67.31,0.));
#8514 = DIRECTION('',(0.,-1.,0.));
#8515 = DIRECTION('',(-1.,0.,0.));
#8516 = ADVANCED_FACE('',(#8517),#8542,.T.);
#8517 = FACE_BOUND('',#8518,.T.);
#8518 = EDGE_LOOP('',(#8519,#8529,#8535,#8536));
#8519 = ORIENTED_EDGE('',*,*,#8520,.T.);
#8520 = EDGE_CURVE('',#8521,#8523,#8525,.T.);
#8521 = VERTEX_POINT('',#8522);
#8522 = CARTESIAN_POINT('',(167.64,-17.78,0.));
#8523 = VERTEX_POINT('',#8524);
#8524 = CARTESIAN_POINT('',(167.64,-17.78,1.51));
#8525 = LINE('',#8526,#8527);
#8526 = CARTESIAN_POINT('',(167.64,-17.78,0.));
#8527 = VECTOR('',#8528,1.);
#8528 = DIRECTION('',(0.,0.,1.));
#8529 = ORIENTED_EDGE('',*,*,#8530,.T.);
#8530 = EDGE_CURVE('',#8523,#8483,#8531,.T.);
#8531 = LINE('',#8532,#8533);
#8532 = CARTESIAN_POINT('',(167.64,-17.78,1.51));
#8533 = VECTOR('',#8534,1.);
#8534 = DIRECTION('',(0.,-1.,0.));
#8535 = ORIENTED_EDGE('',*,*,#8480,.F.);
#8536 = ORIENTED_EDGE('',*,*,#8537,.F.);
#8537 = EDGE_CURVE('',#8521,#8481,#8538,.T.);
#8538 = LINE('',#8539,#8540);
#8539 = CARTESIAN_POINT('',(167.64,-17.78,0.));
#8540 = VECTOR('',#8541,1.);
#8541 = DIRECTION('',(0.,-1.,0.));
#8542 = PLANE('',#8543);
#8543 = AXIS2_PLACEMENT_3D('',#8544,#8545,#8546);
#8544 = CARTESIAN_POINT('',(167.64,-17.78,0.));
#8545 = DIRECTION('',(1.,0.,-0.));
#8546 = DIRECTION('',(0.,-1.,0.));
#8547 = ADVANCED_FACE('',(#8548),#8573,.T.);
#8548 = FACE_BOUND('',#8549,.T.);
#8549 = EDGE_LOOP('',(#8550,#8551,#8559,#8567));
#8550 = ORIENTED_EDGE('',*,*,#8498,.T.);
#8551 = ORIENTED_EDGE('',*,*,#8552,.T.);
#8552 = EDGE_CURVE('',#8491,#8553,#8555,.T.);
#8553 = VERTEX_POINT('',#8554);
#8554 = CARTESIAN_POINT('',(120.65,-17.78,1.51));
#8555 = LINE('',#8556,#8557);
#8556 = CARTESIAN_POINT('',(120.65,-67.31,1.51));
#8557 = VECTOR('',#8558,1.);
#8558 = DIRECTION('',(0.,1.,0.));
#8559 = ORIENTED_EDGE('',*,*,#8560,.F.);
#8560 = EDGE_CURVE('',#8561,#8553,#8563,.T.);
#8561 = VERTEX_POINT('',#8562);
#8562 = CARTESIAN_POINT('',(120.65,-17.78,0.));
#8563 = LINE('',#8564,#8565);
#8564 = CARTESIAN_POINT('',(120.65,-17.78,0.));
#8565 = VECTOR('',#8566,1.);
#8566 = DIRECTION('',(0.,0.,1.));
#8567 = ORIENTED_EDGE('',*,*,#8568,.F.);
#8568 = EDGE_CURVE('',#8499,#8561,#8569,.T.);
#8569 = LINE('',#8570,#8571);
#8570 = CARTESIAN_POINT('',(120.65,-67.31,0.));
#8571 = VECTOR('',#8572,1.);
#8572 = DIRECTION('',(0.,1.,0.));
#8573 = PLANE('',#8574);
#8574 = AXIS2_PLACEMENT_3D('',#8575,#8576,#8577);
#8575 = CARTESIAN_POINT('',(120.65,-67.31,0.));
#8576 = DIRECTION('',(-1.,0.,0.));
#8577 = DIRECTION('',(0.,1.,0.));
#8578 = ADVANCED_FACE('',(#8579,#8590,#8601,#8612,#8623,#8634,#8645,
    #8656,#8667,#8678,#8689,#8700,#8711,#8722,#8733,#8744,#8755,#8766,
    #8777,#8788,#8799,#8810,#8821,#8832,#8843,#8854,#8865,#8876,#8887,
    #8898,#8909,#8920,#8931,#8942,#8953,#8964,#8975,#8986,#8997,#9008,
    #9019,#9030,#9066,#9077,#9113,#9149,#9160,#9171,#9182,#9193,#9204,
    #9215,#9226,#9237,#9248,#9259,#9270,#9281,#9292,#9328,#9364,#9400),
  #9411,.F.);
#8579 = FACE_BOUND('',#8580,.F.);
#8580 = EDGE_LOOP('',(#8581,#8582,#8583,#8589));
#8581 = ORIENTED_EDGE('',*,*,#8506,.F.);
#8582 = ORIENTED_EDGE('',*,*,#8537,.F.);
#8583 = ORIENTED_EDGE('',*,*,#8584,.F.);
#8584 = EDGE_CURVE('',#8561,#8521,#8585,.T.);
#8585 = LINE('',#8586,#8587);
#8586 = CARTESIAN_POINT('',(120.65,-17.78,0.));
#8587 = VECTOR('',#8588,1.);
#8588 = DIRECTION('',(1.,0.,0.));
#8589 = ORIENTED_EDGE('',*,*,#8568,.F.);
#8590 = FACE_BOUND('',#8591,.F.);
#8591 = EDGE_LOOP('',(#8592));
#8592 = ORIENTED_EDGE('',*,*,#8593,.F.);
#8593 = EDGE_CURVE('',#8594,#8594,#8596,.T.);
#8594 = VERTEX_POINT('',#8595);
#8595 = CARTESIAN_POINT('',(122.818026,-66.04,0.));
#8596 = CIRCLE('',#8597,0.898026);
#8597 = AXIS2_PLACEMENT_3D('',#8598,#8599,#8600);
#8598 = CARTESIAN_POINT('',(121.92,-66.04,0.));
#8599 = DIRECTION('',(0.,0.,1.));
#8600 = DIRECTION('',(1.,0.,-0.));
#8601 = FACE_BOUND('',#8602,.F.);
#8602 = EDGE_LOOP('',(#8603));
#8603 = ORIENTED_EDGE('',*,*,#8604,.T.);
#8604 = EDGE_CURVE('',#8605,#8605,#8607,.T.);
#8605 = VERTEX_POINT('',#8606);
#8606 = CARTESIAN_POINT('',(125.19,-62.445,0.));
#8607 = CIRCLE('',#8608,0.4);
#8608 = AXIS2_PLACEMENT_3D('',#8609,#8610,#8611);
#8609 = CARTESIAN_POINT('',(125.19,-62.045,0.));
#8610 = DIRECTION('',(-0.,0.,-1.));
#8611 = DIRECTION('',(-0.,-1.,0.));
#8612 = FACE_BOUND('',#8613,.F.);
#8613 = EDGE_LOOP('',(#8614));
#8614 = ORIENTED_EDGE('',*,*,#8615,.T.);
#8615 = EDGE_CURVE('',#8616,#8616,#8618,.T.);
#8616 = VERTEX_POINT('',#8617);
#8617 = CARTESIAN_POINT('',(125.19,-58.895,0.));
#8618 = CIRCLE('',#8619,0.4);
#8619 = AXIS2_PLACEMENT_3D('',#8620,#8621,#8622);
#8620 = CARTESIAN_POINT('',(125.19,-58.495,0.));
#8621 = DIRECTION('',(-0.,0.,-1.));
#8622 = DIRECTION('',(-0.,-1.,0.));
#8623 = FACE_BOUND('',#8624,.F.);
#8624 = EDGE_LOOP('',(#8625));
#8625 = ORIENTED_EDGE('',*,*,#8626,.T.);
#8626 = EDGE_CURVE('',#8627,#8627,#8629,.T.);
#8627 = VERTEX_POINT('',#8628);
#8628 = CARTESIAN_POINT('',(132.81,-62.445,0.));
#8629 = CIRCLE('',#8630,0.4);
#8630 = AXIS2_PLACEMENT_3D('',#8631,#8632,#8633);
#8631 = CARTESIAN_POINT('',(132.81,-62.045,0.));
#8632 = DIRECTION('',(-0.,0.,-1.));
#8633 = DIRECTION('',(-0.,-1.,0.));
#8634 = FACE_BOUND('',#8635,.F.);
#8635 = EDGE_LOOP('',(#8636));
#8636 = ORIENTED_EDGE('',*,*,#8637,.T.);
#8637 = EDGE_CURVE('',#8638,#8638,#8640,.T.);
#8638 = VERTEX_POINT('',#8639);
#8639 = CARTESIAN_POINT('',(141.625,-62.63,0.));
#8640 = CIRCLE('',#8641,0.4);
#8641 = AXIS2_PLACEMENT_3D('',#8642,#8643,#8644);
#8642 = CARTESIAN_POINT('',(141.625,-62.23,0.));
#8643 = DIRECTION('',(-0.,0.,-1.));
#8644 = DIRECTION('',(-0.,-1.,0.));
#8645 = FACE_BOUND('',#8646,.F.);
#8646 = EDGE_LOOP('',(#8647));
#8647 = ORIENTED_EDGE('',*,*,#8648,.T.);
#8648 = EDGE_CURVE('',#8649,#8649,#8651,.T.);
#8649 = VERTEX_POINT('',#8650);
#8650 = CARTESIAN_POINT('',(132.81,-58.895,0.));
#8651 = CIRCLE('',#8652,0.4);
#8652 = AXIS2_PLACEMENT_3D('',#8653,#8654,#8655);
#8653 = CARTESIAN_POINT('',(132.81,-58.495,0.));
#8654 = DIRECTION('',(-0.,0.,-1.));
#8655 = DIRECTION('',(-0.,-1.,0.));
#8656 = FACE_BOUND('',#8657,.F.);
#8657 = EDGE_LOOP('',(#8658));
#8658 = ORIENTED_EDGE('',*,*,#8659,.T.);
#8659 = EDGE_CURVE('',#8660,#8660,#8662,.T.);
#8660 = VERTEX_POINT('',#8661);
#8661 = CARTESIAN_POINT('',(140.97,-58.185,0.));
#8662 = CIRCLE('',#8663,0.4);
#8663 = AXIS2_PLACEMENT_3D('',#8664,#8665,#8666);
#8664 = CARTESIAN_POINT('',(140.97,-57.785,0.));
#8665 = DIRECTION('',(-0.,0.,-1.));
#8666 = DIRECTION('',(-0.,-1.,0.));
#8667 = FACE_BOUND('',#8668,.F.);
#8668 = EDGE_LOOP('',(#8669));
#8669 = ORIENTED_EDGE('',*,*,#8670,.T.);
#8670 = EDGE_CURVE('',#8671,#8671,#8673,.T.);
#8671 = VERTEX_POINT('',#8672);
#8672 = CARTESIAN_POINT('',(129.024888,-51.539888,0.));
#8673 = CIRCLE('',#8674,0.4);
#8674 = AXIS2_PLACEMENT_3D('',#8675,#8676,#8677);
#8675 = CARTESIAN_POINT('',(129.024888,-51.139888,0.));
#8676 = DIRECTION('',(-0.,0.,-1.));
#8677 = DIRECTION('',(-0.,-1.,0.));
#8678 = FACE_BOUND('',#8679,.F.);
#8679 = EDGE_LOOP('',(#8680));
#8680 = ORIENTED_EDGE('',*,*,#8681,.T.);
#8681 = EDGE_CURVE('',#8682,#8682,#8684,.T.);
#8682 = VERTEX_POINT('',#8683);
#8683 = CARTESIAN_POINT('',(131.024888,-51.539888,0.));
#8684 = CIRCLE('',#8685,0.4);
#8685 = AXIS2_PLACEMENT_3D('',#8686,#8687,#8688);
#8686 = CARTESIAN_POINT('',(131.024888,-51.139888,0.));
#8687 = DIRECTION('',(-0.,0.,-1.));
#8688 = DIRECTION('',(-0.,-1.,0.));
#8689 = FACE_BOUND('',#8690,.F.);
#8690 = EDGE_LOOP('',(#8691));
#8691 = ORIENTED_EDGE('',*,*,#8692,.T.);
#8692 = EDGE_CURVE('',#8693,#8693,#8695,.T.);
#8693 = VERTEX_POINT('',#8694);
#8694 = CARTESIAN_POINT('',(129.024888,-44.989888,0.));
#8695 = CIRCLE('',#8696,0.4);
#8696 = AXIS2_PLACEMENT_3D('',#8697,#8698,#8699);
#8697 = CARTESIAN_POINT('',(129.024888,-44.589888,0.));
#8698 = DIRECTION('',(-0.,0.,-1.));
#8699 = DIRECTION('',(-0.,-1.,0.));
#8700 = FACE_BOUND('',#8701,.F.);
#8701 = EDGE_LOOP('',(#8702));
#8702 = ORIENTED_EDGE('',*,*,#8703,.T.);
#8703 = EDGE_CURVE('',#8704,#8704,#8706,.T.);
#8704 = VERTEX_POINT('',#8705);
#8705 = CARTESIAN_POINT('',(131.024888,-44.989888,0.));
#8706 = CIRCLE('',#8707,0.4);
#8707 = AXIS2_PLACEMENT_3D('',#8708,#8709,#8710);
#8708 = CARTESIAN_POINT('',(131.024888,-44.589888,0.));
#8709 = DIRECTION('',(-0.,0.,-1.));
#8710 = DIRECTION('',(-0.,-1.,0.));
#8711 = FACE_BOUND('',#8712,.F.);
#8712 = EDGE_LOOP('',(#8713));
#8713 = ORIENTED_EDGE('',*,*,#8714,.T.);
#8714 = EDGE_CURVE('',#8715,#8715,#8717,.T.);
#8715 = VERTEX_POINT('',#8716);
#8716 = CARTESIAN_POINT('',(139.42,-53.105,0.));
#8717 = CIRCLE('',#8718,0.4);
#8718 = AXIS2_PLACEMENT_3D('',#8719,#8720,#8721);
#8719 = CARTESIAN_POINT('',(139.42,-52.705,0.));
#8720 = DIRECTION('',(-0.,0.,-1.));
#8721 = DIRECTION('',(-7.105427357601E-14,-1.,0.));
#8722 = FACE_BOUND('',#8723,.F.);
#8723 = EDGE_LOOP('',(#8724));
#8724 = ORIENTED_EDGE('',*,*,#8725,.T.);
#8725 = EDGE_CURVE('',#8726,#8726,#8728,.T.);
#8726 = VERTEX_POINT('',#8727);
#8727 = CARTESIAN_POINT('',(139.42,-48.395,0.));
#8728 = CIRCLE('',#8729,0.4);
#8729 = AXIS2_PLACEMENT_3D('',#8730,#8731,#8732);
#8730 = CARTESIAN_POINT('',(139.42,-47.995,0.));
#8731 = DIRECTION('',(-0.,0.,-1.));
#8732 = DIRECTION('',(-7.105427357601E-14,-1.,0.));
#8733 = FACE_BOUND('',#8734,.F.);
#8734 = EDGE_LOOP('',(#8735));
#8735 = ORIENTED_EDGE('',*,*,#8736,.T.);
#8736 = EDGE_CURVE('',#8737,#8737,#8739,.T.);
#8737 = VERTEX_POINT('',#8738);
#8738 = CARTESIAN_POINT('',(144.165,-62.63,0.));
#8739 = CIRCLE('',#8740,0.4);
#8740 = AXIS2_PLACEMENT_3D('',#8741,#8742,#8743);
#8741 = CARTESIAN_POINT('',(144.165,-62.23,0.));
#8742 = DIRECTION('',(-0.,0.,-1.));
#8743 = DIRECTION('',(-0.,-1.,0.));
#8744 = FACE_BOUND('',#8745,.F.);
#8745 = EDGE_LOOP('',(#8746));
#8746 = ORIENTED_EDGE('',*,*,#8747,.T.);
#8747 = EDGE_CURVE('',#8748,#8748,#8750,.T.);
#8748 = VERTEX_POINT('',#8749);
#8749 = CARTESIAN_POINT('',(155.44,-66.205,0.));
#8750 = CIRCLE('',#8751,0.4);
#8751 = AXIS2_PLACEMENT_3D('',#8752,#8753,#8754);
#8752 = CARTESIAN_POINT('',(155.44,-65.805,0.));
#8753 = DIRECTION('',(-0.,0.,-1.));
#8754 = DIRECTION('',(-0.,-1.,0.));
#8755 = FACE_BOUND('',#8756,.F.);
#8756 = EDGE_LOOP('',(#8757));
#8757 = ORIENTED_EDGE('',*,*,#8758,.T.);
#8758 = EDGE_CURVE('',#8759,#8759,#8761,.T.);
#8759 = VERTEX_POINT('',#8760);
#8760 = CARTESIAN_POINT('',(155.44,-58.585,0.));
#8761 = CIRCLE('',#8762,0.4);
#8762 = AXIS2_PLACEMENT_3D('',#8763,#8764,#8765);
#8763 = CARTESIAN_POINT('',(155.44,-58.185,0.));
#8764 = DIRECTION('',(-0.,0.,-1.));
#8765 = DIRECTION('',(-0.,-1.,0.));
#8766 = FACE_BOUND('',#8767,.F.);
#8767 = EDGE_LOOP('',(#8768));
#8768 = ORIENTED_EDGE('',*,*,#8769,.T.);
#8769 = EDGE_CURVE('',#8770,#8770,#8772,.T.);
#8770 = VERTEX_POINT('',#8771);
#8771 = CARTESIAN_POINT('',(151.13,-58.185,0.));
#8772 = CIRCLE('',#8773,0.4);
#8773 = AXIS2_PLACEMENT_3D('',#8774,#8775,#8776);
#8774 = CARTESIAN_POINT('',(151.13,-57.785,0.));
#8775 = DIRECTION('',(-0.,0.,-1.));
#8776 = DIRECTION('',(-0.,-1.,0.));
#8777 = FACE_BOUND('',#8778,.F.);
#8778 = EDGE_LOOP('',(#8779));
#8779 = ORIENTED_EDGE('',*,*,#8780,.T.);
#8780 = EDGE_CURVE('',#8781,#8781,#8783,.T.);
#8781 = VERTEX_POINT('',#8782);
#8782 = CARTESIAN_POINT('',(157.98,-66.205,0.));
#8783 = CIRCLE('',#8784,0.4);
#8784 = AXIS2_PLACEMENT_3D('',#8785,#8786,#8787);
#8785 = CARTESIAN_POINT('',(157.98,-65.805,0.));
#8786 = DIRECTION('',(-0.,0.,-1.));
#8787 = DIRECTION('',(-7.105427357601E-14,-1.,0.));
#8788 = FACE_BOUND('',#8789,.F.);
#8789 = EDGE_LOOP('',(#8790));
#8790 = ORIENTED_EDGE('',*,*,#8791,.T.);
#8791 = EDGE_CURVE('',#8792,#8792,#8794,.T.);
#8792 = VERTEX_POINT('',#8793);
#8793 = CARTESIAN_POINT('',(160.52,-66.205,0.));
#8794 = CIRCLE('',#8795,0.4);
#8795 = AXIS2_PLACEMENT_3D('',#8796,#8797,#8798);
#8796 = CARTESIAN_POINT('',(160.52,-65.805,0.));
#8797 = DIRECTION('',(-0.,0.,-1.));
#8798 = DIRECTION('',(7.105427357601E-14,-1.,-0.));
#8799 = FACE_BOUND('',#8800,.F.);
#8800 = EDGE_LOOP('',(#8801));
#8801 = ORIENTED_EDGE('',*,*,#8802,.T.);
#8802 = EDGE_CURVE('',#8803,#8803,#8805,.T.);
#8803 = VERTEX_POINT('',#8804);
#8804 = CARTESIAN_POINT('',(163.06,-66.205,0.));
#8805 = CIRCLE('',#8806,0.4);
#8806 = AXIS2_PLACEMENT_3D('',#8807,#8808,#8809);
#8807 = CARTESIAN_POINT('',(163.06,-65.805,0.));
#8808 = DIRECTION('',(-0.,0.,-1.));
#8809 = DIRECTION('',(-0.,-1.,0.));
#8810 = FACE_BOUND('',#8811,.F.);
#8811 = EDGE_LOOP('',(#8812));
#8812 = ORIENTED_EDGE('',*,*,#8813,.F.);
#8813 = EDGE_CURVE('',#8814,#8814,#8816,.T.);
#8814 = VERTEX_POINT('',#8815);
#8815 = CARTESIAN_POINT('',(167.268026,-66.04,0.));
#8816 = CIRCLE('',#8817,0.898026);
#8817 = AXIS2_PLACEMENT_3D('',#8818,#8819,#8820);
#8818 = CARTESIAN_POINT('',(166.37,-66.04,0.));
#8819 = DIRECTION('',(0.,0.,1.));
#8820 = DIRECTION('',(1.,0.,-0.));
#8821 = FACE_BOUND('',#8822,.F.);
#8822 = EDGE_LOOP('',(#8823));
#8823 = ORIENTED_EDGE('',*,*,#8824,.T.);
#8824 = EDGE_CURVE('',#8825,#8825,#8827,.T.);
#8825 = VERTEX_POINT('',#8826);
#8826 = CARTESIAN_POINT('',(157.98,-58.585,0.));
#8827 = CIRCLE('',#8828,0.4);
#8828 = AXIS2_PLACEMENT_3D('',#8829,#8830,#8831);
#8829 = CARTESIAN_POINT('',(157.98,-58.185,0.));
#8830 = DIRECTION('',(-0.,0.,-1.));
#8831 = DIRECTION('',(-7.105427357601E-14,-1.,0.));
#8832 = FACE_BOUND('',#8833,.F.);
#8833 = EDGE_LOOP('',(#8834));
#8834 = ORIENTED_EDGE('',*,*,#8835,.T.);
#8835 = EDGE_CURVE('',#8836,#8836,#8838,.T.);
#8836 = VERTEX_POINT('',#8837);
#8837 = CARTESIAN_POINT('',(160.52,-58.585,0.));
#8838 = CIRCLE('',#8839,0.4);
#8839 = AXIS2_PLACEMENT_3D('',#8840,#8841,#8842);
#8840 = CARTESIAN_POINT('',(160.52,-58.185,0.));
#8841 = DIRECTION('',(-0.,0.,-1.));
#8842 = DIRECTION('',(7.105427357601E-14,-1.,-0.));
#8843 = FACE_BOUND('',#8844,.F.);
#8844 = EDGE_LOOP('',(#8845));
#8845 = ORIENTED_EDGE('',*,*,#8846,.T.);
#8846 = EDGE_CURVE('',#8847,#8847,#8849,.T.);
#8847 = VERTEX_POINT('',#8848);
#8848 = CARTESIAN_POINT('',(163.06,-58.585,0.));
#8849 = CIRCLE('',#8850,0.4);
#8850 = AXIS2_PLACEMENT_3D('',#8851,#8852,#8853);
#8851 = CARTESIAN_POINT('',(163.06,-58.185,0.));
#8852 = DIRECTION('',(-0.,0.,-1.));
#8853 = DIRECTION('',(-0.,-1.,0.));
#8854 = FACE_BOUND('',#8855,.F.);
#8855 = EDGE_LOOP('',(#8856));
#8856 = ORIENTED_EDGE('',*,*,#8857,.T.);
#8857 = EDGE_CURVE('',#8858,#8858,#8860,.T.);
#8858 = VERTEX_POINT('',#8859);
#8859 = CARTESIAN_POINT('',(149.58,-53.105,0.));
#8860 = CIRCLE('',#8861,0.4);
#8861 = AXIS2_PLACEMENT_3D('',#8862,#8863,#8864);
#8862 = CARTESIAN_POINT('',(149.58,-52.705,0.));
#8863 = DIRECTION('',(-0.,0.,-1.));
#8864 = DIRECTION('',(7.105427357601E-14,-1.,-0.));
#8865 = FACE_BOUND('',#8866,.F.);
#8866 = EDGE_LOOP('',(#8867));
#8867 = ORIENTED_EDGE('',*,*,#8868,.T.);
#8868 = EDGE_CURVE('',#8869,#8869,#8871,.T.);
#8869 = VERTEX_POINT('',#8870);
#8870 = CARTESIAN_POINT('',(149.58,-48.395,0.));
#8871 = CIRCLE('',#8872,0.4);
#8872 = AXIS2_PLACEMENT_3D('',#8873,#8874,#8875);
#8873 = CARTESIAN_POINT('',(149.58,-47.995,0.));
#8874 = DIRECTION('',(-0.,0.,-1.));
#8875 = DIRECTION('',(7.105427357601E-14,-1.,-0.));
#8876 = FACE_BOUND('',#8877,.F.);
#8877 = EDGE_LOOP('',(#8878));
#8878 = ORIENTED_EDGE('',*,*,#8879,.T.);
#8879 = EDGE_CURVE('',#8880,#8880,#8882,.T.);
#8880 = VERTEX_POINT('',#8881);
#8881 = CARTESIAN_POINT('',(161.,-52.895,0.));
#8882 = CIRCLE('',#8883,0.4);
#8883 = AXIS2_PLACEMENT_3D('',#8884,#8885,#8886);
#8884 = CARTESIAN_POINT('',(161.,-52.495,0.));
#8885 = DIRECTION('',(-0.,0.,-1.));
#8886 = DIRECTION('',(-0.,-1.,0.));
#8887 = FACE_BOUND('',#8888,.F.);
#8888 = EDGE_LOOP('',(#8889));
#8889 = ORIENTED_EDGE('',*,*,#8890,.T.);
#8890 = EDGE_CURVE('',#8891,#8891,#8893,.T.);
#8891 = VERTEX_POINT('',#8892);
#8892 = CARTESIAN_POINT('',(163.5,-52.895,0.));
#8893 = CIRCLE('',#8894,0.4);
#8894 = AXIS2_PLACEMENT_3D('',#8895,#8896,#8897);
#8895 = CARTESIAN_POINT('',(163.5,-52.495,0.));
#8896 = DIRECTION('',(-0.,0.,-1.));
#8897 = DIRECTION('',(-0.,-1.,0.));
#8898 = FACE_BOUND('',#8899,.F.);
#8899 = EDGE_LOOP('',(#8900));
#8900 = ORIENTED_EDGE('',*,*,#8901,.T.);
#8901 = EDGE_CURVE('',#8902,#8902,#8904,.T.);
#8902 = VERTEX_POINT('',#8903);
#8903 = CARTESIAN_POINT('',(161.,-46.895,0.));
#8904 = CIRCLE('',#8905,0.4);
#8905 = AXIS2_PLACEMENT_3D('',#8906,#8907,#8908);
#8906 = CARTESIAN_POINT('',(161.,-46.495,0.));
#8907 = DIRECTION('',(-0.,0.,-1.));
#8908 = DIRECTION('',(-0.,-1.,0.));
#8909 = FACE_BOUND('',#8910,.F.);
#8910 = EDGE_LOOP('',(#8911));
#8911 = ORIENTED_EDGE('',*,*,#8912,.T.);
#8912 = EDGE_CURVE('',#8913,#8913,#8915,.T.);
#8913 = VERTEX_POINT('',#8914);
#8914 = CARTESIAN_POINT('',(163.5,-46.895,0.));
#8915 = CIRCLE('',#8916,0.4);
#8916 = AXIS2_PLACEMENT_3D('',#8917,#8918,#8919);
#8917 = CARTESIAN_POINT('',(163.5,-46.495,0.));
#8918 = DIRECTION('',(-0.,0.,-1.));
#8919 = DIRECTION('',(-0.,-1.,0.));
#8920 = FACE_BOUND('',#8921,.F.);
#8921 = EDGE_LOOP('',(#8922));
#8922 = ORIENTED_EDGE('',*,*,#8923,.T.);
#8923 = EDGE_CURVE('',#8924,#8924,#8926,.T.);
#8924 = VERTEX_POINT('',#8925);
#8925 = CARTESIAN_POINT('',(125.095,-42.925,0.));
#8926 = CIRCLE('',#8927,0.4);
#8927 = AXIS2_PLACEMENT_3D('',#8928,#8929,#8930);
#8928 = CARTESIAN_POINT('',(125.095,-42.525,0.));
#8929 = DIRECTION('',(-0.,0.,-1.));
#8930 = DIRECTION('',(-0.,-1.,0.));
#8931 = FACE_BOUND('',#8932,.F.);
#8932 = EDGE_LOOP('',(#8933));
#8933 = ORIENTED_EDGE('',*,*,#8934,.T.);
#8934 = EDGE_CURVE('',#8935,#8935,#8937,.T.);
#8935 = VERTEX_POINT('',#8936);
#8936 = CARTESIAN_POINT('',(125.095,-40.385,0.));
#8937 = CIRCLE('',#8938,0.4);
#8938 = AXIS2_PLACEMENT_3D('',#8939,#8940,#8941);
#8939 = CARTESIAN_POINT('',(125.095,-39.985,0.));
#8940 = DIRECTION('',(-0.,0.,-1.));
#8941 = DIRECTION('',(-0.,-1.,0.));
#8942 = FACE_BOUND('',#8943,.F.);
#8943 = EDGE_LOOP('',(#8944));
#8944 = ORIENTED_EDGE('',*,*,#8945,.T.);
#8945 = EDGE_CURVE('',#8946,#8946,#8948,.T.);
#8946 = VERTEX_POINT('',#8947);
#8947 = CARTESIAN_POINT('',(129.024888,-38.439888,0.));
#8948 = CIRCLE('',#8949,0.4);
#8949 = AXIS2_PLACEMENT_3D('',#8950,#8951,#8952);
#8950 = CARTESIAN_POINT('',(129.024888,-38.039888,0.));
#8951 = DIRECTION('',(-0.,0.,-1.));
#8952 = DIRECTION('',(-0.,-1.,0.));
#8953 = FACE_BOUND('',#8954,.F.);
#8954 = EDGE_LOOP('',(#8955));
#8955 = ORIENTED_EDGE('',*,*,#8956,.T.);
#8956 = EDGE_CURVE('',#8957,#8957,#8959,.T.);
#8957 = VERTEX_POINT('',#8958);
#8958 = CARTESIAN_POINT('',(131.024888,-38.439888,0.));
#8959 = CIRCLE('',#8960,0.4);
#8960 = AXIS2_PLACEMENT_3D('',#8961,#8962,#8963);
#8961 = CARTESIAN_POINT('',(131.024888,-38.039888,0.));
#8962 = DIRECTION('',(-0.,0.,-1.));
#8963 = DIRECTION('',(-0.,-1.,0.));
#8964 = FACE_BOUND('',#8965,.F.);
#8965 = EDGE_LOOP('',(#8966));
#8966 = ORIENTED_EDGE('',*,*,#8967,.T.);
#8967 = EDGE_CURVE('',#8968,#8968,#8970,.T.);
#8968 = VERTEX_POINT('',#8969);
#8969 = CARTESIAN_POINT('',(127.83,-31.495,0.));
#8970 = CIRCLE('',#8971,0.5);
#8971 = AXIS2_PLACEMENT_3D('',#8972,#8973,#8974);
#8972 = CARTESIAN_POINT('',(127.83,-30.995,0.));
#8973 = DIRECTION('',(-0.,0.,-1.));
#8974 = DIRECTION('',(-2.84217094304E-14,-1.,0.));
#8975 = FACE_BOUND('',#8976,.F.);
#8976 = EDGE_LOOP('',(#8977));
#8977 = ORIENTED_EDGE('',*,*,#8978,.T.);
#8978 = EDGE_CURVE('',#8979,#8979,#8981,.T.);
#8979 = VERTEX_POINT('',#8980);
#8980 = CARTESIAN_POINT('',(130.33,-31.495,0.));
#8981 = CIRCLE('',#8982,0.5);
#8982 = AXIS2_PLACEMENT_3D('',#8983,#8984,#8985);
#8983 = CARTESIAN_POINT('',(130.33,-30.995,0.));
#8984 = DIRECTION('',(-0.,0.,-1.));
#8985 = DIRECTION('',(-0.,-1.,0.));
#8986 = FACE_BOUND('',#8987,.F.);
#8987 = EDGE_LOOP('',(#8988));
#8988 = ORIENTED_EDGE('',*,*,#8989,.T.);
#8989 = EDGE_CURVE('',#8990,#8990,#8992,.T.);
#8990 = VERTEX_POINT('',#8991);
#8991 = CARTESIAN_POINT('',(139.42,-41.895,0.));
#8992 = CIRCLE('',#8993,0.4);
#8993 = AXIS2_PLACEMENT_3D('',#8994,#8995,#8996);
#8994 = CARTESIAN_POINT('',(139.42,-41.495,0.));
#8995 = DIRECTION('',(-0.,0.,-1.));
#8996 = DIRECTION('',(-7.105427357601E-14,-1.,0.));
#8997 = FACE_BOUND('',#8998,.F.);
#8998 = EDGE_LOOP('',(#8999));
#8999 = ORIENTED_EDGE('',*,*,#9000,.T.);
#9000 = EDGE_CURVE('',#9001,#9001,#9003,.T.);
#9001 = VERTEX_POINT('',#9002);
#9002 = CARTESIAN_POINT('',(132.83,-31.495,0.));
#9003 = CIRCLE('',#9004,0.5);
#9004 = AXIS2_PLACEMENT_3D('',#9005,#9006,#9007);
#9005 = CARTESIAN_POINT('',(132.83,-30.995,0.));
#9006 = DIRECTION('',(-0.,0.,-1.));
#9007 = DIRECTION('',(-0.,-1.,0.));
#9008 = FACE_BOUND('',#9009,.F.);
#9009 = EDGE_LOOP('',(#9010));
#9010 = ORIENTED_EDGE('',*,*,#9011,.T.);
#9011 = EDGE_CURVE('',#9012,#9012,#9014,.T.);
#9012 = VERTEX_POINT('',#9013);
#9013 = CARTESIAN_POINT('',(139.42,-35.895,0.));
#9014 = CIRCLE('',#9015,0.4);
#9015 = AXIS2_PLACEMENT_3D('',#9016,#9017,#9018);
#9016 = CARTESIAN_POINT('',(139.42,-35.495,0.));
#9017 = DIRECTION('',(-0.,0.,-1.));
#9018 = DIRECTION('',(-7.105427357601E-14,-1.,0.));
#9019 = FACE_BOUND('',#9020,.F.);
#9020 = EDGE_LOOP('',(#9021));
#9021 = ORIENTED_EDGE('',*,*,#9022,.T.);
#9022 = EDGE_CURVE('',#9023,#9023,#9025,.T.);
#9023 = VERTEX_POINT('',#9024);
#9024 = CARTESIAN_POINT('',(141.7,-31.495,0.));
#9025 = CIRCLE('',#9026,0.5);
#9026 = AXIS2_PLACEMENT_3D('',#9027,#9028,#9029);
#9027 = CARTESIAN_POINT('',(141.7,-30.995,0.));
#9028 = DIRECTION('',(-0.,0.,-1.));
#9029 = DIRECTION('',(-0.,-1.,0.));
#9030 = FACE_BOUND('',#9031,.F.);
#9031 = EDGE_LOOP('',(#9032,#9043,#9051,#9060));
#9032 = ORIENTED_EDGE('',*,*,#9033,.T.);
#9033 = EDGE_CURVE('',#9034,#9036,#9038,.T.);
#9034 = VERTEX_POINT('',#9035);
#9035 = CARTESIAN_POINT('',(124.98,-23.145,0.));
#9036 = VERTEX_POINT('',#9037);
#9037 = CARTESIAN_POINT('',(126.08,-23.145,0.));
#9038 = CIRCLE('',#9039,0.55);
#9039 = AXIS2_PLACEMENT_3D('',#9040,#9041,#9042);
#9040 = CARTESIAN_POINT('',(125.53,-23.145,0.));
#9041 = DIRECTION('',(0.,-0.,-1.));
#9042 = DIRECTION('',(1.,6.459479416001E-15,-0.));
#9043 = ORIENTED_EDGE('',*,*,#9044,.T.);
#9044 = EDGE_CURVE('',#9036,#9045,#9047,.T.);
#9045 = VERTEX_POINT('',#9046);
#9046 = CARTESIAN_POINT('',(126.08,-23.845,0.));
#9047 = LINE('',#9048,#9049);
#9048 = CARTESIAN_POINT('',(126.08,-11.9225,0.));
#9049 = VECTOR('',#9050,1.);
#9050 = DIRECTION('',(0.,-1.,0.));
#9051 = ORIENTED_EDGE('',*,*,#9052,.T.);
#9052 = EDGE_CURVE('',#9045,#9053,#9055,.T.);
#9053 = VERTEX_POINT('',#9054);
#9054 = CARTESIAN_POINT('',(124.98,-23.845,0.));
#9055 = CIRCLE('',#9056,0.55);
#9056 = AXIS2_PLACEMENT_3D('',#9057,#9058,#9059);
#9057 = CARTESIAN_POINT('',(125.53,-23.845,0.));
#9058 = DIRECTION('',(-0.,0.,-1.));
#9059 = DIRECTION('',(-1.,-1.2918958832E-14,0.));
#9060 = ORIENTED_EDGE('',*,*,#9061,.T.);
#9061 = EDGE_CURVE('',#9053,#9034,#9062,.T.);
#9062 = LINE('',#9063,#9064);
#9063 = CARTESIAN_POINT('',(124.98,-11.5725,0.));
#9064 = VECTOR('',#9065,1.);
#9065 = DIRECTION('',(-0.,1.,0.));
#9066 = FACE_BOUND('',#9067,.F.);
#9067 = EDGE_LOOP('',(#9068));
#9068 = ORIENTED_EDGE('',*,*,#9069,.F.);
#9069 = EDGE_CURVE('',#9070,#9070,#9072,.T.);
#9070 = VERTEX_POINT('',#9071);
#9071 = CARTESIAN_POINT('',(122.818026,-19.05,0.));
#9072 = CIRCLE('',#9073,0.898026);
#9073 = AXIS2_PLACEMENT_3D('',#9074,#9075,#9076);
#9074 = CARTESIAN_POINT('',(121.92,-19.05,0.));
#9075 = DIRECTION('',(0.,0.,1.));
#9076 = DIRECTION('',(1.,0.,-0.));
#9077 = FACE_BOUND('',#9078,.F.);
#9078 = EDGE_LOOP('',(#9079,#9090,#9098,#9107));
#9079 = ORIENTED_EDGE('',*,*,#9080,.T.);
#9080 = EDGE_CURVE('',#9081,#9083,#9085,.T.);
#9081 = VERTEX_POINT('',#9082);
#9082 = CARTESIAN_POINT('',(134.58,-23.145,0.));
#9083 = VERTEX_POINT('',#9084);
#9084 = CARTESIAN_POINT('',(135.68,-23.145,0.));
#9085 = CIRCLE('',#9086,0.55);
#9086 = AXIS2_PLACEMENT_3D('',#9087,#9088,#9089);
#9087 = CARTESIAN_POINT('',(135.13,-23.145,0.));
#9088 = DIRECTION('',(0.,-0.,-1.));
#9089 = DIRECTION('',(1.,-2.5837917664E-14,0.));
#9090 = ORIENTED_EDGE('',*,*,#9091,.T.);
#9091 = EDGE_CURVE('',#9083,#9092,#9094,.T.);
#9092 = VERTEX_POINT('',#9093);
#9093 = CARTESIAN_POINT('',(135.68,-23.845,0.));
#9094 = LINE('',#9095,#9096);
#9095 = CARTESIAN_POINT('',(135.68,-11.9225,0.));
#9096 = VECTOR('',#9097,1.);
#9097 = DIRECTION('',(0.,-1.,0.));
#9098 = ORIENTED_EDGE('',*,*,#9099,.T.);
#9099 = EDGE_CURVE('',#9092,#9100,#9102,.T.);
#9100 = VERTEX_POINT('',#9101);
#9101 = CARTESIAN_POINT('',(134.58,-23.845,0.));
#9102 = CIRCLE('',#9103,0.55);
#9103 = AXIS2_PLACEMENT_3D('',#9104,#9105,#9106);
#9104 = CARTESIAN_POINT('',(135.13,-23.845,0.));
#9105 = DIRECTION('',(-0.,0.,-1.));
#9106 = DIRECTION('',(-1.,1.2918958832E-14,0.));
#9107 = ORIENTED_EDGE('',*,*,#9108,.T.);
#9108 = EDGE_CURVE('',#9100,#9081,#9109,.T.);
#9109 = LINE('',#9110,#9111);
#9110 = CARTESIAN_POINT('',(134.58,-11.5725,0.));
#9111 = VECTOR('',#9112,1.);
#9112 = DIRECTION('',(-0.,1.,0.));
#9113 = FACE_BOUND('',#9114,.F.);
#9114 = EDGE_LOOP('',(#9115,#9126,#9134,#9143));
#9115 = ORIENTED_EDGE('',*,*,#9116,.T.);
#9116 = EDGE_CURVE('',#9117,#9119,#9121,.T.);
#9117 = VERTEX_POINT('',#9118);
#9118 = CARTESIAN_POINT('',(138.85,-23.145,0.));
#9119 = VERTEX_POINT('',#9120);
#9120 = CARTESIAN_POINT('',(139.95,-23.145,0.));
#9121 = CIRCLE('',#9122,0.55);
#9122 = AXIS2_PLACEMENT_3D('',#9123,#9124,#9125);
#9123 = CARTESIAN_POINT('',(139.4,-23.145,0.));
#9124 = DIRECTION('',(0.,-0.,-1.));
#9125 = DIRECTION('',(1.,6.459479416001E-15,-0.));
#9126 = ORIENTED_EDGE('',*,*,#9127,.T.);
#9127 = EDGE_CURVE('',#9119,#9128,#9130,.T.);
#9128 = VERTEX_POINT('',#9129);
#9129 = CARTESIAN_POINT('',(139.95,-23.845,0.));
#9130 = LINE('',#9131,#9132);
#9131 = CARTESIAN_POINT('',(139.95,-11.9225,0.));
#9132 = VECTOR('',#9133,1.);
#9133 = DIRECTION('',(0.,-1.,0.));
#9134 = ORIENTED_EDGE('',*,*,#9135,.T.);
#9135 = EDGE_CURVE('',#9128,#9136,#9138,.T.);
#9136 = VERTEX_POINT('',#9137);
#9137 = CARTESIAN_POINT('',(138.85,-23.845,0.));
#9138 = CIRCLE('',#9139,0.55);
#9139 = AXIS2_PLACEMENT_3D('',#9140,#9141,#9142);
#9140 = CARTESIAN_POINT('',(139.4,-23.845,0.));
#9141 = DIRECTION('',(-0.,0.,-1.));
#9142 = DIRECTION('',(-1.,-6.459479416001E-15,0.));
#9143 = ORIENTED_EDGE('',*,*,#9144,.T.);
#9144 = EDGE_CURVE('',#9136,#9117,#9145,.T.);
#9145 = LINE('',#9146,#9147);
#9146 = CARTESIAN_POINT('',(138.85,-11.5725,0.));
#9147 = VECTOR('',#9148,1.);
#9148 = DIRECTION('',(-0.,1.,0.));
#9149 = FACE_BOUND('',#9150,.F.);
#9150 = EDGE_LOOP('',(#9151));
#9151 = ORIENTED_EDGE('',*,*,#9152,.T.);
#9152 = EDGE_CURVE('',#9153,#9153,#9155,.T.);
#9153 = VERTEX_POINT('',#9154);
#9154 = CARTESIAN_POINT('',(149.58,-41.895,0.));
#9155 = CIRCLE('',#9156,0.4);
#9156 = AXIS2_PLACEMENT_3D('',#9157,#9158,#9159);
#9157 = CARTESIAN_POINT('',(149.58,-41.495,0.));
#9158 = DIRECTION('',(-0.,0.,-1.));
#9159 = DIRECTION('',(7.105427357601E-14,-1.,-0.));
#9160 = FACE_BOUND('',#9161,.F.);
#9161 = EDGE_LOOP('',(#9162));
#9162 = ORIENTED_EDGE('',*,*,#9163,.T.);
#9163 = EDGE_CURVE('',#9164,#9164,#9166,.T.);
#9164 = VERTEX_POINT('',#9165);
#9165 = CARTESIAN_POINT('',(149.58,-35.895,0.));
#9166 = CIRCLE('',#9167,0.4);
#9167 = AXIS2_PLACEMENT_3D('',#9168,#9169,#9170);
#9168 = CARTESIAN_POINT('',(149.58,-35.495,0.));
#9169 = DIRECTION('',(-0.,0.,-1.));
#9170 = DIRECTION('',(7.105427357601E-14,-1.,-0.));
#9171 = FACE_BOUND('',#9172,.F.);
#9172 = EDGE_LOOP('',(#9173));
#9173 = ORIENTED_EDGE('',*,*,#9174,.T.);
#9174 = EDGE_CURVE('',#9175,#9175,#9177,.T.);
#9175 = VERTEX_POINT('',#9176);
#9176 = CARTESIAN_POINT('',(144.2,-31.495,0.));
#9177 = CIRCLE('',#9178,0.5);
#9178 = AXIS2_PLACEMENT_3D('',#9179,#9180,#9181);
#9179 = CARTESIAN_POINT('',(144.2,-30.995,0.));
#9180 = DIRECTION('',(-0.,0.,-1.));
#9181 = DIRECTION('',(-0.,-1.,0.));
#9182 = FACE_BOUND('',#9183,.F.);
#9183 = EDGE_LOOP('',(#9184));
#9184 = ORIENTED_EDGE('',*,*,#9185,.T.);
#9185 = EDGE_CURVE('',#9186,#9186,#9188,.T.);
#9186 = VERTEX_POINT('',#9187);
#9187 = CARTESIAN_POINT('',(146.7,-31.495,0.));
#9188 = CIRCLE('',#9189,0.5);
#9189 = AXIS2_PLACEMENT_3D('',#9190,#9191,#9192);
#9190 = CARTESIAN_POINT('',(146.7,-30.995,0.));
#9191 = DIRECTION('',(-0.,0.,-1.));
#9192 = DIRECTION('',(-0.,-1.,0.));
#9193 = FACE_BOUND('',#9194,.F.);
#9194 = EDGE_LOOP('',(#9195));
#9195 = ORIENTED_EDGE('',*,*,#9196,.T.);
#9196 = EDGE_CURVE('',#9197,#9197,#9199,.T.);
#9197 = VERTEX_POINT('',#9198);
#9198 = CARTESIAN_POINT('',(155.57,-31.495,0.));
#9199 = CIRCLE('',#9200,0.5);
#9200 = AXIS2_PLACEMENT_3D('',#9201,#9202,#9203);
#9201 = CARTESIAN_POINT('',(155.57,-30.995,0.));
#9202 = DIRECTION('',(-0.,0.,-1.));
#9203 = DIRECTION('',(-0.,-1.,0.));
#9204 = FACE_BOUND('',#9205,.F.);
#9205 = EDGE_LOOP('',(#9206));
#9206 = ORIENTED_EDGE('',*,*,#9207,.T.);
#9207 = EDGE_CURVE('',#9208,#9208,#9210,.T.);
#9208 = VERTEX_POINT('',#9209);
#9209 = CARTESIAN_POINT('',(158.115,-42.925,0.));
#9210 = CIRCLE('',#9211,0.4);
#9211 = AXIS2_PLACEMENT_3D('',#9212,#9213,#9214);
#9212 = CARTESIAN_POINT('',(158.115,-42.525,0.));
#9213 = DIRECTION('',(-0.,0.,-1.));
#9214 = DIRECTION('',(-0.,-1.,0.));
#9215 = FACE_BOUND('',#9216,.F.);
#9216 = EDGE_LOOP('',(#9217));
#9217 = ORIENTED_EDGE('',*,*,#9218,.T.);
#9218 = EDGE_CURVE('',#9219,#9219,#9221,.T.);
#9219 = VERTEX_POINT('',#9220);
#9220 = CARTESIAN_POINT('',(158.115,-40.385,0.));
#9221 = CIRCLE('',#9222,0.4);
#9222 = AXIS2_PLACEMENT_3D('',#9223,#9224,#9225);
#9223 = CARTESIAN_POINT('',(158.115,-39.985,0.));
#9224 = DIRECTION('',(-0.,0.,-1.));
#9225 = DIRECTION('',(-0.,-1.,0.));
#9226 = FACE_BOUND('',#9227,.F.);
#9227 = EDGE_LOOP('',(#9228));
#9228 = ORIENTED_EDGE('',*,*,#9229,.T.);
#9229 = EDGE_CURVE('',#9230,#9230,#9232,.T.);
#9230 = VERTEX_POINT('',#9231);
#9231 = CARTESIAN_POINT('',(161.,-40.895,0.));
#9232 = CIRCLE('',#9233,0.4);
#9233 = AXIS2_PLACEMENT_3D('',#9234,#9235,#9236);
#9234 = CARTESIAN_POINT('',(161.,-40.495,0.));
#9235 = DIRECTION('',(-0.,0.,-1.));
#9236 = DIRECTION('',(-0.,-1.,0.));
#9237 = FACE_BOUND('',#9238,.F.);
#9238 = EDGE_LOOP('',(#9239));
#9239 = ORIENTED_EDGE('',*,*,#9240,.T.);
#9240 = EDGE_CURVE('',#9241,#9241,#9243,.T.);
#9241 = VERTEX_POINT('',#9242);
#9242 = CARTESIAN_POINT('',(163.5,-40.895,0.));
#9243 = CIRCLE('',#9244,0.4);
#9244 = AXIS2_PLACEMENT_3D('',#9245,#9246,#9247);
#9245 = CARTESIAN_POINT('',(163.5,-40.495,0.));
#9246 = DIRECTION('',(-0.,0.,-1.));
#9247 = DIRECTION('',(-0.,-1.,0.));
#9248 = FACE_BOUND('',#9249,.F.);
#9249 = EDGE_LOOP('',(#9250));
#9250 = ORIENTED_EDGE('',*,*,#9251,.T.);
#9251 = EDGE_CURVE('',#9252,#9252,#9254,.T.);
#9252 = VERTEX_POINT('',#9253);
#9253 = CARTESIAN_POINT('',(161.,-35.395,0.));
#9254 = CIRCLE('',#9255,0.4);
#9255 = AXIS2_PLACEMENT_3D('',#9256,#9257,#9258);
#9256 = CARTESIAN_POINT('',(161.,-34.995,0.));
#9257 = DIRECTION('',(-0.,0.,-1.));
#9258 = DIRECTION('',(-0.,-1.,0.));
#9259 = FACE_BOUND('',#9260,.F.);
#9260 = EDGE_LOOP('',(#9261));
#9261 = ORIENTED_EDGE('',*,*,#9262,.T.);
#9262 = EDGE_CURVE('',#9263,#9263,#9265,.T.);
#9263 = VERTEX_POINT('',#9264);
#9264 = CARTESIAN_POINT('',(158.07,-31.495,0.));
#9265 = CIRCLE('',#9266,0.5);
#9266 = AXIS2_PLACEMENT_3D('',#9267,#9268,#9269);
#9267 = CARTESIAN_POINT('',(158.07,-30.995,0.));
#9268 = DIRECTION('',(-0.,0.,-1.));
#9269 = DIRECTION('',(-0.,-1.,0.));
#9270 = FACE_BOUND('',#9271,.F.);
#9271 = EDGE_LOOP('',(#9272));
#9272 = ORIENTED_EDGE('',*,*,#9273,.T.);
#9273 = EDGE_CURVE('',#9274,#9274,#9276,.T.);
#9274 = VERTEX_POINT('',#9275);
#9275 = CARTESIAN_POINT('',(160.57,-31.495,0.));
#9276 = CIRCLE('',#9277,0.5);
#9277 = AXIS2_PLACEMENT_3D('',#9278,#9279,#9280);
#9278 = CARTESIAN_POINT('',(160.57,-30.995,0.));
#9279 = DIRECTION('',(-0.,0.,-1.));
#9280 = DIRECTION('',(-0.,-1.,0.));
#9281 = FACE_BOUND('',#9282,.F.);
#9282 = EDGE_LOOP('',(#9283));
#9283 = ORIENTED_EDGE('',*,*,#9284,.T.);
#9284 = EDGE_CURVE('',#9285,#9285,#9287,.T.);
#9285 = VERTEX_POINT('',#9286);
#9286 = CARTESIAN_POINT('',(163.5,-35.395,0.));
#9287 = CIRCLE('',#9288,0.4);
#9288 = AXIS2_PLACEMENT_3D('',#9289,#9290,#9291);
#9289 = CARTESIAN_POINT('',(163.5,-34.995,0.));
#9290 = DIRECTION('',(-0.,0.,-1.));
#9291 = DIRECTION('',(-0.,-1.,0.));
#9292 = FACE_BOUND('',#9293,.F.);
#9293 = EDGE_LOOP('',(#9294,#9305,#9313,#9322));
#9294 = ORIENTED_EDGE('',*,*,#9295,.T.);
#9295 = EDGE_CURVE('',#9296,#9298,#9300,.T.);
#9296 = VERTEX_POINT('',#9297);
#9297 = CARTESIAN_POINT('',(148.45,-23.145,0.));
#9298 = VERTEX_POINT('',#9299);
#9299 = CARTESIAN_POINT('',(149.55,-23.145,0.));
#9300 = CIRCLE('',#9301,0.55);
#9301 = AXIS2_PLACEMENT_3D('',#9302,#9303,#9304);
#9302 = CARTESIAN_POINT('',(149.,-23.145,0.));
#9303 = DIRECTION('',(0.,-0.,-1.));
#9304 = DIRECTION('',(1.,1.2918958832E-14,-0.));
#9305 = ORIENTED_EDGE('',*,*,#9306,.T.);
#9306 = EDGE_CURVE('',#9298,#9307,#9309,.T.);
#9307 = VERTEX_POINT('',#9308);
#9308 = CARTESIAN_POINT('',(149.55,-23.845,0.));
#9309 = LINE('',#9310,#9311);
#9310 = CARTESIAN_POINT('',(149.55,-11.9225,0.));
#9311 = VECTOR('',#9312,1.);
#9312 = DIRECTION('',(0.,-1.,0.));
#9313 = ORIENTED_EDGE('',*,*,#9314,.T.);
#9314 = EDGE_CURVE('',#9307,#9315,#9317,.T.);
#9315 = VERTEX_POINT('',#9316);
#9316 = CARTESIAN_POINT('',(148.45,-23.845,0.));
#9317 = CIRCLE('',#9318,0.55);
#9318 = AXIS2_PLACEMENT_3D('',#9319,#9320,#9321);
#9319 = CARTESIAN_POINT('',(149.,-23.845,0.));
#9320 = DIRECTION('',(-0.,0.,-1.));
#9321 = DIRECTION('',(-1.,-1.9378438248E-14,0.));
#9322 = ORIENTED_EDGE('',*,*,#9323,.T.);
#9323 = EDGE_CURVE('',#9315,#9296,#9324,.T.);
#9324 = LINE('',#9325,#9326);
#9325 = CARTESIAN_POINT('',(148.45,-11.5725,0.));
#9326 = VECTOR('',#9327,1.);
#9327 = DIRECTION('',(-0.,1.,0.));
#9328 = FACE_BOUND('',#9329,.F.);
#9329 = EDGE_LOOP('',(#9330,#9341,#9349,#9358));
#9330 = ORIENTED_EDGE('',*,*,#9331,.T.);
#9331 = EDGE_CURVE('',#9332,#9334,#9336,.T.);
#9332 = VERTEX_POINT('',#9333);
#9333 = CARTESIAN_POINT('',(152.72,-23.145,0.));
#9334 = VERTEX_POINT('',#9335);
#9335 = CARTESIAN_POINT('',(153.82,-23.145,0.));
#9336 = CIRCLE('',#9337,0.55);
#9337 = AXIS2_PLACEMENT_3D('',#9338,#9339,#9340);
#9338 = CARTESIAN_POINT('',(153.27,-23.145,0.));
#9339 = DIRECTION('',(0.,-0.,-1.));
#9340 = DIRECTION('',(1.,6.459479416001E-15,-0.));
#9341 = ORIENTED_EDGE('',*,*,#9342,.T.);
#9342 = EDGE_CURVE('',#9334,#9343,#9345,.T.);
#9343 = VERTEX_POINT('',#9344);
#9344 = CARTESIAN_POINT('',(153.82,-23.845,0.));
#9345 = LINE('',#9346,#9347);
#9346 = CARTESIAN_POINT('',(153.82,-11.9225,0.));
#9347 = VECTOR('',#9348,1.);
#9348 = DIRECTION('',(0.,-1.,0.));
#9349 = ORIENTED_EDGE('',*,*,#9350,.T.);
#9350 = EDGE_CURVE('',#9343,#9351,#9353,.T.);
#9351 = VERTEX_POINT('',#9352);
#9352 = CARTESIAN_POINT('',(152.72,-23.845,0.));
#9353 = CIRCLE('',#9354,0.55);
#9354 = AXIS2_PLACEMENT_3D('',#9355,#9356,#9357);
#9355 = CARTESIAN_POINT('',(153.27,-23.845,0.));
#9356 = DIRECTION('',(-0.,0.,-1.));
#9357 = DIRECTION('',(-1.,-6.459479416001E-15,0.));
#9358 = ORIENTED_EDGE('',*,*,#9359,.T.);
#9359 = EDGE_CURVE('',#9351,#9332,#9360,.T.);
#9360 = LINE('',#9361,#9362);
#9361 = CARTESIAN_POINT('',(152.72,-11.5725,0.));
#9362 = VECTOR('',#9363,1.);
#9363 = DIRECTION('',(-0.,1.,0.));
#9364 = FACE_BOUND('',#9365,.F.);
#9365 = EDGE_LOOP('',(#9366,#9377,#9385,#9394));
#9366 = ORIENTED_EDGE('',*,*,#9367,.T.);
#9367 = EDGE_CURVE('',#9368,#9370,#9372,.T.);
#9368 = VERTEX_POINT('',#9369);
#9369 = CARTESIAN_POINT('',(162.32,-23.145,0.));
#9370 = VERTEX_POINT('',#9371);
#9371 = CARTESIAN_POINT('',(163.42,-23.145,0.));
#9372 = CIRCLE('',#9373,0.55);
#9373 = AXIS2_PLACEMENT_3D('',#9374,#9375,#9376);
#9374 = CARTESIAN_POINT('',(162.87,-23.145,0.));
#9375 = DIRECTION('',(0.,-0.,-1.));
#9376 = DIRECTION('',(1.,-1.9378438248E-14,0.));
#9377 = ORIENTED_EDGE('',*,*,#9378,.T.);
#9378 = EDGE_CURVE('',#9370,#9379,#9381,.T.);
#9379 = VERTEX_POINT('',#9380);
#9380 = CARTESIAN_POINT('',(163.42,-23.845,0.));
#9381 = LINE('',#9382,#9383);
#9382 = CARTESIAN_POINT('',(163.42,-11.9225,0.));
#9383 = VECTOR('',#9384,1.);
#9384 = DIRECTION('',(0.,-1.,0.));
#9385 = ORIENTED_EDGE('',*,*,#9386,.T.);
#9386 = EDGE_CURVE('',#9379,#9387,#9389,.T.);
#9387 = VERTEX_POINT('',#9388);
#9388 = CARTESIAN_POINT('',(162.32,-23.845,0.));
#9389 = CIRCLE('',#9390,0.55);
#9390 = AXIS2_PLACEMENT_3D('',#9391,#9392,#9393);
#9391 = CARTESIAN_POINT('',(162.87,-23.845,0.));
#9392 = DIRECTION('',(-0.,0.,-1.));
#9393 = DIRECTION('',(-1.,1.9378438248E-14,0.));
#9394 = ORIENTED_EDGE('',*,*,#9395,.T.);
#9395 = EDGE_CURVE('',#9387,#9368,#9396,.T.);
#9396 = LINE('',#9397,#9398);
#9397 = CARTESIAN_POINT('',(162.32,-11.5725,0.));
#9398 = VECTOR('',#9399,1.);
#9399 = DIRECTION('',(-0.,1.,0.));
#9400 = FACE_BOUND('',#9401,.F.);
#9401 = EDGE_LOOP('',(#9402));
#9402 = ORIENTED_EDGE('',*,*,#9403,.F.);
#9403 = EDGE_CURVE('',#9404,#9404,#9406,.T.);
#9404 = VERTEX_POINT('',#9405);
#9405 = CARTESIAN_POINT('',(167.268026,-19.05,0.));
#9406 = CIRCLE('',#9407,0.898026);
#9407 = AXIS2_PLACEMENT_3D('',#9408,#9409,#9410);
#9408 = CARTESIAN_POINT('',(166.37,-19.05,0.));
#9409 = DIRECTION('',(0.,0.,1.));
#9410 = DIRECTION('',(1.,0.,-0.));
#9411 = PLANE('',#9412);
#9412 = AXIS2_PLACEMENT_3D('',#9413,#9414,#9415);
#9413 = CARTESIAN_POINT('',(0.,0.,0.));
#9414 = DIRECTION('',(0.,0.,1.));
#9415 = DIRECTION('',(1.,0.,-0.));
#9416 = ADVANCED_FACE('',(#9417,#9428,#9439,#9450,#9461,#9472,#9483,
    #9494,#9505,#9516,#9527,#9538,#9549,#9560,#9571,#9582,#9593,#9604,
    #9615,#9626,#9637,#9648,#9659,#9670,#9681,#9692,#9703,#9714,#9725,
    #9736,#9747,#9758,#9769,#9780,#9791,#9802,#9813,#9824,#9835,#9846,
    #9857,#9868,#9904,#9915,#9951,#9987,#9998,#10009,#10020,#10031,
    #10042,#10053,#10064,#10075,#10086,#10097,#10108,#10119,#10130,
    #10166,#10202,#10238),#10249,.T.);
#9417 = FACE_BOUND('',#9418,.T.);
#9418 = EDGE_LOOP('',(#9419,#9420,#9421,#9427));
#9419 = ORIENTED_EDGE('',*,*,#8490,.F.);
#9420 = ORIENTED_EDGE('',*,*,#8530,.F.);
#9421 = ORIENTED_EDGE('',*,*,#9422,.F.);
#9422 = EDGE_CURVE('',#8553,#8523,#9423,.T.);
#9423 = LINE('',#9424,#9425);
#9424 = CARTESIAN_POINT('',(120.65,-17.78,1.51));
#9425 = VECTOR('',#9426,1.);
#9426 = DIRECTION('',(1.,0.,0.));
#9427 = ORIENTED_EDGE('',*,*,#8552,.F.);
#9428 = FACE_BOUND('',#9429,.T.);
#9429 = EDGE_LOOP('',(#9430));
#9430 = ORIENTED_EDGE('',*,*,#9431,.F.);
#9431 = EDGE_CURVE('',#9432,#9432,#9434,.T.);
#9432 = VERTEX_POINT('',#9433);
#9433 = CARTESIAN_POINT('',(122.818026,-66.04,1.51));
#9434 = CIRCLE('',#9435,0.898026);
#9435 = AXIS2_PLACEMENT_3D('',#9436,#9437,#9438);
#9436 = CARTESIAN_POINT('',(121.92,-66.04,1.51));
#9437 = DIRECTION('',(0.,0.,1.));
#9438 = DIRECTION('',(1.,0.,-0.));
#9439 = FACE_BOUND('',#9440,.T.);
#9440 = EDGE_LOOP('',(#9441));
#9441 = ORIENTED_EDGE('',*,*,#9442,.T.);
#9442 = EDGE_CURVE('',#9443,#9443,#9445,.T.);
#9443 = VERTEX_POINT('',#9444);
#9444 = CARTESIAN_POINT('',(125.19,-62.445,1.51));
#9445 = CIRCLE('',#9446,0.4);
#9446 = AXIS2_PLACEMENT_3D('',#9447,#9448,#9449);
#9447 = CARTESIAN_POINT('',(125.19,-62.045,1.51));
#9448 = DIRECTION('',(-0.,0.,-1.));
#9449 = DIRECTION('',(-0.,-1.,0.));
#9450 = FACE_BOUND('',#9451,.T.);
#9451 = EDGE_LOOP('',(#9452));
#9452 = ORIENTED_EDGE('',*,*,#9453,.T.);
#9453 = EDGE_CURVE('',#9454,#9454,#9456,.T.);
#9454 = VERTEX_POINT('',#9455);
#9455 = CARTESIAN_POINT('',(125.19,-58.895,1.51));
#9456 = CIRCLE('',#9457,0.4);
#9457 = AXIS2_PLACEMENT_3D('',#9458,#9459,#9460);
#9458 = CARTESIAN_POINT('',(125.19,-58.495,1.51));
#9459 = DIRECTION('',(-0.,0.,-1.));
#9460 = DIRECTION('',(-0.,-1.,0.));
#9461 = FACE_BOUND('',#9462,.T.);
#9462 = EDGE_LOOP('',(#9463));
#9463 = ORIENTED_EDGE('',*,*,#9464,.T.);
#9464 = EDGE_CURVE('',#9465,#9465,#9467,.T.);
#9465 = VERTEX_POINT('',#9466);
#9466 = CARTESIAN_POINT('',(132.81,-62.445,1.51));
#9467 = CIRCLE('',#9468,0.4);
#9468 = AXIS2_PLACEMENT_3D('',#9469,#9470,#9471);
#9469 = CARTESIAN_POINT('',(132.81,-62.045,1.51));
#9470 = DIRECTION('',(-0.,0.,-1.));
#9471 = DIRECTION('',(-0.,-1.,0.));
#9472 = FACE_BOUND('',#9473,.T.);
#9473 = EDGE_LOOP('',(#9474));
#9474 = ORIENTED_EDGE('',*,*,#9475,.T.);
#9475 = EDGE_CURVE('',#9476,#9476,#9478,.T.);
#9476 = VERTEX_POINT('',#9477);
#9477 = CARTESIAN_POINT('',(141.625,-62.63,1.51));
#9478 = CIRCLE('',#9479,0.4);
#9479 = AXIS2_PLACEMENT_3D('',#9480,#9481,#9482);
#9480 = CARTESIAN_POINT('',(141.625,-62.23,1.51));
#9481 = DIRECTION('',(-0.,0.,-1.));
#9482 = DIRECTION('',(-0.,-1.,0.));
#9483 = FACE_BOUND('',#9484,.T.);
#9484 = EDGE_LOOP('',(#9485));
#9485 = ORIENTED_EDGE('',*,*,#9486,.T.);
#9486 = EDGE_CURVE('',#9487,#9487,#9489,.T.);
#9487 = VERTEX_POINT('',#9488);
#9488 = CARTESIAN_POINT('',(132.81,-58.895,1.51));
#9489 = CIRCLE('',#9490,0.4);
#9490 = AXIS2_PLACEMENT_3D('',#9491,#9492,#9493);
#9491 = CARTESIAN_POINT('',(132.81,-58.495,1.51));
#9492 = DIRECTION('',(-0.,0.,-1.));
#9493 = DIRECTION('',(-0.,-1.,0.));
#9494 = FACE_BOUND('',#9495,.T.);
#9495 = EDGE_LOOP('',(#9496));
#9496 = ORIENTED_EDGE('',*,*,#9497,.T.);
#9497 = EDGE_CURVE('',#9498,#9498,#9500,.T.);
#9498 = VERTEX_POINT('',#9499);
#9499 = CARTESIAN_POINT('',(140.97,-58.185,1.51));
#9500 = CIRCLE('',#9501,0.4);
#9501 = AXIS2_PLACEMENT_3D('',#9502,#9503,#9504);
#9502 = CARTESIAN_POINT('',(140.97,-57.785,1.51));
#9503 = DIRECTION('',(-0.,0.,-1.));
#9504 = DIRECTION('',(-0.,-1.,0.));
#9505 = FACE_BOUND('',#9506,.T.);
#9506 = EDGE_LOOP('',(#9507));
#9507 = ORIENTED_EDGE('',*,*,#9508,.T.);
#9508 = EDGE_CURVE('',#9509,#9509,#9511,.T.);
#9509 = VERTEX_POINT('',#9510);
#9510 = CARTESIAN_POINT('',(129.024888,-51.539888,1.51));
#9511 = CIRCLE('',#9512,0.4);
#9512 = AXIS2_PLACEMENT_3D('',#9513,#9514,#9515);
#9513 = CARTESIAN_POINT('',(129.024888,-51.139888,1.51));
#9514 = DIRECTION('',(-0.,0.,-1.));
#9515 = DIRECTION('',(-0.,-1.,0.));
#9516 = FACE_BOUND('',#9517,.T.);
#9517 = EDGE_LOOP('',(#9518));
#9518 = ORIENTED_EDGE('',*,*,#9519,.T.);
#9519 = EDGE_CURVE('',#9520,#9520,#9522,.T.);
#9520 = VERTEX_POINT('',#9521);
#9521 = CARTESIAN_POINT('',(131.024888,-51.539888,1.51));
#9522 = CIRCLE('',#9523,0.4);
#9523 = AXIS2_PLACEMENT_3D('',#9524,#9525,#9526);
#9524 = CARTESIAN_POINT('',(131.024888,-51.139888,1.51));
#9525 = DIRECTION('',(-0.,0.,-1.));
#9526 = DIRECTION('',(-0.,-1.,0.));
#9527 = FACE_BOUND('',#9528,.T.);
#9528 = EDGE_LOOP('',(#9529));
#9529 = ORIENTED_EDGE('',*,*,#9530,.T.);
#9530 = EDGE_CURVE('',#9531,#9531,#9533,.T.);
#9531 = VERTEX_POINT('',#9532);
#9532 = CARTESIAN_POINT('',(129.024888,-44.989888,1.51));
#9533 = CIRCLE('',#9534,0.4);
#9534 = AXIS2_PLACEMENT_3D('',#9535,#9536,#9537);
#9535 = CARTESIAN_POINT('',(129.024888,-44.589888,1.51));
#9536 = DIRECTION('',(-0.,0.,-1.));
#9537 = DIRECTION('',(-0.,-1.,0.));
#9538 = FACE_BOUND('',#9539,.T.);
#9539 = EDGE_LOOP('',(#9540));
#9540 = ORIENTED_EDGE('',*,*,#9541,.T.);
#9541 = EDGE_CURVE('',#9542,#9542,#9544,.T.);
#9542 = VERTEX_POINT('',#9543);
#9543 = CARTESIAN_POINT('',(131.024888,-44.989888,1.51));
#9544 = CIRCLE('',#9545,0.4);
#9545 = AXIS2_PLACEMENT_3D('',#9546,#9547,#9548);
#9546 = CARTESIAN_POINT('',(131.024888,-44.589888,1.51));
#9547 = DIRECTION('',(-0.,0.,-1.));
#9548 = DIRECTION('',(-0.,-1.,0.));
#9549 = FACE_BOUND('',#9550,.T.);
#9550 = EDGE_LOOP('',(#9551));
#9551 = ORIENTED_EDGE('',*,*,#9552,.T.);
#9552 = EDGE_CURVE('',#9553,#9553,#9555,.T.);
#9553 = VERTEX_POINT('',#9554);
#9554 = CARTESIAN_POINT('',(139.42,-53.105,1.51));
#9555 = CIRCLE('',#9556,0.4);
#9556 = AXIS2_PLACEMENT_3D('',#9557,#9558,#9559);
#9557 = CARTESIAN_POINT('',(139.42,-52.705,1.51));
#9558 = DIRECTION('',(-0.,0.,-1.));
#9559 = DIRECTION('',(-7.105427357601E-14,-1.,0.));
#9560 = FACE_BOUND('',#9561,.T.);
#9561 = EDGE_LOOP('',(#9562));
#9562 = ORIENTED_EDGE('',*,*,#9563,.T.);
#9563 = EDGE_CURVE('',#9564,#9564,#9566,.T.);
#9564 = VERTEX_POINT('',#9565);
#9565 = CARTESIAN_POINT('',(139.42,-48.395,1.51));
#9566 = CIRCLE('',#9567,0.4);
#9567 = AXIS2_PLACEMENT_3D('',#9568,#9569,#9570);
#9568 = CARTESIAN_POINT('',(139.42,-47.995,1.51));
#9569 = DIRECTION('',(-0.,0.,-1.));
#9570 = DIRECTION('',(-7.105427357601E-14,-1.,0.));
#9571 = FACE_BOUND('',#9572,.T.);
#9572 = EDGE_LOOP('',(#9573));
#9573 = ORIENTED_EDGE('',*,*,#9574,.T.);
#9574 = EDGE_CURVE('',#9575,#9575,#9577,.T.);
#9575 = VERTEX_POINT('',#9576);
#9576 = CARTESIAN_POINT('',(144.165,-62.63,1.51));
#9577 = CIRCLE('',#9578,0.4);
#9578 = AXIS2_PLACEMENT_3D('',#9579,#9580,#9581);
#9579 = CARTESIAN_POINT('',(144.165,-62.23,1.51));
#9580 = DIRECTION('',(-0.,0.,-1.));
#9581 = DIRECTION('',(-0.,-1.,0.));
#9582 = FACE_BOUND('',#9583,.T.);
#9583 = EDGE_LOOP('',(#9584));
#9584 = ORIENTED_EDGE('',*,*,#9585,.T.);
#9585 = EDGE_CURVE('',#9586,#9586,#9588,.T.);
#9586 = VERTEX_POINT('',#9587);
#9587 = CARTESIAN_POINT('',(155.44,-66.205,1.51));
#9588 = CIRCLE('',#9589,0.4);
#9589 = AXIS2_PLACEMENT_3D('',#9590,#9591,#9592);
#9590 = CARTESIAN_POINT('',(155.44,-65.805,1.51));
#9591 = DIRECTION('',(-0.,0.,-1.));
#9592 = DIRECTION('',(-0.,-1.,0.));
#9593 = FACE_BOUND('',#9594,.T.);
#9594 = EDGE_LOOP('',(#9595));
#9595 = ORIENTED_EDGE('',*,*,#9596,.T.);
#9596 = EDGE_CURVE('',#9597,#9597,#9599,.T.);
#9597 = VERTEX_POINT('',#9598);
#9598 = CARTESIAN_POINT('',(155.44,-58.585,1.51));
#9599 = CIRCLE('',#9600,0.4);
#9600 = AXIS2_PLACEMENT_3D('',#9601,#9602,#9603);
#9601 = CARTESIAN_POINT('',(155.44,-58.185,1.51));
#9602 = DIRECTION('',(-0.,0.,-1.));
#9603 = DIRECTION('',(-0.,-1.,0.));
#9604 = FACE_BOUND('',#9605,.T.);
#9605 = EDGE_LOOP('',(#9606));
#9606 = ORIENTED_EDGE('',*,*,#9607,.T.);
#9607 = EDGE_CURVE('',#9608,#9608,#9610,.T.);
#9608 = VERTEX_POINT('',#9609);
#9609 = CARTESIAN_POINT('',(151.13,-58.185,1.51));
#9610 = CIRCLE('',#9611,0.4);
#9611 = AXIS2_PLACEMENT_3D('',#9612,#9613,#9614);
#9612 = CARTESIAN_POINT('',(151.13,-57.785,1.51));
#9613 = DIRECTION('',(-0.,0.,-1.));
#9614 = DIRECTION('',(-0.,-1.,0.));
#9615 = FACE_BOUND('',#9616,.T.);
#9616 = EDGE_LOOP('',(#9617));
#9617 = ORIENTED_EDGE('',*,*,#9618,.T.);
#9618 = EDGE_CURVE('',#9619,#9619,#9621,.T.);
#9619 = VERTEX_POINT('',#9620);
#9620 = CARTESIAN_POINT('',(157.98,-66.205,1.51));
#9621 = CIRCLE('',#9622,0.4);
#9622 = AXIS2_PLACEMENT_3D('',#9623,#9624,#9625);
#9623 = CARTESIAN_POINT('',(157.98,-65.805,1.51));
#9624 = DIRECTION('',(-0.,0.,-1.));
#9625 = DIRECTION('',(-7.105427357601E-14,-1.,0.));
#9626 = FACE_BOUND('',#9627,.T.);
#9627 = EDGE_LOOP('',(#9628));
#9628 = ORIENTED_EDGE('',*,*,#9629,.T.);
#9629 = EDGE_CURVE('',#9630,#9630,#9632,.T.);
#9630 = VERTEX_POINT('',#9631);
#9631 = CARTESIAN_POINT('',(160.52,-66.205,1.51));
#9632 = CIRCLE('',#9633,0.4);
#9633 = AXIS2_PLACEMENT_3D('',#9634,#9635,#9636);
#9634 = CARTESIAN_POINT('',(160.52,-65.805,1.51));
#9635 = DIRECTION('',(-0.,0.,-1.));
#9636 = DIRECTION('',(7.105427357601E-14,-1.,-0.));
#9637 = FACE_BOUND('',#9638,.T.);
#9638 = EDGE_LOOP('',(#9639));
#9639 = ORIENTED_EDGE('',*,*,#9640,.T.);
#9640 = EDGE_CURVE('',#9641,#9641,#9643,.T.);
#9641 = VERTEX_POINT('',#9642);
#9642 = CARTESIAN_POINT('',(163.06,-66.205,1.51));
#9643 = CIRCLE('',#9644,0.4);
#9644 = AXIS2_PLACEMENT_3D('',#9645,#9646,#9647);
#9645 = CARTESIAN_POINT('',(163.06,-65.805,1.51));
#9646 = DIRECTION('',(-0.,0.,-1.));
#9647 = DIRECTION('',(-0.,-1.,0.));
#9648 = FACE_BOUND('',#9649,.T.);
#9649 = EDGE_LOOP('',(#9650));
#9650 = ORIENTED_EDGE('',*,*,#9651,.F.);
#9651 = EDGE_CURVE('',#9652,#9652,#9654,.T.);
#9652 = VERTEX_POINT('',#9653);
#9653 = CARTESIAN_POINT('',(167.268026,-66.04,1.51));
#9654 = CIRCLE('',#9655,0.898026);
#9655 = AXIS2_PLACEMENT_3D('',#9656,#9657,#9658);
#9656 = CARTESIAN_POINT('',(166.37,-66.04,1.51));
#9657 = DIRECTION('',(0.,0.,1.));
#9658 = DIRECTION('',(1.,0.,-0.));
#9659 = FACE_BOUND('',#9660,.T.);
#9660 = EDGE_LOOP('',(#9661));
#9661 = ORIENTED_EDGE('',*,*,#9662,.T.);
#9662 = EDGE_CURVE('',#9663,#9663,#9665,.T.);
#9663 = VERTEX_POINT('',#9664);
#9664 = CARTESIAN_POINT('',(157.98,-58.585,1.51));
#9665 = CIRCLE('',#9666,0.4);
#9666 = AXIS2_PLACEMENT_3D('',#9667,#9668,#9669);
#9667 = CARTESIAN_POINT('',(157.98,-58.185,1.51));
#9668 = DIRECTION('',(-0.,0.,-1.));
#9669 = DIRECTION('',(-7.105427357601E-14,-1.,0.));
#9670 = FACE_BOUND('',#9671,.T.);
#9671 = EDGE_LOOP('',(#9672));
#9672 = ORIENTED_EDGE('',*,*,#9673,.T.);
#9673 = EDGE_CURVE('',#9674,#9674,#9676,.T.);
#9674 = VERTEX_POINT('',#9675);
#9675 = CARTESIAN_POINT('',(160.52,-58.585,1.51));
#9676 = CIRCLE('',#9677,0.4);
#9677 = AXIS2_PLACEMENT_3D('',#9678,#9679,#9680);
#9678 = CARTESIAN_POINT('',(160.52,-58.185,1.51));
#9679 = DIRECTION('',(-0.,0.,-1.));
#9680 = DIRECTION('',(7.105427357601E-14,-1.,-0.));
#9681 = FACE_BOUND('',#9682,.T.);
#9682 = EDGE_LOOP('',(#9683));
#9683 = ORIENTED_EDGE('',*,*,#9684,.T.);
#9684 = EDGE_CURVE('',#9685,#9685,#9687,.T.);
#9685 = VERTEX_POINT('',#9686);
#9686 = CARTESIAN_POINT('',(163.06,-58.585,1.51));
#9687 = CIRCLE('',#9688,0.4);
#9688 = AXIS2_PLACEMENT_3D('',#9689,#9690,#9691);
#9689 = CARTESIAN_POINT('',(163.06,-58.185,1.51));
#9690 = DIRECTION('',(-0.,0.,-1.));
#9691 = DIRECTION('',(-0.,-1.,0.));
#9692 = FACE_BOUND('',#9693,.T.);
#9693 = EDGE_LOOP('',(#9694));
#9694 = ORIENTED_EDGE('',*,*,#9695,.T.);
#9695 = EDGE_CURVE('',#9696,#9696,#9698,.T.);
#9696 = VERTEX_POINT('',#9697);
#9697 = CARTESIAN_POINT('',(149.58,-53.105,1.51));
#9698 = CIRCLE('',#9699,0.4);
#9699 = AXIS2_PLACEMENT_3D('',#9700,#9701,#9702);
#9700 = CARTESIAN_POINT('',(149.58,-52.705,1.51));
#9701 = DIRECTION('',(-0.,0.,-1.));
#9702 = DIRECTION('',(7.105427357601E-14,-1.,-0.));
#9703 = FACE_BOUND('',#9704,.T.);
#9704 = EDGE_LOOP('',(#9705));
#9705 = ORIENTED_EDGE('',*,*,#9706,.T.);
#9706 = EDGE_CURVE('',#9707,#9707,#9709,.T.);
#9707 = VERTEX_POINT('',#9708);
#9708 = CARTESIAN_POINT('',(149.58,-48.395,1.51));
#9709 = CIRCLE('',#9710,0.4);
#9710 = AXIS2_PLACEMENT_3D('',#9711,#9712,#9713);
#9711 = CARTESIAN_POINT('',(149.58,-47.995,1.51));
#9712 = DIRECTION('',(-0.,0.,-1.));
#9713 = DIRECTION('',(7.105427357601E-14,-1.,-0.));
#9714 = FACE_BOUND('',#9715,.T.);
#9715 = EDGE_LOOP('',(#9716));
#9716 = ORIENTED_EDGE('',*,*,#9717,.T.);
#9717 = EDGE_CURVE('',#9718,#9718,#9720,.T.);
#9718 = VERTEX_POINT('',#9719);
#9719 = CARTESIAN_POINT('',(161.,-52.895,1.51));
#9720 = CIRCLE('',#9721,0.4);
#9721 = AXIS2_PLACEMENT_3D('',#9722,#9723,#9724);
#9722 = CARTESIAN_POINT('',(161.,-52.495,1.51));
#9723 = DIRECTION('',(-0.,0.,-1.));
#9724 = DIRECTION('',(-0.,-1.,0.));
#9725 = FACE_BOUND('',#9726,.T.);
#9726 = EDGE_LOOP('',(#9727));
#9727 = ORIENTED_EDGE('',*,*,#9728,.T.);
#9728 = EDGE_CURVE('',#9729,#9729,#9731,.T.);
#9729 = VERTEX_POINT('',#9730);
#9730 = CARTESIAN_POINT('',(163.5,-52.895,1.51));
#9731 = CIRCLE('',#9732,0.4);
#9732 = AXIS2_PLACEMENT_3D('',#9733,#9734,#9735);
#9733 = CARTESIAN_POINT('',(163.5,-52.495,1.51));
#9734 = DIRECTION('',(-0.,0.,-1.));
#9735 = DIRECTION('',(-0.,-1.,0.));
#9736 = FACE_BOUND('',#9737,.T.);
#9737 = EDGE_LOOP('',(#9738));
#9738 = ORIENTED_EDGE('',*,*,#9739,.T.);
#9739 = EDGE_CURVE('',#9740,#9740,#9742,.T.);
#9740 = VERTEX_POINT('',#9741);
#9741 = CARTESIAN_POINT('',(161.,-46.895,1.51));
#9742 = CIRCLE('',#9743,0.4);
#9743 = AXIS2_PLACEMENT_3D('',#9744,#9745,#9746);
#9744 = CARTESIAN_POINT('',(161.,-46.495,1.51));
#9745 = DIRECTION('',(-0.,0.,-1.));
#9746 = DIRECTION('',(-0.,-1.,0.));
#9747 = FACE_BOUND('',#9748,.T.);
#9748 = EDGE_LOOP('',(#9749));
#9749 = ORIENTED_EDGE('',*,*,#9750,.T.);
#9750 = EDGE_CURVE('',#9751,#9751,#9753,.T.);
#9751 = VERTEX_POINT('',#9752);
#9752 = CARTESIAN_POINT('',(163.5,-46.895,1.51));
#9753 = CIRCLE('',#9754,0.4);
#9754 = AXIS2_PLACEMENT_3D('',#9755,#9756,#9757);
#9755 = CARTESIAN_POINT('',(163.5,-46.495,1.51));
#9756 = DIRECTION('',(-0.,0.,-1.));
#9757 = DIRECTION('',(-0.,-1.,0.));
#9758 = FACE_BOUND('',#9759,.T.);
#9759 = EDGE_LOOP('',(#9760));
#9760 = ORIENTED_EDGE('',*,*,#9761,.T.);
#9761 = EDGE_CURVE('',#9762,#9762,#9764,.T.);
#9762 = VERTEX_POINT('',#9763);
#9763 = CARTESIAN_POINT('',(125.095,-42.925,1.51));
#9764 = CIRCLE('',#9765,0.4);
#9765 = AXIS2_PLACEMENT_3D('',#9766,#9767,#9768);
#9766 = CARTESIAN_POINT('',(125.095,-42.525,1.51));
#9767 = DIRECTION('',(-0.,0.,-1.));
#9768 = DIRECTION('',(-0.,-1.,0.));
#9769 = FACE_BOUND('',#9770,.T.);
#9770 = EDGE_LOOP('',(#9771));
#9771 = ORIENTED_EDGE('',*,*,#9772,.T.);
#9772 = EDGE_CURVE('',#9773,#9773,#9775,.T.);
#9773 = VERTEX_POINT('',#9774);
#9774 = CARTESIAN_POINT('',(125.095,-40.385,1.51));
#9775 = CIRCLE('',#9776,0.4);
#9776 = AXIS2_PLACEMENT_3D('',#9777,#9778,#9779);
#9777 = CARTESIAN_POINT('',(125.095,-39.985,1.51));
#9778 = DIRECTION('',(-0.,0.,-1.));
#9779 = DIRECTION('',(-0.,-1.,0.));
#9780 = FACE_BOUND('',#9781,.T.);
#9781 = EDGE_LOOP('',(#9782));
#9782 = ORIENTED_EDGE('',*,*,#9783,.T.);
#9783 = EDGE_CURVE('',#9784,#9784,#9786,.T.);
#9784 = VERTEX_POINT('',#9785);
#9785 = CARTESIAN_POINT('',(129.024888,-38.439888,1.51));
#9786 = CIRCLE('',#9787,0.4);
#9787 = AXIS2_PLACEMENT_3D('',#9788,#9789,#9790);
#9788 = CARTESIAN_POINT('',(129.024888,-38.039888,1.51));
#9789 = DIRECTION('',(-0.,0.,-1.));
#9790 = DIRECTION('',(-0.,-1.,0.));
#9791 = FACE_BOUND('',#9792,.T.);
#9792 = EDGE_LOOP('',(#9793));
#9793 = ORIENTED_EDGE('',*,*,#9794,.T.);
#9794 = EDGE_CURVE('',#9795,#9795,#9797,.T.);
#9795 = VERTEX_POINT('',#9796);
#9796 = CARTESIAN_POINT('',(131.024888,-38.439888,1.51));
#9797 = CIRCLE('',#9798,0.4);
#9798 = AXIS2_PLACEMENT_3D('',#9799,#9800,#9801);
#9799 = CARTESIAN_POINT('',(131.024888,-38.039888,1.51));
#9800 = DIRECTION('',(-0.,0.,-1.));
#9801 = DIRECTION('',(-0.,-1.,0.));
#9802 = FACE_BOUND('',#9803,.T.);
#9803 = EDGE_LOOP('',(#9804));
#9804 = ORIENTED_EDGE('',*,*,#9805,.T.);
#9805 = EDGE_CURVE('',#9806,#9806,#9808,.T.);
#9806 = VERTEX_POINT('',#9807);
#9807 = CARTESIAN_POINT('',(127.83,-31.495,1.51));
#9808 = CIRCLE('',#9809,0.5);
#9809 = AXIS2_PLACEMENT_3D('',#9810,#9811,#9812);
#9810 = CARTESIAN_POINT('',(127.83,-30.995,1.51));
#9811 = DIRECTION('',(-0.,0.,-1.));
#9812 = DIRECTION('',(-2.84217094304E-14,-1.,0.));
#9813 = FACE_BOUND('',#9814,.T.);
#9814 = EDGE_LOOP('',(#9815));
#9815 = ORIENTED_EDGE('',*,*,#9816,.T.);
#9816 = EDGE_CURVE('',#9817,#9817,#9819,.T.);
#9817 = VERTEX_POINT('',#9818);
#9818 = CARTESIAN_POINT('',(130.33,-31.495,1.51));
#9819 = CIRCLE('',#9820,0.5);
#9820 = AXIS2_PLACEMENT_3D('',#9821,#9822,#9823);
#9821 = CARTESIAN_POINT('',(130.33,-30.995,1.51));
#9822 = DIRECTION('',(-0.,0.,-1.));
#9823 = DIRECTION('',(-0.,-1.,0.));
#9824 = FACE_BOUND('',#9825,.T.);
#9825 = EDGE_LOOP('',(#9826));
#9826 = ORIENTED_EDGE('',*,*,#9827,.T.);
#9827 = EDGE_CURVE('',#9828,#9828,#9830,.T.);
#9828 = VERTEX_POINT('',#9829);
#9829 = CARTESIAN_POINT('',(139.42,-41.895,1.51));
#9830 = CIRCLE('',#9831,0.4);
#9831 = AXIS2_PLACEMENT_3D('',#9832,#9833,#9834);
#9832 = CARTESIAN_POINT('',(139.42,-41.495,1.51));
#9833 = DIRECTION('',(-0.,0.,-1.));
#9834 = DIRECTION('',(-7.105427357601E-14,-1.,0.));
#9835 = FACE_BOUND('',#9836,.T.);
#9836 = EDGE_LOOP('',(#9837));
#9837 = ORIENTED_EDGE('',*,*,#9838,.T.);
#9838 = EDGE_CURVE('',#9839,#9839,#9841,.T.);
#9839 = VERTEX_POINT('',#9840);
#9840 = CARTESIAN_POINT('',(132.83,-31.495,1.51));
#9841 = CIRCLE('',#9842,0.5);
#9842 = AXIS2_PLACEMENT_3D('',#9843,#9844,#9845);
#9843 = CARTESIAN_POINT('',(132.83,-30.995,1.51));
#9844 = DIRECTION('',(-0.,0.,-1.));
#9845 = DIRECTION('',(-0.,-1.,0.));
#9846 = FACE_BOUND('',#9847,.T.);
#9847 = EDGE_LOOP('',(#9848));
#9848 = ORIENTED_EDGE('',*,*,#9849,.T.);
#9849 = EDGE_CURVE('',#9850,#9850,#9852,.T.);
#9850 = VERTEX_POINT('',#9851);
#9851 = CARTESIAN_POINT('',(139.42,-35.895,1.51));
#9852 = CIRCLE('',#9853,0.4);
#9853 = AXIS2_PLACEMENT_3D('',#9854,#9855,#9856);
#9854 = CARTESIAN_POINT('',(139.42,-35.495,1.51));
#9855 = DIRECTION('',(-0.,0.,-1.));
#9856 = DIRECTION('',(-7.105427357601E-14,-1.,0.));
#9857 = FACE_BOUND('',#9858,.T.);
#9858 = EDGE_LOOP('',(#9859));
#9859 = ORIENTED_EDGE('',*,*,#9860,.T.);
#9860 = EDGE_CURVE('',#9861,#9861,#9863,.T.);
#9861 = VERTEX_POINT('',#9862);
#9862 = CARTESIAN_POINT('',(141.7,-31.495,1.51));
#9863 = CIRCLE('',#9864,0.5);
#9864 = AXIS2_PLACEMENT_3D('',#9865,#9866,#9867);
#9865 = CARTESIAN_POINT('',(141.7,-30.995,1.51));
#9866 = DIRECTION('',(-0.,0.,-1.));
#9867 = DIRECTION('',(-0.,-1.,0.));
#9868 = FACE_BOUND('',#9869,.T.);
#9869 = EDGE_LOOP('',(#9870,#9881,#9889,#9898));
#9870 = ORIENTED_EDGE('',*,*,#9871,.T.);
#9871 = EDGE_CURVE('',#9872,#9874,#9876,.T.);
#9872 = VERTEX_POINT('',#9873);
#9873 = CARTESIAN_POINT('',(124.98,-23.145,1.51));
#9874 = VERTEX_POINT('',#9875);
#9875 = CARTESIAN_POINT('',(126.08,-23.145,1.51));
#9876 = CIRCLE('',#9877,0.55);
#9877 = AXIS2_PLACEMENT_3D('',#9878,#9879,#9880);
#9878 = CARTESIAN_POINT('',(125.53,-23.145,1.51));
#9879 = DIRECTION('',(0.,-0.,-1.));
#9880 = DIRECTION('',(1.,6.459479416001E-15,-0.));
#9881 = ORIENTED_EDGE('',*,*,#9882,.T.);
#9882 = EDGE_CURVE('',#9874,#9883,#9885,.T.);
#9883 = VERTEX_POINT('',#9884);
#9884 = CARTESIAN_POINT('',(126.08,-23.845,1.51));
#9885 = LINE('',#9886,#9887);
#9886 = CARTESIAN_POINT('',(126.08,-11.9225,1.51));
#9887 = VECTOR('',#9888,1.);
#9888 = DIRECTION('',(0.,-1.,0.));
#9889 = ORIENTED_EDGE('',*,*,#9890,.T.);
#9890 = EDGE_CURVE('',#9883,#9891,#9893,.T.);
#9891 = VERTEX_POINT('',#9892);
#9892 = CARTESIAN_POINT('',(124.98,-23.845,1.51));
#9893 = CIRCLE('',#9894,0.55);
#9894 = AXIS2_PLACEMENT_3D('',#9895,#9896,#9897);
#9895 = CARTESIAN_POINT('',(125.53,-23.845,1.51));
#9896 = DIRECTION('',(-0.,0.,-1.));
#9897 = DIRECTION('',(-1.,-1.2918958832E-14,0.));
#9898 = ORIENTED_EDGE('',*,*,#9899,.T.);
#9899 = EDGE_CURVE('',#9891,#9872,#9900,.T.);
#9900 = LINE('',#9901,#9902);
#9901 = CARTESIAN_POINT('',(124.98,-11.5725,1.51));
#9902 = VECTOR('',#9903,1.);
#9903 = DIRECTION('',(-0.,1.,0.));
#9904 = FACE_BOUND('',#9905,.T.);
#9905 = EDGE_LOOP('',(#9906));
#9906 = ORIENTED_EDGE('',*,*,#9907,.F.);
#9907 = EDGE_CURVE('',#9908,#9908,#9910,.T.);
#9908 = VERTEX_POINT('',#9909);
#9909 = CARTESIAN_POINT('',(122.818026,-19.05,1.51));
#9910 = CIRCLE('',#9911,0.898026);
#9911 = AXIS2_PLACEMENT_3D('',#9912,#9913,#9914);
#9912 = CARTESIAN_POINT('',(121.92,-19.05,1.51));
#9913 = DIRECTION('',(0.,0.,1.));
#9914 = DIRECTION('',(1.,0.,-0.));
#9915 = FACE_BOUND('',#9916,.T.);
#9916 = EDGE_LOOP('',(#9917,#9928,#9936,#9945));
#9917 = ORIENTED_EDGE('',*,*,#9918,.T.);
#9918 = EDGE_CURVE('',#9919,#9921,#9923,.T.);
#9919 = VERTEX_POINT('',#9920);
#9920 = CARTESIAN_POINT('',(134.58,-23.145,1.51));
#9921 = VERTEX_POINT('',#9922);
#9922 = CARTESIAN_POINT('',(135.68,-23.145,1.51));
#9923 = CIRCLE('',#9924,0.55);
#9924 = AXIS2_PLACEMENT_3D('',#9925,#9926,#9927);
#9925 = CARTESIAN_POINT('',(135.13,-23.145,1.51));
#9926 = DIRECTION('',(0.,-0.,-1.));
#9927 = DIRECTION('',(1.,-2.5837917664E-14,0.));
#9928 = ORIENTED_EDGE('',*,*,#9929,.T.);
#9929 = EDGE_CURVE('',#9921,#9930,#9932,.T.);
#9930 = VERTEX_POINT('',#9931);
#9931 = CARTESIAN_POINT('',(135.68,-23.845,1.51));
#9932 = LINE('',#9933,#9934);
#9933 = CARTESIAN_POINT('',(135.68,-11.9225,1.51));
#9934 = VECTOR('',#9935,1.);
#9935 = DIRECTION('',(0.,-1.,0.));
#9936 = ORIENTED_EDGE('',*,*,#9937,.T.);
#9937 = EDGE_CURVE('',#9930,#9938,#9940,.T.);
#9938 = VERTEX_POINT('',#9939);
#9939 = CARTESIAN_POINT('',(134.58,-23.845,1.51));
#9940 = CIRCLE('',#9941,0.55);
#9941 = AXIS2_PLACEMENT_3D('',#9942,#9943,#9944);
#9942 = CARTESIAN_POINT('',(135.13,-23.845,1.51));
#9943 = DIRECTION('',(-0.,0.,-1.));
#9944 = DIRECTION('',(-1.,1.2918958832E-14,0.));
#9945 = ORIENTED_EDGE('',*,*,#9946,.T.);
#9946 = EDGE_CURVE('',#9938,#9919,#9947,.T.);
#9947 = LINE('',#9948,#9949);
#9948 = CARTESIAN_POINT('',(134.58,-11.5725,1.51));
#9949 = VECTOR('',#9950,1.);
#9950 = DIRECTION('',(-0.,1.,0.));
#9951 = FACE_BOUND('',#9952,.T.);
#9952 = EDGE_LOOP('',(#9953,#9964,#9972,#9981));
#9953 = ORIENTED_EDGE('',*,*,#9954,.T.);
#9954 = EDGE_CURVE('',#9955,#9957,#9959,.T.);
#9955 = VERTEX_POINT('',#9956);
#9956 = CARTESIAN_POINT('',(138.85,-23.145,1.51));
#9957 = VERTEX_POINT('',#9958);
#9958 = CARTESIAN_POINT('',(139.95,-23.145,1.51));
#9959 = CIRCLE('',#9960,0.55);
#9960 = AXIS2_PLACEMENT_3D('',#9961,#9962,#9963);
#9961 = CARTESIAN_POINT('',(139.4,-23.145,1.51));
#9962 = DIRECTION('',(0.,-0.,-1.));
#9963 = DIRECTION('',(1.,6.459479416001E-15,-0.));
#9964 = ORIENTED_EDGE('',*,*,#9965,.T.);
#9965 = EDGE_CURVE('',#9957,#9966,#9968,.T.);
#9966 = VERTEX_POINT('',#9967);
#9967 = CARTESIAN_POINT('',(139.95,-23.845,1.51));
#9968 = LINE('',#9969,#9970);
#9969 = CARTESIAN_POINT('',(139.95,-11.9225,1.51));
#9970 = VECTOR('',#9971,1.);
#9971 = DIRECTION('',(0.,-1.,0.));
#9972 = ORIENTED_EDGE('',*,*,#9973,.T.);
#9973 = EDGE_CURVE('',#9966,#9974,#9976,.T.);
#9974 = VERTEX_POINT('',#9975);
#9975 = CARTESIAN_POINT('',(138.85,-23.845,1.51));
#9976 = CIRCLE('',#9977,0.55);
#9977 = AXIS2_PLACEMENT_3D('',#9978,#9979,#9980);
#9978 = CARTESIAN_POINT('',(139.4,-23.845,1.51));
#9979 = DIRECTION('',(-0.,0.,-1.));
#9980 = DIRECTION('',(-1.,-6.459479416001E-15,0.));
#9981 = ORIENTED_EDGE('',*,*,#9982,.T.);
#9982 = EDGE_CURVE('',#9974,#9955,#9983,.T.);
#9983 = LINE('',#9984,#9985);
#9984 = CARTESIAN_POINT('',(138.85,-11.5725,1.51));
#9985 = VECTOR('',#9986,1.);
#9986 = DIRECTION('',(-0.,1.,0.));
#9987 = FACE_BOUND('',#9988,.T.);
#9988 = EDGE_LOOP('',(#9989));
#9989 = ORIENTED_EDGE('',*,*,#9990,.T.);
#9990 = EDGE_CURVE('',#9991,#9991,#9993,.T.);
#9991 = VERTEX_POINT('',#9992);
#9992 = CARTESIAN_POINT('',(149.58,-41.895,1.51));
#9993 = CIRCLE('',#9994,0.4);
#9994 = AXIS2_PLACEMENT_3D('',#9995,#9996,#9997);
#9995 = CARTESIAN_POINT('',(149.58,-41.495,1.51));
#9996 = DIRECTION('',(-0.,0.,-1.));
#9997 = DIRECTION('',(7.105427357601E-14,-1.,-0.));
#9998 = FACE_BOUND('',#9999,.T.);
#9999 = EDGE_LOOP('',(#10000));
#10000 = ORIENTED_EDGE('',*,*,#10001,.T.);
#10001 = EDGE_CURVE('',#10002,#10002,#10004,.T.);
#10002 = VERTEX_POINT('',#10003);
#10003 = CARTESIAN_POINT('',(149.58,-35.895,1.51));
#10004 = CIRCLE('',#10005,0.4);
#10005 = AXIS2_PLACEMENT_3D('',#10006,#10007,#10008);
#10006 = CARTESIAN_POINT('',(149.58,-35.495,1.51));
#10007 = DIRECTION('',(-0.,0.,-1.));
#10008 = DIRECTION('',(7.105427357601E-14,-1.,-0.));
#10009 = FACE_BOUND('',#10010,.T.);
#10010 = EDGE_LOOP('',(#10011));
#10011 = ORIENTED_EDGE('',*,*,#10012,.T.);
#10012 = EDGE_CURVE('',#10013,#10013,#10015,.T.);
#10013 = VERTEX_POINT('',#10014);
#10014 = CARTESIAN_POINT('',(144.2,-31.495,1.51));
#10015 = CIRCLE('',#10016,0.5);
#10016 = AXIS2_PLACEMENT_3D('',#10017,#10018,#10019);
#10017 = CARTESIAN_POINT('',(144.2,-30.995,1.51));
#10018 = DIRECTION('',(-0.,0.,-1.));
#10019 = DIRECTION('',(-0.,-1.,0.));
#10020 = FACE_BOUND('',#10021,.T.);
#10021 = EDGE_LOOP('',(#10022));
#10022 = ORIENTED_EDGE('',*,*,#10023,.T.);
#10023 = EDGE_CURVE('',#10024,#10024,#10026,.T.);
#10024 = VERTEX_POINT('',#10025);
#10025 = CARTESIAN_POINT('',(146.7,-31.495,1.51));
#10026 = CIRCLE('',#10027,0.5);
#10027 = AXIS2_PLACEMENT_3D('',#10028,#10029,#10030);
#10028 = CARTESIAN_POINT('',(146.7,-30.995,1.51));
#10029 = DIRECTION('',(-0.,0.,-1.));
#10030 = DIRECTION('',(-0.,-1.,0.));
#10031 = FACE_BOUND('',#10032,.T.);
#10032 = EDGE_LOOP('',(#10033));
#10033 = ORIENTED_EDGE('',*,*,#10034,.T.);
#10034 = EDGE_CURVE('',#10035,#10035,#10037,.T.);
#10035 = VERTEX_POINT('',#10036);
#10036 = CARTESIAN_POINT('',(155.57,-31.495,1.51));
#10037 = CIRCLE('',#10038,0.5);
#10038 = AXIS2_PLACEMENT_3D('',#10039,#10040,#10041);
#10039 = CARTESIAN_POINT('',(155.57,-30.995,1.51));
#10040 = DIRECTION('',(-0.,0.,-1.));
#10041 = DIRECTION('',(-0.,-1.,0.));
#10042 = FACE_BOUND('',#10043,.T.);
#10043 = EDGE_LOOP('',(#10044));
#10044 = ORIENTED_EDGE('',*,*,#10045,.T.);
#10045 = EDGE_CURVE('',#10046,#10046,#10048,.T.);
#10046 = VERTEX_POINT('',#10047);
#10047 = CARTESIAN_POINT('',(158.115,-42.925,1.51));
#10048 = CIRCLE('',#10049,0.4);
#10049 = AXIS2_PLACEMENT_3D('',#10050,#10051,#10052);
#10050 = CARTESIAN_POINT('',(158.115,-42.525,1.51));
#10051 = DIRECTION('',(-0.,0.,-1.));
#10052 = DIRECTION('',(-0.,-1.,0.));
#10053 = FACE_BOUND('',#10054,.T.);
#10054 = EDGE_LOOP('',(#10055));
#10055 = ORIENTED_EDGE('',*,*,#10056,.T.);
#10056 = EDGE_CURVE('',#10057,#10057,#10059,.T.);
#10057 = VERTEX_POINT('',#10058);
#10058 = CARTESIAN_POINT('',(158.115,-40.385,1.51));
#10059 = CIRCLE('',#10060,0.4);
#10060 = AXIS2_PLACEMENT_3D('',#10061,#10062,#10063);
#10061 = CARTESIAN_POINT('',(158.115,-39.985,1.51));
#10062 = DIRECTION('',(-0.,0.,-1.));
#10063 = DIRECTION('',(-0.,-1.,0.));
#10064 = FACE_BOUND('',#10065,.T.);
#10065 = EDGE_LOOP('',(#10066));
#10066 = ORIENTED_EDGE('',*,*,#10067,.T.);
#10067 = EDGE_CURVE('',#10068,#10068,#10070,.T.);
#10068 = VERTEX_POINT('',#10069);
#10069 = CARTESIAN_POINT('',(161.,-40.895,1.51));
#10070 = CIRCLE('',#10071,0.4);
#10071 = AXIS2_PLACEMENT_3D('',#10072,#10073,#10074);
#10072 = CARTESIAN_POINT('',(161.,-40.495,1.51));
#10073 = DIRECTION('',(-0.,0.,-1.));
#10074 = DIRECTION('',(-0.,-1.,0.));
#10075 = FACE_BOUND('',#10076,.T.);
#10076 = EDGE_LOOP('',(#10077));
#10077 = ORIENTED_EDGE('',*,*,#10078,.T.);
#10078 = EDGE_CURVE('',#10079,#10079,#10081,.T.);
#10079 = VERTEX_POINT('',#10080);
#10080 = CARTESIAN_POINT('',(163.5,-40.895,1.51));
#10081 = CIRCLE('',#10082,0.4);
#10082 = AXIS2_PLACEMENT_3D('',#10083,#10084,#10085);
#10083 = CARTESIAN_POINT('',(163.5,-40.495,1.51));
#10084 = DIRECTION('',(-0.,0.,-1.));
#10085 = DIRECTION('',(-0.,-1.,0.));
#10086 = FACE_BOUND('',#10087,.T.);
#10087 = EDGE_LOOP('',(#10088));
#10088 = ORIENTED_EDGE('',*,*,#10089,.T.);
#10089 = EDGE_CURVE('',#10090,#10090,#10092,.T.);
#10090 = VERTEX_POINT('',#10091);
#10091 = CARTESIAN_POINT('',(161.,-35.395,1.51));
#10092 = CIRCLE('',#10093,0.4);
#10093 = AXIS2_PLACEMENT_3D('',#10094,#10095,#10096);
#10094 = CARTESIAN_POINT('',(161.,-34.995,1.51));
#10095 = DIRECTION('',(-0.,0.,-1.));
#10096 = DIRECTION('',(-0.,-1.,0.));
#10097 = FACE_BOUND('',#10098,.T.);
#10098 = EDGE_LOOP('',(#10099));
#10099 = ORIENTED_EDGE('',*,*,#10100,.T.);
#10100 = EDGE_CURVE('',#10101,#10101,#10103,.T.);
#10101 = VERTEX_POINT('',#10102);
#10102 = CARTESIAN_POINT('',(158.07,-31.495,1.51));
#10103 = CIRCLE('',#10104,0.5);
#10104 = AXIS2_PLACEMENT_3D('',#10105,#10106,#10107);
#10105 = CARTESIAN_POINT('',(158.07,-30.995,1.51));
#10106 = DIRECTION('',(-0.,0.,-1.));
#10107 = DIRECTION('',(-0.,-1.,0.));
#10108 = FACE_BOUND('',#10109,.T.);
#10109 = EDGE_LOOP('',(#10110));
#10110 = ORIENTED_EDGE('',*,*,#10111,.T.);
#10111 = EDGE_CURVE('',#10112,#10112,#10114,.T.);
#10112 = VERTEX_POINT('',#10113);
#10113 = CARTESIAN_POINT('',(160.57,-31.495,1.51));
#10114 = CIRCLE('',#10115,0.5);
#10115 = AXIS2_PLACEMENT_3D('',#10116,#10117,#10118);
#10116 = CARTESIAN_POINT('',(160.57,-30.995,1.51));
#10117 = DIRECTION('',(-0.,0.,-1.));
#10118 = DIRECTION('',(-0.,-1.,0.));
#10119 = FACE_BOUND('',#10120,.T.);
#10120 = EDGE_LOOP('',(#10121));
#10121 = ORIENTED_EDGE('',*,*,#10122,.T.);
#10122 = EDGE_CURVE('',#10123,#10123,#10125,.T.);
#10123 = VERTEX_POINT('',#10124);
#10124 = CARTESIAN_POINT('',(163.5,-35.395,1.51));
#10125 = CIRCLE('',#10126,0.4);
#10126 = AXIS2_PLACEMENT_3D('',#10127,#10128,#10129);
#10127 = CARTESIAN_POINT('',(163.5,-34.995,1.51));
#10128 = DIRECTION('',(-0.,0.,-1.));
#10129 = DIRECTION('',(-0.,-1.,0.));
#10130 = FACE_BOUND('',#10131,.T.);
#10131 = EDGE_LOOP('',(#10132,#10143,#10151,#10160));
#10132 = ORIENTED_EDGE('',*,*,#10133,.T.);
#10133 = EDGE_CURVE('',#10134,#10136,#10138,.T.);
#10134 = VERTEX_POINT('',#10135);
#10135 = CARTESIAN_POINT('',(148.45,-23.145,1.51));
#10136 = VERTEX_POINT('',#10137);
#10137 = CARTESIAN_POINT('',(149.55,-23.145,1.51));
#10138 = CIRCLE('',#10139,0.55);
#10139 = AXIS2_PLACEMENT_3D('',#10140,#10141,#10142);
#10140 = CARTESIAN_POINT('',(149.,-23.145,1.51));
#10141 = DIRECTION('',(0.,-0.,-1.));
#10142 = DIRECTION('',(1.,1.2918958832E-14,-0.));
#10143 = ORIENTED_EDGE('',*,*,#10144,.T.);
#10144 = EDGE_CURVE('',#10136,#10145,#10147,.T.);
#10145 = VERTEX_POINT('',#10146);
#10146 = CARTESIAN_POINT('',(149.55,-23.845,1.51));
#10147 = LINE('',#10148,#10149);
#10148 = CARTESIAN_POINT('',(149.55,-11.9225,1.51));
#10149 = VECTOR('',#10150,1.);
#10150 = DIRECTION('',(0.,-1.,0.));
#10151 = ORIENTED_EDGE('',*,*,#10152,.T.);
#10152 = EDGE_CURVE('',#10145,#10153,#10155,.T.);
#10153 = VERTEX_POINT('',#10154);
#10154 = CARTESIAN_POINT('',(148.45,-23.845,1.51));
#10155 = CIRCLE('',#10156,0.55);
#10156 = AXIS2_PLACEMENT_3D('',#10157,#10158,#10159);
#10157 = CARTESIAN_POINT('',(149.,-23.845,1.51));
#10158 = DIRECTION('',(-0.,0.,-1.));
#10159 = DIRECTION('',(-1.,-1.9378438248E-14,0.));
#10160 = ORIENTED_EDGE('',*,*,#10161,.T.);
#10161 = EDGE_CURVE('',#10153,#10134,#10162,.T.);
#10162 = LINE('',#10163,#10164);
#10163 = CARTESIAN_POINT('',(148.45,-11.5725,1.51));
#10164 = VECTOR('',#10165,1.);
#10165 = DIRECTION('',(-0.,1.,0.));
#10166 = FACE_BOUND('',#10167,.T.);
#10167 = EDGE_LOOP('',(#10168,#10179,#10187,#10196));
#10168 = ORIENTED_EDGE('',*,*,#10169,.T.);
#10169 = EDGE_CURVE('',#10170,#10172,#10174,.T.);
#10170 = VERTEX_POINT('',#10171);
#10171 = CARTESIAN_POINT('',(152.72,-23.145,1.51));
#10172 = VERTEX_POINT('',#10173);
#10173 = CARTESIAN_POINT('',(153.82,-23.145,1.51));
#10174 = CIRCLE('',#10175,0.55);
#10175 = AXIS2_PLACEMENT_3D('',#10176,#10177,#10178);
#10176 = CARTESIAN_POINT('',(153.27,-23.145,1.51));
#10177 = DIRECTION('',(0.,-0.,-1.));
#10178 = DIRECTION('',(1.,6.459479416001E-15,-0.));
#10179 = ORIENTED_EDGE('',*,*,#10180,.T.);
#10180 = EDGE_CURVE('',#10172,#10181,#10183,.T.);
#10181 = VERTEX_POINT('',#10182);
#10182 = CARTESIAN_POINT('',(153.82,-23.845,1.51));
#10183 = LINE('',#10184,#10185);
#10184 = CARTESIAN_POINT('',(153.82,-11.9225,1.51));
#10185 = VECTOR('',#10186,1.);
#10186 = DIRECTION('',(0.,-1.,0.));
#10187 = ORIENTED_EDGE('',*,*,#10188,.T.);
#10188 = EDGE_CURVE('',#10181,#10189,#10191,.T.);
#10189 = VERTEX_POINT('',#10190);
#10190 = CARTESIAN_POINT('',(152.72,-23.845,1.51));
#10191 = CIRCLE('',#10192,0.55);
#10192 = AXIS2_PLACEMENT_3D('',#10193,#10194,#10195);
#10193 = CARTESIAN_POINT('',(153.27,-23.845,1.51));
#10194 = DIRECTION('',(-0.,0.,-1.));
#10195 = DIRECTION('',(-1.,-6.459479416001E-15,0.));
#10196 = ORIENTED_EDGE('',*,*,#10197,.T.);
#10197 = EDGE_CURVE('',#10189,#10170,#10198,.T.);
#10198 = LINE('',#10199,#10200);
#10199 = CARTESIAN_POINT('',(152.72,-11.5725,1.51));
#10200 = VECTOR('',#10201,1.);
#10201 = DIRECTION('',(-0.,1.,0.));
#10202 = FACE_BOUND('',#10203,.T.);
#10203 = EDGE_LOOP('',(#10204,#10215,#10223,#10232));
#10204 = ORIENTED_EDGE('',*,*,#10205,.T.);
#10205 = EDGE_CURVE('',#10206,#10208,#10210,.T.);
#10206 = VERTEX_POINT('',#10207);
#10207 = CARTESIAN_POINT('',(162.32,-23.145,1.51));
#10208 = VERTEX_POINT('',#10209);
#10209 = CARTESIAN_POINT('',(163.42,-23.145,1.51));
#10210 = CIRCLE('',#10211,0.55);
#10211 = AXIS2_PLACEMENT_3D('',#10212,#10213,#10214);
#10212 = CARTESIAN_POINT('',(162.87,-23.145,1.51));
#10213 = DIRECTION('',(0.,-0.,-1.));
#10214 = DIRECTION('',(1.,-1.9378438248E-14,0.));
#10215 = ORIENTED_EDGE('',*,*,#10216,.T.);
#10216 = EDGE_CURVE('',#10208,#10217,#10219,.T.);
#10217 = VERTEX_POINT('',#10218);
#10218 = CARTESIAN_POINT('',(163.42,-23.845,1.51));
#10219 = LINE('',#10220,#10221);
#10220 = CARTESIAN_POINT('',(163.42,-11.9225,1.51));
#10221 = VECTOR('',#10222,1.);
#10222 = DIRECTION('',(0.,-1.,0.));
#10223 = ORIENTED_EDGE('',*,*,#10224,.T.);
#10224 = EDGE_CURVE('',#10217,#10225,#10227,.T.);
#10225 = VERTEX_POINT('',#10226);
#10226 = CARTESIAN_POINT('',(162.32,-23.845,1.51));
#10227 = CIRCLE('',#10228,0.55);
#10228 = AXIS2_PLACEMENT_3D('',#10229,#10230,#10231);
#10229 = CARTESIAN_POINT('',(162.87,-23.845,1.51));
#10230 = DIRECTION('',(-0.,0.,-1.));
#10231 = DIRECTION('',(-1.,1.9378438248E-14,0.));
#10232 = ORIENTED_EDGE('',*,*,#10233,.T.);
#10233 = EDGE_CURVE('',#10225,#10206,#10234,.T.);
#10234 = LINE('',#10235,#10236);
#10235 = CARTESIAN_POINT('',(162.32,-11.5725,1.51));
#10236 = VECTOR('',#10237,1.);
#10237 = DIRECTION('',(-0.,1.,0.));
#10238 = FACE_BOUND('',#10239,.T.);
#10239 = EDGE_LOOP('',(#10240));
#10240 = ORIENTED_EDGE('',*,*,#10241,.F.);
#10241 = EDGE_CURVE('',#10242,#10242,#10244,.T.);
#10242 = VERTEX_POINT('',#10243);
#10243 = CARTESIAN_POINT('',(167.268026,-19.05,1.51));
#10244 = CIRCLE('',#10245,0.898026);
#10245 = AXIS2_PLACEMENT_3D('',#10246,#10247,#10248);
#10246 = CARTESIAN_POINT('',(166.37,-19.05,1.51));
#10247 = DIRECTION('',(0.,0.,1.));
#10248 = DIRECTION('',(1.,0.,-0.));
#10249 = PLANE('',#10250);
#10250 = AXIS2_PLACEMENT_3D('',#10251,#10252,#10253);
#10251 = CARTESIAN_POINT('',(0.,0.,1.51));
#10252 = DIRECTION('',(0.,0.,1.));
#10253 = DIRECTION('',(1.,0.,-0.));
#10254 = ADVANCED_FACE('',(#10255),#10261,.T.);
#10255 = FACE_BOUND('',#10256,.T.);
#10256 = EDGE_LOOP('',(#10257,#10258,#10259,#10260));
#10257 = ORIENTED_EDGE('',*,*,#8560,.T.);
#10258 = ORIENTED_EDGE('',*,*,#9422,.T.);
#10259 = ORIENTED_EDGE('',*,*,#8520,.F.);
#10260 = ORIENTED_EDGE('',*,*,#8584,.F.);
#10261 = PLANE('',#10262);
#10262 = AXIS2_PLACEMENT_3D('',#10263,#10264,#10265);
#10263 = CARTESIAN_POINT('',(120.65,-17.78,0.));
#10264 = DIRECTION('',(0.,1.,0.));
#10265 = DIRECTION('',(1.,0.,0.));
#10266 = ADVANCED_FACE('',(#10267),#10278,.F.);
#10267 = FACE_BOUND('',#10268,.T.);
#10268 = EDGE_LOOP('',(#10269,#10275,#10276,#10277));
#10269 = ORIENTED_EDGE('',*,*,#10270,.T.);
#10270 = EDGE_CURVE('',#8594,#9432,#10271,.T.);
#10271 = LINE('',#10272,#10273);
#10272 = CARTESIAN_POINT('',(122.818026,-66.04,0.));
#10273 = VECTOR('',#10274,1.);
#10274 = DIRECTION('',(0.,0.,1.));
#10275 = ORIENTED_EDGE('',*,*,#9431,.T.);
#10276 = ORIENTED_EDGE('',*,*,#10270,.F.);
#10277 = ORIENTED_EDGE('',*,*,#8593,.F.);
#10278 = CYLINDRICAL_SURFACE('',#10279,0.898026);
#10279 = AXIS2_PLACEMENT_3D('',#10280,#10281,#10282);
#10280 = CARTESIAN_POINT('',(121.92,-66.04,0.));
#10281 = DIRECTION('',(-0.,-0.,-1.));
#10282 = DIRECTION('',(1.,0.,-0.));
#10283 = ADVANCED_FACE('',(#10284),#10295,.F.);
#10284 = FACE_BOUND('',#10285,.T.);
#10285 = EDGE_LOOP('',(#10286,#10287,#10293,#10294));
#10286 = ORIENTED_EDGE('',*,*,#8604,.T.);
#10287 = ORIENTED_EDGE('',*,*,#10288,.T.);
#10288 = EDGE_CURVE('',#8605,#9443,#10289,.T.);
#10289 = LINE('',#10290,#10291);
#10290 = CARTESIAN_POINT('',(125.19,-62.445,-4.6E-02));
#10291 = VECTOR('',#10292,1.);
#10292 = DIRECTION('',(0.,0.,1.));
#10293 = ORIENTED_EDGE('',*,*,#9442,.F.);
#10294 = ORIENTED_EDGE('',*,*,#10288,.F.);
#10295 = CYLINDRICAL_SURFACE('',#10296,0.4);
#10296 = AXIS2_PLACEMENT_3D('',#10297,#10298,#10299);
#10297 = CARTESIAN_POINT('',(125.19,-62.045,-4.6E-02));
#10298 = DIRECTION('',(-0.,-0.,-1.));
#10299 = DIRECTION('',(-0.,-1.,0.));
#10300 = ADVANCED_FACE('',(#10301),#10312,.F.);
#10301 = FACE_BOUND('',#10302,.T.);
#10302 = EDGE_LOOP('',(#10303,#10304,#10310,#10311));
#10303 = ORIENTED_EDGE('',*,*,#8615,.T.);
#10304 = ORIENTED_EDGE('',*,*,#10305,.T.);
#10305 = EDGE_CURVE('',#8616,#9454,#10306,.T.);
#10306 = LINE('',#10307,#10308);
#10307 = CARTESIAN_POINT('',(125.19,-58.895,-4.6E-02));
#10308 = VECTOR('',#10309,1.);
#10309 = DIRECTION('',(0.,0.,1.));
#10310 = ORIENTED_EDGE('',*,*,#9453,.F.);
#10311 = ORIENTED_EDGE('',*,*,#10305,.F.);
#10312 = CYLINDRICAL_SURFACE('',#10313,0.4);
#10313 = AXIS2_PLACEMENT_3D('',#10314,#10315,#10316);
#10314 = CARTESIAN_POINT('',(125.19,-58.495,-4.6E-02));
#10315 = DIRECTION('',(-0.,-0.,-1.));
#10316 = DIRECTION('',(-0.,-1.,0.));
#10317 = ADVANCED_FACE('',(#10318),#10329,.F.);
#10318 = FACE_BOUND('',#10319,.T.);
#10319 = EDGE_LOOP('',(#10320,#10321,#10327,#10328));
#10320 = ORIENTED_EDGE('',*,*,#8626,.T.);
#10321 = ORIENTED_EDGE('',*,*,#10322,.T.);
#10322 = EDGE_CURVE('',#8627,#9465,#10323,.T.);
#10323 = LINE('',#10324,#10325);
#10324 = CARTESIAN_POINT('',(132.81,-62.445,-4.6E-02));
#10325 = VECTOR('',#10326,1.);
#10326 = DIRECTION('',(0.,0.,1.));
#10327 = ORIENTED_EDGE('',*,*,#9464,.F.);
#10328 = ORIENTED_EDGE('',*,*,#10322,.F.);
#10329 = CYLINDRICAL_SURFACE('',#10330,0.4);
#10330 = AXIS2_PLACEMENT_3D('',#10331,#10332,#10333);
#10331 = CARTESIAN_POINT('',(132.81,-62.045,-4.6E-02));
#10332 = DIRECTION('',(-0.,-0.,-1.));
#10333 = DIRECTION('',(-0.,-1.,0.));
#10334 = ADVANCED_FACE('',(#10335),#10346,.F.);
#10335 = FACE_BOUND('',#10336,.T.);
#10336 = EDGE_LOOP('',(#10337,#10338,#10344,#10345));
#10337 = ORIENTED_EDGE('',*,*,#8637,.T.);
#10338 = ORIENTED_EDGE('',*,*,#10339,.T.);
#10339 = EDGE_CURVE('',#8638,#9476,#10340,.T.);
#10340 = LINE('',#10341,#10342);
#10341 = CARTESIAN_POINT('',(141.625,-62.63,-4.6E-02));
#10342 = VECTOR('',#10343,1.);
#10343 = DIRECTION('',(0.,0.,1.));
#10344 = ORIENTED_EDGE('',*,*,#9475,.F.);
#10345 = ORIENTED_EDGE('',*,*,#10339,.F.);
#10346 = CYLINDRICAL_SURFACE('',#10347,0.4);
#10347 = AXIS2_PLACEMENT_3D('',#10348,#10349,#10350);
#10348 = CARTESIAN_POINT('',(141.625,-62.23,-4.6E-02));
#10349 = DIRECTION('',(-0.,-0.,-1.));
#10350 = DIRECTION('',(-0.,-1.,0.));
#10351 = ADVANCED_FACE('',(#10352),#10363,.F.);
#10352 = FACE_BOUND('',#10353,.T.);
#10353 = EDGE_LOOP('',(#10354,#10355,#10361,#10362));
#10354 = ORIENTED_EDGE('',*,*,#8648,.T.);
#10355 = ORIENTED_EDGE('',*,*,#10356,.T.);
#10356 = EDGE_CURVE('',#8649,#9487,#10357,.T.);
#10357 = LINE('',#10358,#10359);
#10358 = CARTESIAN_POINT('',(132.81,-58.895,-4.6E-02));
#10359 = VECTOR('',#10360,1.);
#10360 = DIRECTION('',(0.,0.,1.));
#10361 = ORIENTED_EDGE('',*,*,#9486,.F.);
#10362 = ORIENTED_EDGE('',*,*,#10356,.F.);
#10363 = CYLINDRICAL_SURFACE('',#10364,0.4);
#10364 = AXIS2_PLACEMENT_3D('',#10365,#10366,#10367);
#10365 = CARTESIAN_POINT('',(132.81,-58.495,-4.6E-02));
#10366 = DIRECTION('',(-0.,-0.,-1.));
#10367 = DIRECTION('',(-0.,-1.,0.));
#10368 = ADVANCED_FACE('',(#10369),#10380,.F.);
#10369 = FACE_BOUND('',#10370,.T.);
#10370 = EDGE_LOOP('',(#10371,#10372,#10378,#10379));
#10371 = ORIENTED_EDGE('',*,*,#8659,.T.);
#10372 = ORIENTED_EDGE('',*,*,#10373,.T.);
#10373 = EDGE_CURVE('',#8660,#9498,#10374,.T.);
#10374 = LINE('',#10375,#10376);
#10375 = CARTESIAN_POINT('',(140.97,-58.185,-4.6E-02));
#10376 = VECTOR('',#10377,1.);
#10377 = DIRECTION('',(0.,0.,1.));
#10378 = ORIENTED_EDGE('',*,*,#9497,.F.);
#10379 = ORIENTED_EDGE('',*,*,#10373,.F.);
#10380 = CYLINDRICAL_SURFACE('',#10381,0.4);
#10381 = AXIS2_PLACEMENT_3D('',#10382,#10383,#10384);
#10382 = CARTESIAN_POINT('',(140.97,-57.785,-4.6E-02));
#10383 = DIRECTION('',(-0.,-0.,-1.));
#10384 = DIRECTION('',(-0.,-1.,0.));
#10385 = ADVANCED_FACE('',(#10386),#10397,.F.);
#10386 = FACE_BOUND('',#10387,.T.);
#10387 = EDGE_LOOP('',(#10388,#10389,#10395,#10396));
#10388 = ORIENTED_EDGE('',*,*,#8670,.T.);
#10389 = ORIENTED_EDGE('',*,*,#10390,.T.);
#10390 = EDGE_CURVE('',#8671,#9509,#10391,.T.);
#10391 = LINE('',#10392,#10393);
#10392 = CARTESIAN_POINT('',(129.024888,-51.539888,-4.6E-02));
#10393 = VECTOR('',#10394,1.);
#10394 = DIRECTION('',(0.,0.,1.));
#10395 = ORIENTED_EDGE('',*,*,#9508,.F.);
#10396 = ORIENTED_EDGE('',*,*,#10390,.F.);
#10397 = CYLINDRICAL_SURFACE('',#10398,0.4);
#10398 = AXIS2_PLACEMENT_3D('',#10399,#10400,#10401);
#10399 = CARTESIAN_POINT('',(129.024888,-51.139888,-4.6E-02));
#10400 = DIRECTION('',(-0.,-0.,-1.));
#10401 = DIRECTION('',(-0.,-1.,0.));
#10402 = ADVANCED_FACE('',(#10403),#10414,.F.);
#10403 = FACE_BOUND('',#10404,.T.);
#10404 = EDGE_LOOP('',(#10405,#10406,#10412,#10413));
#10405 = ORIENTED_EDGE('',*,*,#8681,.T.);
#10406 = ORIENTED_EDGE('',*,*,#10407,.T.);
#10407 = EDGE_CURVE('',#8682,#9520,#10408,.T.);
#10408 = LINE('',#10409,#10410);
#10409 = CARTESIAN_POINT('',(131.024888,-51.539888,-4.6E-02));
#10410 = VECTOR('',#10411,1.);
#10411 = DIRECTION('',(0.,0.,1.));
#10412 = ORIENTED_EDGE('',*,*,#9519,.F.);
#10413 = ORIENTED_EDGE('',*,*,#10407,.F.);
#10414 = CYLINDRICAL_SURFACE('',#10415,0.4);
#10415 = AXIS2_PLACEMENT_3D('',#10416,#10417,#10418);
#10416 = CARTESIAN_POINT('',(131.024888,-51.139888,-4.6E-02));
#10417 = DIRECTION('',(-0.,-0.,-1.));
#10418 = DIRECTION('',(-0.,-1.,0.));
#10419 = ADVANCED_FACE('',(#10420),#10431,.F.);
#10420 = FACE_BOUND('',#10421,.T.);
#10421 = EDGE_LOOP('',(#10422,#10423,#10429,#10430));
#10422 = ORIENTED_EDGE('',*,*,#8692,.T.);
#10423 = ORIENTED_EDGE('',*,*,#10424,.T.);
#10424 = EDGE_CURVE('',#8693,#9531,#10425,.T.);
#10425 = LINE('',#10426,#10427);
#10426 = CARTESIAN_POINT('',(129.024888,-44.989888,-4.6E-02));
#10427 = VECTOR('',#10428,1.);
#10428 = DIRECTION('',(0.,0.,1.));
#10429 = ORIENTED_EDGE('',*,*,#9530,.F.);
#10430 = ORIENTED_EDGE('',*,*,#10424,.F.);
#10431 = CYLINDRICAL_SURFACE('',#10432,0.4);
#10432 = AXIS2_PLACEMENT_3D('',#10433,#10434,#10435);
#10433 = CARTESIAN_POINT('',(129.024888,-44.589888,-4.6E-02));
#10434 = DIRECTION('',(-0.,-0.,-1.));
#10435 = DIRECTION('',(-0.,-1.,0.));
#10436 = ADVANCED_FACE('',(#10437),#10448,.F.);
#10437 = FACE_BOUND('',#10438,.T.);
#10438 = EDGE_LOOP('',(#10439,#10440,#10446,#10447));
#10439 = ORIENTED_EDGE('',*,*,#8703,.T.);
#10440 = ORIENTED_EDGE('',*,*,#10441,.T.);
#10441 = EDGE_CURVE('',#8704,#9542,#10442,.T.);
#10442 = LINE('',#10443,#10444);
#10443 = CARTESIAN_POINT('',(131.024888,-44.989888,-4.6E-02));
#10444 = VECTOR('',#10445,1.);
#10445 = DIRECTION('',(0.,0.,1.));
#10446 = ORIENTED_EDGE('',*,*,#9541,.F.);
#10447 = ORIENTED_EDGE('',*,*,#10441,.F.);
#10448 = CYLINDRICAL_SURFACE('',#10449,0.4);
#10449 = AXIS2_PLACEMENT_3D('',#10450,#10451,#10452);
#10450 = CARTESIAN_POINT('',(131.024888,-44.589888,-4.6E-02));
#10451 = DIRECTION('',(-0.,-0.,-1.));
#10452 = DIRECTION('',(-0.,-1.,0.));
#10453 = ADVANCED_FACE('',(#10454),#10465,.F.);
#10454 = FACE_BOUND('',#10455,.T.);
#10455 = EDGE_LOOP('',(#10456,#10457,#10463,#10464));
#10456 = ORIENTED_EDGE('',*,*,#8714,.T.);
#10457 = ORIENTED_EDGE('',*,*,#10458,.T.);
#10458 = EDGE_CURVE('',#8715,#9553,#10459,.T.);
#10459 = LINE('',#10460,#10461);
#10460 = CARTESIAN_POINT('',(139.42,-53.105,-4.6E-02));
#10461 = VECTOR('',#10462,1.);
#10462 = DIRECTION('',(0.,0.,1.));
#10463 = ORIENTED_EDGE('',*,*,#9552,.F.);
#10464 = ORIENTED_EDGE('',*,*,#10458,.F.);
#10465 = CYLINDRICAL_SURFACE('',#10466,0.4);
#10466 = AXIS2_PLACEMENT_3D('',#10467,#10468,#10469);
#10467 = CARTESIAN_POINT('',(139.42,-52.705,-4.6E-02));
#10468 = DIRECTION('',(-0.,-0.,-1.));
#10469 = DIRECTION('',(-7.105427357601E-14,-1.,0.));
#10470 = ADVANCED_FACE('',(#10471),#10482,.F.);
#10471 = FACE_BOUND('',#10472,.T.);
#10472 = EDGE_LOOP('',(#10473,#10474,#10480,#10481));
#10473 = ORIENTED_EDGE('',*,*,#8725,.T.);
#10474 = ORIENTED_EDGE('',*,*,#10475,.T.);
#10475 = EDGE_CURVE('',#8726,#9564,#10476,.T.);
#10476 = LINE('',#10477,#10478);
#10477 = CARTESIAN_POINT('',(139.42,-48.395,-4.6E-02));
#10478 = VECTOR('',#10479,1.);
#10479 = DIRECTION('',(0.,0.,1.));
#10480 = ORIENTED_EDGE('',*,*,#9563,.F.);
#10481 = ORIENTED_EDGE('',*,*,#10475,.F.);
#10482 = CYLINDRICAL_SURFACE('',#10483,0.4);
#10483 = AXIS2_PLACEMENT_3D('',#10484,#10485,#10486);
#10484 = CARTESIAN_POINT('',(139.42,-47.995,-4.6E-02));
#10485 = DIRECTION('',(-0.,-0.,-1.));
#10486 = DIRECTION('',(-7.105427357601E-14,-1.,0.));
#10487 = ADVANCED_FACE('',(#10488),#10499,.F.);
#10488 = FACE_BOUND('',#10489,.T.);
#10489 = EDGE_LOOP('',(#10490,#10491,#10497,#10498));
#10490 = ORIENTED_EDGE('',*,*,#8736,.T.);
#10491 = ORIENTED_EDGE('',*,*,#10492,.T.);
#10492 = EDGE_CURVE('',#8737,#9575,#10493,.T.);
#10493 = LINE('',#10494,#10495);
#10494 = CARTESIAN_POINT('',(144.165,-62.63,-4.6E-02));
#10495 = VECTOR('',#10496,1.);
#10496 = DIRECTION('',(0.,0.,1.));
#10497 = ORIENTED_EDGE('',*,*,#9574,.F.);
#10498 = ORIENTED_EDGE('',*,*,#10492,.F.);
#10499 = CYLINDRICAL_SURFACE('',#10500,0.4);
#10500 = AXIS2_PLACEMENT_3D('',#10501,#10502,#10503);
#10501 = CARTESIAN_POINT('',(144.165,-62.23,-4.6E-02));
#10502 = DIRECTION('',(-0.,-0.,-1.));
#10503 = DIRECTION('',(-0.,-1.,0.));
#10504 = ADVANCED_FACE('',(#10505),#10516,.F.);
#10505 = FACE_BOUND('',#10506,.T.);
#10506 = EDGE_LOOP('',(#10507,#10508,#10514,#10515));
#10507 = ORIENTED_EDGE('',*,*,#8747,.T.);
#10508 = ORIENTED_EDGE('',*,*,#10509,.T.);
#10509 = EDGE_CURVE('',#8748,#9586,#10510,.T.);
#10510 = LINE('',#10511,#10512);
#10511 = CARTESIAN_POINT('',(155.44,-66.205,-4.6E-02));
#10512 = VECTOR('',#10513,1.);
#10513 = DIRECTION('',(0.,0.,1.));
#10514 = ORIENTED_EDGE('',*,*,#9585,.F.);
#10515 = ORIENTED_EDGE('',*,*,#10509,.F.);
#10516 = CYLINDRICAL_SURFACE('',#10517,0.4);
#10517 = AXIS2_PLACEMENT_3D('',#10518,#10519,#10520);
#10518 = CARTESIAN_POINT('',(155.44,-65.805,-4.6E-02));
#10519 = DIRECTION('',(-0.,-0.,-1.));
#10520 = DIRECTION('',(-0.,-1.,0.));
#10521 = ADVANCED_FACE('',(#10522),#10533,.F.);
#10522 = FACE_BOUND('',#10523,.T.);
#10523 = EDGE_LOOP('',(#10524,#10525,#10531,#10532));
#10524 = ORIENTED_EDGE('',*,*,#8758,.T.);
#10525 = ORIENTED_EDGE('',*,*,#10526,.T.);
#10526 = EDGE_CURVE('',#8759,#9597,#10527,.T.);
#10527 = LINE('',#10528,#10529);
#10528 = CARTESIAN_POINT('',(155.44,-58.585,-4.6E-02));
#10529 = VECTOR('',#10530,1.);
#10530 = DIRECTION('',(0.,0.,1.));
#10531 = ORIENTED_EDGE('',*,*,#9596,.F.);
#10532 = ORIENTED_EDGE('',*,*,#10526,.F.);
#10533 = CYLINDRICAL_SURFACE('',#10534,0.4);
#10534 = AXIS2_PLACEMENT_3D('',#10535,#10536,#10537);
#10535 = CARTESIAN_POINT('',(155.44,-58.185,-4.6E-02));
#10536 = DIRECTION('',(-0.,-0.,-1.));
#10537 = DIRECTION('',(-0.,-1.,0.));
#10538 = ADVANCED_FACE('',(#10539),#10550,.F.);
#10539 = FACE_BOUND('',#10540,.T.);
#10540 = EDGE_LOOP('',(#10541,#10542,#10548,#10549));
#10541 = ORIENTED_EDGE('',*,*,#8769,.T.);
#10542 = ORIENTED_EDGE('',*,*,#10543,.T.);
#10543 = EDGE_CURVE('',#8770,#9608,#10544,.T.);
#10544 = LINE('',#10545,#10546);
#10545 = CARTESIAN_POINT('',(151.13,-58.185,-4.6E-02));
#10546 = VECTOR('',#10547,1.);
#10547 = DIRECTION('',(0.,0.,1.));
#10548 = ORIENTED_EDGE('',*,*,#9607,.F.);
#10549 = ORIENTED_EDGE('',*,*,#10543,.F.);
#10550 = CYLINDRICAL_SURFACE('',#10551,0.4);
#10551 = AXIS2_PLACEMENT_3D('',#10552,#10553,#10554);
#10552 = CARTESIAN_POINT('',(151.13,-57.785,-4.6E-02));
#10553 = DIRECTION('',(-0.,-0.,-1.));
#10554 = DIRECTION('',(-0.,-1.,0.));
#10555 = ADVANCED_FACE('',(#10556),#10567,.F.);
#10556 = FACE_BOUND('',#10557,.T.);
#10557 = EDGE_LOOP('',(#10558,#10559,#10565,#10566));
#10558 = ORIENTED_EDGE('',*,*,#8780,.T.);
#10559 = ORIENTED_EDGE('',*,*,#10560,.T.);
#10560 = EDGE_CURVE('',#8781,#9619,#10561,.T.);
#10561 = LINE('',#10562,#10563);
#10562 = CARTESIAN_POINT('',(157.98,-66.205,-4.6E-02));
#10563 = VECTOR('',#10564,1.);
#10564 = DIRECTION('',(0.,0.,1.));
#10565 = ORIENTED_EDGE('',*,*,#9618,.F.);
#10566 = ORIENTED_EDGE('',*,*,#10560,.F.);
#10567 = CYLINDRICAL_SURFACE('',#10568,0.4);
#10568 = AXIS2_PLACEMENT_3D('',#10569,#10570,#10571);
#10569 = CARTESIAN_POINT('',(157.98,-65.805,-4.6E-02));
#10570 = DIRECTION('',(-0.,-0.,-1.));
#10571 = DIRECTION('',(-7.105427357601E-14,-1.,0.));
#10572 = ADVANCED_FACE('',(#10573),#10584,.F.);
#10573 = FACE_BOUND('',#10574,.T.);
#10574 = EDGE_LOOP('',(#10575,#10576,#10582,#10583));
#10575 = ORIENTED_EDGE('',*,*,#8791,.T.);
#10576 = ORIENTED_EDGE('',*,*,#10577,.T.);
#10577 = EDGE_CURVE('',#8792,#9630,#10578,.T.);
#10578 = LINE('',#10579,#10580);
#10579 = CARTESIAN_POINT('',(160.52,-66.205,-4.6E-02));
#10580 = VECTOR('',#10581,1.);
#10581 = DIRECTION('',(0.,0.,1.));
#10582 = ORIENTED_EDGE('',*,*,#9629,.F.);
#10583 = ORIENTED_EDGE('',*,*,#10577,.F.);
#10584 = CYLINDRICAL_SURFACE('',#10585,0.4);
#10585 = AXIS2_PLACEMENT_3D('',#10586,#10587,#10588);
#10586 = CARTESIAN_POINT('',(160.52,-65.805,-4.6E-02));
#10587 = DIRECTION('',(-0.,0.,-1.));
#10588 = DIRECTION('',(7.105427357601E-14,-1.,-0.));
#10589 = ADVANCED_FACE('',(#10590),#10601,.F.);
#10590 = FACE_BOUND('',#10591,.T.);
#10591 = EDGE_LOOP('',(#10592,#10593,#10599,#10600));
#10592 = ORIENTED_EDGE('',*,*,#8802,.T.);
#10593 = ORIENTED_EDGE('',*,*,#10594,.T.);
#10594 = EDGE_CURVE('',#8803,#9641,#10595,.T.);
#10595 = LINE('',#10596,#10597);
#10596 = CARTESIAN_POINT('',(163.06,-66.205,-4.6E-02));
#10597 = VECTOR('',#10598,1.);
#10598 = DIRECTION('',(0.,0.,1.));
#10599 = ORIENTED_EDGE('',*,*,#9640,.F.);
#10600 = ORIENTED_EDGE('',*,*,#10594,.F.);
#10601 = CYLINDRICAL_SURFACE('',#10602,0.4);
#10602 = AXIS2_PLACEMENT_3D('',#10603,#10604,#10605);
#10603 = CARTESIAN_POINT('',(163.06,-65.805,-4.6E-02));
#10604 = DIRECTION('',(-0.,-0.,-1.));
#10605 = DIRECTION('',(-0.,-1.,0.));
#10606 = ADVANCED_FACE('',(#10607),#10618,.F.);
#10607 = FACE_BOUND('',#10608,.T.);
#10608 = EDGE_LOOP('',(#10609,#10615,#10616,#10617));
#10609 = ORIENTED_EDGE('',*,*,#10610,.T.);
#10610 = EDGE_CURVE('',#8814,#9652,#10611,.T.);
#10611 = LINE('',#10612,#10613);
#10612 = CARTESIAN_POINT('',(167.268026,-66.04,0.));
#10613 = VECTOR('',#10614,1.);
#10614 = DIRECTION('',(0.,0.,1.));
#10615 = ORIENTED_EDGE('',*,*,#9651,.T.);
#10616 = ORIENTED_EDGE('',*,*,#10610,.F.);
#10617 = ORIENTED_EDGE('',*,*,#8813,.F.);
#10618 = CYLINDRICAL_SURFACE('',#10619,0.898026);
#10619 = AXIS2_PLACEMENT_3D('',#10620,#10621,#10622);
#10620 = CARTESIAN_POINT('',(166.37,-66.04,0.));
#10621 = DIRECTION('',(-0.,-0.,-1.));
#10622 = DIRECTION('',(1.,0.,-0.));
#10623 = ADVANCED_FACE('',(#10624),#10635,.F.);
#10624 = FACE_BOUND('',#10625,.T.);
#10625 = EDGE_LOOP('',(#10626,#10627,#10633,#10634));
#10626 = ORIENTED_EDGE('',*,*,#8824,.T.);
#10627 = ORIENTED_EDGE('',*,*,#10628,.T.);
#10628 = EDGE_CURVE('',#8825,#9663,#10629,.T.);
#10629 = LINE('',#10630,#10631);
#10630 = CARTESIAN_POINT('',(157.98,-58.585,-4.6E-02));
#10631 = VECTOR('',#10632,1.);
#10632 = DIRECTION('',(0.,0.,1.));
#10633 = ORIENTED_EDGE('',*,*,#9662,.F.);
#10634 = ORIENTED_EDGE('',*,*,#10628,.F.);
#10635 = CYLINDRICAL_SURFACE('',#10636,0.4);
#10636 = AXIS2_PLACEMENT_3D('',#10637,#10638,#10639);
#10637 = CARTESIAN_POINT('',(157.98,-58.185,-4.6E-02));
#10638 = DIRECTION('',(-0.,-0.,-1.));
#10639 = DIRECTION('',(-7.105427357601E-14,-1.,0.));
#10640 = ADVANCED_FACE('',(#10641),#10652,.F.);
#10641 = FACE_BOUND('',#10642,.T.);
#10642 = EDGE_LOOP('',(#10643,#10644,#10650,#10651));
#10643 = ORIENTED_EDGE('',*,*,#8835,.T.);
#10644 = ORIENTED_EDGE('',*,*,#10645,.T.);
#10645 = EDGE_CURVE('',#8836,#9674,#10646,.T.);
#10646 = LINE('',#10647,#10648);
#10647 = CARTESIAN_POINT('',(160.52,-58.585,-4.6E-02));
#10648 = VECTOR('',#10649,1.);
#10649 = DIRECTION('',(0.,0.,1.));
#10650 = ORIENTED_EDGE('',*,*,#9673,.F.);
#10651 = ORIENTED_EDGE('',*,*,#10645,.F.);
#10652 = CYLINDRICAL_SURFACE('',#10653,0.4);
#10653 = AXIS2_PLACEMENT_3D('',#10654,#10655,#10656);
#10654 = CARTESIAN_POINT('',(160.52,-58.185,-4.6E-02));
#10655 = DIRECTION('',(-0.,0.,-1.));
#10656 = DIRECTION('',(7.105427357601E-14,-1.,-0.));
#10657 = ADVANCED_FACE('',(#10658),#10669,.F.);
#10658 = FACE_BOUND('',#10659,.T.);
#10659 = EDGE_LOOP('',(#10660,#10661,#10667,#10668));
#10660 = ORIENTED_EDGE('',*,*,#8846,.T.);
#10661 = ORIENTED_EDGE('',*,*,#10662,.T.);
#10662 = EDGE_CURVE('',#8847,#9685,#10663,.T.);
#10663 = LINE('',#10664,#10665);
#10664 = CARTESIAN_POINT('',(163.06,-58.585,-4.6E-02));
#10665 = VECTOR('',#10666,1.);
#10666 = DIRECTION('',(0.,0.,1.));
#10667 = ORIENTED_EDGE('',*,*,#9684,.F.);
#10668 = ORIENTED_EDGE('',*,*,#10662,.F.);
#10669 = CYLINDRICAL_SURFACE('',#10670,0.4);
#10670 = AXIS2_PLACEMENT_3D('',#10671,#10672,#10673);
#10671 = CARTESIAN_POINT('',(163.06,-58.185,-4.6E-02));
#10672 = DIRECTION('',(-0.,-0.,-1.));
#10673 = DIRECTION('',(-0.,-1.,0.));
#10674 = ADVANCED_FACE('',(#10675),#10686,.F.);
#10675 = FACE_BOUND('',#10676,.T.);
#10676 = EDGE_LOOP('',(#10677,#10678,#10684,#10685));
#10677 = ORIENTED_EDGE('',*,*,#8857,.T.);
#10678 = ORIENTED_EDGE('',*,*,#10679,.T.);
#10679 = EDGE_CURVE('',#8858,#9696,#10680,.T.);
#10680 = LINE('',#10681,#10682);
#10681 = CARTESIAN_POINT('',(149.58,-53.105,-4.6E-02));
#10682 = VECTOR('',#10683,1.);
#10683 = DIRECTION('',(0.,0.,1.));
#10684 = ORIENTED_EDGE('',*,*,#9695,.F.);
#10685 = ORIENTED_EDGE('',*,*,#10679,.F.);
#10686 = CYLINDRICAL_SURFACE('',#10687,0.4);
#10687 = AXIS2_PLACEMENT_3D('',#10688,#10689,#10690);
#10688 = CARTESIAN_POINT('',(149.58,-52.705,-4.6E-02));
#10689 = DIRECTION('',(-0.,0.,-1.));
#10690 = DIRECTION('',(7.105427357601E-14,-1.,-0.));
#10691 = ADVANCED_FACE('',(#10692),#10703,.F.);
#10692 = FACE_BOUND('',#10693,.T.);
#10693 = EDGE_LOOP('',(#10694,#10695,#10701,#10702));
#10694 = ORIENTED_EDGE('',*,*,#8868,.T.);
#10695 = ORIENTED_EDGE('',*,*,#10696,.T.);
#10696 = EDGE_CURVE('',#8869,#9707,#10697,.T.);
#10697 = LINE('',#10698,#10699);
#10698 = CARTESIAN_POINT('',(149.58,-48.395,-4.6E-02));
#10699 = VECTOR('',#10700,1.);
#10700 = DIRECTION('',(0.,0.,1.));
#10701 = ORIENTED_EDGE('',*,*,#9706,.F.);
#10702 = ORIENTED_EDGE('',*,*,#10696,.F.);
#10703 = CYLINDRICAL_SURFACE('',#10704,0.4);
#10704 = AXIS2_PLACEMENT_3D('',#10705,#10706,#10707);
#10705 = CARTESIAN_POINT('',(149.58,-47.995,-4.6E-02));
#10706 = DIRECTION('',(-0.,0.,-1.));
#10707 = DIRECTION('',(7.105427357601E-14,-1.,-0.));
#10708 = ADVANCED_FACE('',(#10709),#10720,.F.);
#10709 = FACE_BOUND('',#10710,.T.);
#10710 = EDGE_LOOP('',(#10711,#10712,#10718,#10719));
#10711 = ORIENTED_EDGE('',*,*,#8879,.T.);
#10712 = ORIENTED_EDGE('',*,*,#10713,.T.);
#10713 = EDGE_CURVE('',#8880,#9718,#10714,.T.);
#10714 = LINE('',#10715,#10716);
#10715 = CARTESIAN_POINT('',(161.,-52.895,-4.6E-02));
#10716 = VECTOR('',#10717,1.);
#10717 = DIRECTION('',(0.,0.,1.));
#10718 = ORIENTED_EDGE('',*,*,#9717,.F.);
#10719 = ORIENTED_EDGE('',*,*,#10713,.F.);
#10720 = CYLINDRICAL_SURFACE('',#10721,0.4);
#10721 = AXIS2_PLACEMENT_3D('',#10722,#10723,#10724);
#10722 = CARTESIAN_POINT('',(161.,-52.495,-4.6E-02));
#10723 = DIRECTION('',(-0.,-0.,-1.));
#10724 = DIRECTION('',(-0.,-1.,0.));
#10725 = ADVANCED_FACE('',(#10726),#10737,.F.);
#10726 = FACE_BOUND('',#10727,.T.);
#10727 = EDGE_LOOP('',(#10728,#10729,#10735,#10736));
#10728 = ORIENTED_EDGE('',*,*,#8890,.T.);
#10729 = ORIENTED_EDGE('',*,*,#10730,.T.);
#10730 = EDGE_CURVE('',#8891,#9729,#10731,.T.);
#10731 = LINE('',#10732,#10733);
#10732 = CARTESIAN_POINT('',(163.5,-52.895,-4.6E-02));
#10733 = VECTOR('',#10734,1.);
#10734 = DIRECTION('',(0.,0.,1.));
#10735 = ORIENTED_EDGE('',*,*,#9728,.F.);
#10736 = ORIENTED_EDGE('',*,*,#10730,.F.);
#10737 = CYLINDRICAL_SURFACE('',#10738,0.4);
#10738 = AXIS2_PLACEMENT_3D('',#10739,#10740,#10741);
#10739 = CARTESIAN_POINT('',(163.5,-52.495,-4.6E-02));
#10740 = DIRECTION('',(-0.,-0.,-1.));
#10741 = DIRECTION('',(-0.,-1.,0.));
#10742 = ADVANCED_FACE('',(#10743),#10754,.F.);
#10743 = FACE_BOUND('',#10744,.T.);
#10744 = EDGE_LOOP('',(#10745,#10746,#10752,#10753));
#10745 = ORIENTED_EDGE('',*,*,#8901,.T.);
#10746 = ORIENTED_EDGE('',*,*,#10747,.T.);
#10747 = EDGE_CURVE('',#8902,#9740,#10748,.T.);
#10748 = LINE('',#10749,#10750);
#10749 = CARTESIAN_POINT('',(161.,-46.895,-4.6E-02));
#10750 = VECTOR('',#10751,1.);
#10751 = DIRECTION('',(0.,0.,1.));
#10752 = ORIENTED_EDGE('',*,*,#9739,.F.);
#10753 = ORIENTED_EDGE('',*,*,#10747,.F.);
#10754 = CYLINDRICAL_SURFACE('',#10755,0.4);
#10755 = AXIS2_PLACEMENT_3D('',#10756,#10757,#10758);
#10756 = CARTESIAN_POINT('',(161.,-46.495,-4.6E-02));
#10757 = DIRECTION('',(-0.,-0.,-1.));
#10758 = DIRECTION('',(-0.,-1.,0.));
#10759 = ADVANCED_FACE('',(#10760),#10771,.F.);
#10760 = FACE_BOUND('',#10761,.T.);
#10761 = EDGE_LOOP('',(#10762,#10763,#10769,#10770));
#10762 = ORIENTED_EDGE('',*,*,#8912,.T.);
#10763 = ORIENTED_EDGE('',*,*,#10764,.T.);
#10764 = EDGE_CURVE('',#8913,#9751,#10765,.T.);
#10765 = LINE('',#10766,#10767);
#10766 = CARTESIAN_POINT('',(163.5,-46.895,-4.6E-02));
#10767 = VECTOR('',#10768,1.);
#10768 = DIRECTION('',(0.,0.,1.));
#10769 = ORIENTED_EDGE('',*,*,#9750,.F.);
#10770 = ORIENTED_EDGE('',*,*,#10764,.F.);
#10771 = CYLINDRICAL_SURFACE('',#10772,0.4);
#10772 = AXIS2_PLACEMENT_3D('',#10773,#10774,#10775);
#10773 = CARTESIAN_POINT('',(163.5,-46.495,-4.6E-02));
#10774 = DIRECTION('',(-0.,-0.,-1.));
#10775 = DIRECTION('',(-0.,-1.,0.));
#10776 = ADVANCED_FACE('',(#10777),#10788,.F.);
#10777 = FACE_BOUND('',#10778,.T.);
#10778 = EDGE_LOOP('',(#10779,#10780,#10786,#10787));
#10779 = ORIENTED_EDGE('',*,*,#8923,.T.);
#10780 = ORIENTED_EDGE('',*,*,#10781,.T.);
#10781 = EDGE_CURVE('',#8924,#9762,#10782,.T.);
#10782 = LINE('',#10783,#10784);
#10783 = CARTESIAN_POINT('',(125.095,-42.925,-4.6E-02));
#10784 = VECTOR('',#10785,1.);
#10785 = DIRECTION('',(0.,0.,1.));
#10786 = ORIENTED_EDGE('',*,*,#9761,.F.);
#10787 = ORIENTED_EDGE('',*,*,#10781,.F.);
#10788 = CYLINDRICAL_SURFACE('',#10789,0.4);
#10789 = AXIS2_PLACEMENT_3D('',#10790,#10791,#10792);
#10790 = CARTESIAN_POINT('',(125.095,-42.525,-4.6E-02));
#10791 = DIRECTION('',(-0.,-0.,-1.));
#10792 = DIRECTION('',(-0.,-1.,0.));
#10793 = ADVANCED_FACE('',(#10794),#10805,.F.);
#10794 = FACE_BOUND('',#10795,.T.);
#10795 = EDGE_LOOP('',(#10796,#10797,#10803,#10804));
#10796 = ORIENTED_EDGE('',*,*,#8934,.T.);
#10797 = ORIENTED_EDGE('',*,*,#10798,.T.);
#10798 = EDGE_CURVE('',#8935,#9773,#10799,.T.);
#10799 = LINE('',#10800,#10801);
#10800 = CARTESIAN_POINT('',(125.095,-40.385,-4.6E-02));
#10801 = VECTOR('',#10802,1.);
#10802 = DIRECTION('',(0.,0.,1.));
#10803 = ORIENTED_EDGE('',*,*,#9772,.F.);
#10804 = ORIENTED_EDGE('',*,*,#10798,.F.);
#10805 = CYLINDRICAL_SURFACE('',#10806,0.4);
#10806 = AXIS2_PLACEMENT_3D('',#10807,#10808,#10809);
#10807 = CARTESIAN_POINT('',(125.095,-39.985,-4.6E-02));
#10808 = DIRECTION('',(-0.,-0.,-1.));
#10809 = DIRECTION('',(-0.,-1.,0.));
#10810 = ADVANCED_FACE('',(#10811),#10822,.F.);
#10811 = FACE_BOUND('',#10812,.T.);
#10812 = EDGE_LOOP('',(#10813,#10814,#10820,#10821));
#10813 = ORIENTED_EDGE('',*,*,#8945,.T.);
#10814 = ORIENTED_EDGE('',*,*,#10815,.T.);
#10815 = EDGE_CURVE('',#8946,#9784,#10816,.T.);
#10816 = LINE('',#10817,#10818);
#10817 = CARTESIAN_POINT('',(129.024888,-38.439888,-4.6E-02));
#10818 = VECTOR('',#10819,1.);
#10819 = DIRECTION('',(0.,0.,1.));
#10820 = ORIENTED_EDGE('',*,*,#9783,.F.);
#10821 = ORIENTED_EDGE('',*,*,#10815,.F.);
#10822 = CYLINDRICAL_SURFACE('',#10823,0.4);
#10823 = AXIS2_PLACEMENT_3D('',#10824,#10825,#10826);
#10824 = CARTESIAN_POINT('',(129.024888,-38.039888,-4.6E-02));
#10825 = DIRECTION('',(-0.,-0.,-1.));
#10826 = DIRECTION('',(-0.,-1.,0.));
#10827 = ADVANCED_FACE('',(#10828),#10839,.F.);
#10828 = FACE_BOUND('',#10829,.T.);
#10829 = EDGE_LOOP('',(#10830,#10831,#10837,#10838));
#10830 = ORIENTED_EDGE('',*,*,#8956,.T.);
#10831 = ORIENTED_EDGE('',*,*,#10832,.T.);
#10832 = EDGE_CURVE('',#8957,#9795,#10833,.T.);
#10833 = LINE('',#10834,#10835);
#10834 = CARTESIAN_POINT('',(131.024888,-38.439888,-4.6E-02));
#10835 = VECTOR('',#10836,1.);
#10836 = DIRECTION('',(0.,0.,1.));
#10837 = ORIENTED_EDGE('',*,*,#9794,.F.);
#10838 = ORIENTED_EDGE('',*,*,#10832,.F.);
#10839 = CYLINDRICAL_SURFACE('',#10840,0.4);
#10840 = AXIS2_PLACEMENT_3D('',#10841,#10842,#10843);
#10841 = CARTESIAN_POINT('',(131.024888,-38.039888,-4.6E-02));
#10842 = DIRECTION('',(-0.,-0.,-1.));
#10843 = DIRECTION('',(-0.,-1.,0.));
#10844 = ADVANCED_FACE('',(#10845),#10856,.F.);
#10845 = FACE_BOUND('',#10846,.T.);
#10846 = EDGE_LOOP('',(#10847,#10848,#10854,#10855));
#10847 = ORIENTED_EDGE('',*,*,#8967,.T.);
#10848 = ORIENTED_EDGE('',*,*,#10849,.T.);
#10849 = EDGE_CURVE('',#8968,#9806,#10850,.T.);
#10850 = LINE('',#10851,#10852);
#10851 = CARTESIAN_POINT('',(127.83,-31.495,-4.6E-02));
#10852 = VECTOR('',#10853,1.);
#10853 = DIRECTION('',(0.,0.,1.));
#10854 = ORIENTED_EDGE('',*,*,#9805,.F.);
#10855 = ORIENTED_EDGE('',*,*,#10849,.F.);
#10856 = CYLINDRICAL_SURFACE('',#10857,0.5);
#10857 = AXIS2_PLACEMENT_3D('',#10858,#10859,#10860);
#10858 = CARTESIAN_POINT('',(127.83,-30.995,-4.6E-02));
#10859 = DIRECTION('',(-0.,-0.,-1.));
#10860 = DIRECTION('',(-2.84217094304E-14,-1.,0.));
#10861 = ADVANCED_FACE('',(#10862),#10873,.F.);
#10862 = FACE_BOUND('',#10863,.T.);
#10863 = EDGE_LOOP('',(#10864,#10865,#10871,#10872));
#10864 = ORIENTED_EDGE('',*,*,#8978,.T.);
#10865 = ORIENTED_EDGE('',*,*,#10866,.T.);
#10866 = EDGE_CURVE('',#8979,#9817,#10867,.T.);
#10867 = LINE('',#10868,#10869);
#10868 = CARTESIAN_POINT('',(130.33,-31.495,-4.6E-02));
#10869 = VECTOR('',#10870,1.);
#10870 = DIRECTION('',(0.,0.,1.));
#10871 = ORIENTED_EDGE('',*,*,#9816,.F.);
#10872 = ORIENTED_EDGE('',*,*,#10866,.F.);
#10873 = CYLINDRICAL_SURFACE('',#10874,0.5);
#10874 = AXIS2_PLACEMENT_3D('',#10875,#10876,#10877);
#10875 = CARTESIAN_POINT('',(130.33,-30.995,-4.6E-02));
#10876 = DIRECTION('',(-0.,-0.,-1.));
#10877 = DIRECTION('',(-0.,-1.,0.));
#10878 = ADVANCED_FACE('',(#10879),#10890,.F.);
#10879 = FACE_BOUND('',#10880,.T.);
#10880 = EDGE_LOOP('',(#10881,#10882,#10888,#10889));
#10881 = ORIENTED_EDGE('',*,*,#8989,.T.);
#10882 = ORIENTED_EDGE('',*,*,#10883,.T.);
#10883 = EDGE_CURVE('',#8990,#9828,#10884,.T.);
#10884 = LINE('',#10885,#10886);
#10885 = CARTESIAN_POINT('',(139.42,-41.895,-4.6E-02));
#10886 = VECTOR('',#10887,1.);
#10887 = DIRECTION('',(0.,0.,1.));
#10888 = ORIENTED_EDGE('',*,*,#9827,.F.);
#10889 = ORIENTED_EDGE('',*,*,#10883,.F.);
#10890 = CYLINDRICAL_SURFACE('',#10891,0.4);
#10891 = AXIS2_PLACEMENT_3D('',#10892,#10893,#10894);
#10892 = CARTESIAN_POINT('',(139.42,-41.495,-4.6E-02));
#10893 = DIRECTION('',(-0.,-0.,-1.));
#10894 = DIRECTION('',(-7.105427357601E-14,-1.,0.));
#10895 = ADVANCED_FACE('',(#10896),#10907,.F.);
#10896 = FACE_BOUND('',#10897,.T.);
#10897 = EDGE_LOOP('',(#10898,#10899,#10905,#10906));
#10898 = ORIENTED_EDGE('',*,*,#9000,.T.);
#10899 = ORIENTED_EDGE('',*,*,#10900,.T.);
#10900 = EDGE_CURVE('',#9001,#9839,#10901,.T.);
#10901 = LINE('',#10902,#10903);
#10902 = CARTESIAN_POINT('',(132.83,-31.495,-4.6E-02));
#10903 = VECTOR('',#10904,1.);
#10904 = DIRECTION('',(0.,0.,1.));
#10905 = ORIENTED_EDGE('',*,*,#9838,.F.);
#10906 = ORIENTED_EDGE('',*,*,#10900,.F.);
#10907 = CYLINDRICAL_SURFACE('',#10908,0.5);
#10908 = AXIS2_PLACEMENT_3D('',#10909,#10910,#10911);
#10909 = CARTESIAN_POINT('',(132.83,-30.995,-4.6E-02));
#10910 = DIRECTION('',(-0.,-0.,-1.));
#10911 = DIRECTION('',(-0.,-1.,0.));
#10912 = ADVANCED_FACE('',(#10913),#10924,.F.);
#10913 = FACE_BOUND('',#10914,.T.);
#10914 = EDGE_LOOP('',(#10915,#10916,#10922,#10923));
#10915 = ORIENTED_EDGE('',*,*,#9011,.T.);
#10916 = ORIENTED_EDGE('',*,*,#10917,.T.);
#10917 = EDGE_CURVE('',#9012,#9850,#10918,.T.);
#10918 = LINE('',#10919,#10920);
#10919 = CARTESIAN_POINT('',(139.42,-35.895,-4.6E-02));
#10920 = VECTOR('',#10921,1.);
#10921 = DIRECTION('',(0.,0.,1.));
#10922 = ORIENTED_EDGE('',*,*,#9849,.F.);
#10923 = ORIENTED_EDGE('',*,*,#10917,.F.);
#10924 = CYLINDRICAL_SURFACE('',#10925,0.4);
#10925 = AXIS2_PLACEMENT_3D('',#10926,#10927,#10928);
#10926 = CARTESIAN_POINT('',(139.42,-35.495,-4.6E-02));
#10927 = DIRECTION('',(-0.,-0.,-1.));
#10928 = DIRECTION('',(-7.105427357601E-14,-1.,0.));
#10929 = ADVANCED_FACE('',(#10930),#10941,.F.);
#10930 = FACE_BOUND('',#10931,.T.);
#10931 = EDGE_LOOP('',(#10932,#10933,#10939,#10940));
#10932 = ORIENTED_EDGE('',*,*,#9022,.T.);
#10933 = ORIENTED_EDGE('',*,*,#10934,.T.);
#10934 = EDGE_CURVE('',#9023,#9861,#10935,.T.);
#10935 = LINE('',#10936,#10937);
#10936 = CARTESIAN_POINT('',(141.7,-31.495,-4.6E-02));
#10937 = VECTOR('',#10938,1.);
#10938 = DIRECTION('',(0.,0.,1.));
#10939 = ORIENTED_EDGE('',*,*,#9860,.F.);
#10940 = ORIENTED_EDGE('',*,*,#10934,.F.);
#10941 = CYLINDRICAL_SURFACE('',#10942,0.5);
#10942 = AXIS2_PLACEMENT_3D('',#10943,#10944,#10945);
#10943 = CARTESIAN_POINT('',(141.7,-30.995,-4.6E-02));
#10944 = DIRECTION('',(-0.,-0.,-1.));
#10945 = DIRECTION('',(-0.,-1.,0.));
#10946 = ADVANCED_FACE('',(#10947),#10963,.F.);
#10947 = FACE_BOUND('',#10948,.T.);
#10948 = EDGE_LOOP('',(#10949,#10950,#10956,#10957));
#10949 = ORIENTED_EDGE('',*,*,#9033,.T.);
#10950 = ORIENTED_EDGE('',*,*,#10951,.T.);
#10951 = EDGE_CURVE('',#9036,#9874,#10952,.T.);
#10952 = LINE('',#10953,#10954);
#10953 = CARTESIAN_POINT('',(126.08,-23.145,-4.6E-02));
#10954 = VECTOR('',#10955,1.);
#10955 = DIRECTION('',(0.,0.,1.));
#10956 = ORIENTED_EDGE('',*,*,#9871,.F.);
#10957 = ORIENTED_EDGE('',*,*,#10958,.F.);
#10958 = EDGE_CURVE('',#9034,#9872,#10959,.T.);
#10959 = LINE('',#10960,#10961);
#10960 = CARTESIAN_POINT('',(124.98,-23.145,-4.6E-02));
#10961 = VECTOR('',#10962,1.);
#10962 = DIRECTION('',(0.,0.,1.));
#10963 = CYLINDRICAL_SURFACE('',#10964,0.55);
#10964 = AXIS2_PLACEMENT_3D('',#10965,#10966,#10967);
#10965 = CARTESIAN_POINT('',(125.53,-23.145,-4.6E-02));
#10966 = DIRECTION('',(-0.,-0.,-1.));
#10967 = DIRECTION('',(1.,6.459479416001E-15,-0.));
#10968 = ADVANCED_FACE('',(#10969),#10980,.T.);
#10969 = FACE_BOUND('',#10970,.T.);
#10970 = EDGE_LOOP('',(#10971,#10972,#10973,#10974));
#10971 = ORIENTED_EDGE('',*,*,#9061,.T.);
#10972 = ORIENTED_EDGE('',*,*,#10958,.T.);
#10973 = ORIENTED_EDGE('',*,*,#9899,.F.);
#10974 = ORIENTED_EDGE('',*,*,#10975,.F.);
#10975 = EDGE_CURVE('',#9053,#9891,#10976,.T.);
#10976 = LINE('',#10977,#10978);
#10977 = CARTESIAN_POINT('',(124.98,-23.845,-4.6E-02));
#10978 = VECTOR('',#10979,1.);
#10979 = DIRECTION('',(0.,0.,1.));
#10980 = PLANE('',#10981);
#10981 = AXIS2_PLACEMENT_3D('',#10982,#10983,#10984);
#10982 = CARTESIAN_POINT('',(124.98,-23.145,-4.6E-02));
#10983 = DIRECTION('',(1.,0.,-0.));
#10984 = DIRECTION('',(0.,-1.,0.));
#10985 = ADVANCED_FACE('',(#10986),#10997,.F.);
#10986 = FACE_BOUND('',#10987,.T.);
#10987 = EDGE_LOOP('',(#10988,#10989,#10990,#10991));
#10988 = ORIENTED_EDGE('',*,*,#9052,.T.);
#10989 = ORIENTED_EDGE('',*,*,#10975,.T.);
#10990 = ORIENTED_EDGE('',*,*,#9890,.F.);
#10991 = ORIENTED_EDGE('',*,*,#10992,.F.);
#10992 = EDGE_CURVE('',#9045,#9883,#10993,.T.);
#10993 = LINE('',#10994,#10995);
#10994 = CARTESIAN_POINT('',(126.08,-23.845,-4.6E-02));
#10995 = VECTOR('',#10996,1.);
#10996 = DIRECTION('',(0.,0.,1.));
#10997 = CYLINDRICAL_SURFACE('',#10998,0.55);
#10998 = AXIS2_PLACEMENT_3D('',#10999,#11000,#11001);
#10999 = CARTESIAN_POINT('',(125.53,-23.845,-4.6E-02));
#11000 = DIRECTION('',(-0.,-0.,-1.));
#11001 = DIRECTION('',(-1.,-1.2918958832E-14,0.));
#11002 = ADVANCED_FACE('',(#11003),#11009,.T.);
#11003 = FACE_BOUND('',#11004,.T.);
#11004 = EDGE_LOOP('',(#11005,#11006,#11007,#11008));
#11005 = ORIENTED_EDGE('',*,*,#9044,.T.);
#11006 = ORIENTED_EDGE('',*,*,#10992,.T.);
#11007 = ORIENTED_EDGE('',*,*,#9882,.F.);
#11008 = ORIENTED_EDGE('',*,*,#10951,.F.);
#11009 = PLANE('',#11010);
#11010 = AXIS2_PLACEMENT_3D('',#11011,#11012,#11013);
#11011 = CARTESIAN_POINT('',(126.08,-23.845,-4.6E-02));
#11012 = DIRECTION('',(-1.,0.,0.));
#11013 = DIRECTION('',(0.,1.,0.));
#11014 = ADVANCED_FACE('',(#11015),#11026,.F.);
#11015 = FACE_BOUND('',#11016,.T.);
#11016 = EDGE_LOOP('',(#11017,#11023,#11024,#11025));
#11017 = ORIENTED_EDGE('',*,*,#11018,.T.);
#11018 = EDGE_CURVE('',#9070,#9908,#11019,.T.);
#11019 = LINE('',#11020,#11021);
#11020 = CARTESIAN_POINT('',(122.818026,-19.05,0.));
#11021 = VECTOR('',#11022,1.);
#11022 = DIRECTION('',(0.,0.,1.));
#11023 = ORIENTED_EDGE('',*,*,#9907,.T.);
#11024 = ORIENTED_EDGE('',*,*,#11018,.F.);
#11025 = ORIENTED_EDGE('',*,*,#9069,.F.);
#11026 = CYLINDRICAL_SURFACE('',#11027,0.898026);
#11027 = AXIS2_PLACEMENT_3D('',#11028,#11029,#11030);
#11028 = CARTESIAN_POINT('',(121.92,-19.05,0.));
#11029 = DIRECTION('',(-0.,-0.,-1.));
#11030 = DIRECTION('',(1.,0.,-0.));
#11031 = ADVANCED_FACE('',(#11032),#11048,.F.);
#11032 = FACE_BOUND('',#11033,.T.);
#11033 = EDGE_LOOP('',(#11034,#11035,#11041,#11042));
#11034 = ORIENTED_EDGE('',*,*,#9080,.T.);
#11035 = ORIENTED_EDGE('',*,*,#11036,.T.);
#11036 = EDGE_CURVE('',#9083,#9921,#11037,.T.);
#11037 = LINE('',#11038,#11039);
#11038 = CARTESIAN_POINT('',(135.68,-23.145,-4.6E-02));
#11039 = VECTOR('',#11040,1.);
#11040 = DIRECTION('',(0.,0.,1.));
#11041 = ORIENTED_EDGE('',*,*,#9918,.F.);
#11042 = ORIENTED_EDGE('',*,*,#11043,.F.);
#11043 = EDGE_CURVE('',#9081,#9919,#11044,.T.);
#11044 = LINE('',#11045,#11046);
#11045 = CARTESIAN_POINT('',(134.58,-23.145,-4.6E-02));
#11046 = VECTOR('',#11047,1.);
#11047 = DIRECTION('',(0.,0.,1.));
#11048 = CYLINDRICAL_SURFACE('',#11049,0.55);
#11049 = AXIS2_PLACEMENT_3D('',#11050,#11051,#11052);
#11050 = CARTESIAN_POINT('',(135.13,-23.145,-4.6E-02));
#11051 = DIRECTION('',(-0.,-0.,-1.));
#11052 = DIRECTION('',(1.,-2.5837917664E-14,0.));
#11053 = ADVANCED_FACE('',(#11054),#11065,.T.);
#11054 = FACE_BOUND('',#11055,.T.);
#11055 = EDGE_LOOP('',(#11056,#11057,#11058,#11059));
#11056 = ORIENTED_EDGE('',*,*,#9108,.T.);
#11057 = ORIENTED_EDGE('',*,*,#11043,.T.);
#11058 = ORIENTED_EDGE('',*,*,#9946,.F.);
#11059 = ORIENTED_EDGE('',*,*,#11060,.F.);
#11060 = EDGE_CURVE('',#9100,#9938,#11061,.T.);
#11061 = LINE('',#11062,#11063);
#11062 = CARTESIAN_POINT('',(134.58,-23.845,-4.6E-02));
#11063 = VECTOR('',#11064,1.);
#11064 = DIRECTION('',(0.,0.,1.));
#11065 = PLANE('',#11066);
#11066 = AXIS2_PLACEMENT_3D('',#11067,#11068,#11069);
#11067 = CARTESIAN_POINT('',(134.58,-23.145,-4.6E-02));
#11068 = DIRECTION('',(1.,0.,-0.));
#11069 = DIRECTION('',(0.,-1.,0.));
#11070 = ADVANCED_FACE('',(#11071),#11082,.F.);
#11071 = FACE_BOUND('',#11072,.T.);
#11072 = EDGE_LOOP('',(#11073,#11074,#11075,#11076));
#11073 = ORIENTED_EDGE('',*,*,#9099,.T.);
#11074 = ORIENTED_EDGE('',*,*,#11060,.T.);
#11075 = ORIENTED_EDGE('',*,*,#9937,.F.);
#11076 = ORIENTED_EDGE('',*,*,#11077,.F.);
#11077 = EDGE_CURVE('',#9092,#9930,#11078,.T.);
#11078 = LINE('',#11079,#11080);
#11079 = CARTESIAN_POINT('',(135.68,-23.845,-4.6E-02));
#11080 = VECTOR('',#11081,1.);
#11081 = DIRECTION('',(0.,0.,1.));
#11082 = CYLINDRICAL_SURFACE('',#11083,0.55);
#11083 = AXIS2_PLACEMENT_3D('',#11084,#11085,#11086);
#11084 = CARTESIAN_POINT('',(135.13,-23.845,-4.6E-02));
#11085 = DIRECTION('',(-0.,-0.,-1.));
#11086 = DIRECTION('',(-1.,1.2918958832E-14,-0.));
#11087 = ADVANCED_FACE('',(#11088),#11094,.T.);
#11088 = FACE_BOUND('',#11089,.T.);
#11089 = EDGE_LOOP('',(#11090,#11091,#11092,#11093));
#11090 = ORIENTED_EDGE('',*,*,#9091,.T.);
#11091 = ORIENTED_EDGE('',*,*,#11077,.T.);
#11092 = ORIENTED_EDGE('',*,*,#9929,.F.);
#11093 = ORIENTED_EDGE('',*,*,#11036,.F.);
#11094 = PLANE('',#11095);
#11095 = AXIS2_PLACEMENT_3D('',#11096,#11097,#11098);
#11096 = CARTESIAN_POINT('',(135.68,-23.845,-4.6E-02));
#11097 = DIRECTION('',(-1.,0.,0.));
#11098 = DIRECTION('',(0.,1.,0.));
#11099 = ADVANCED_FACE('',(#11100),#11116,.F.);
#11100 = FACE_BOUND('',#11101,.T.);
#11101 = EDGE_LOOP('',(#11102,#11103,#11109,#11110));
#11102 = ORIENTED_EDGE('',*,*,#9116,.T.);
#11103 = ORIENTED_EDGE('',*,*,#11104,.T.);
#11104 = EDGE_CURVE('',#9119,#9957,#11105,.T.);
#11105 = LINE('',#11106,#11107);
#11106 = CARTESIAN_POINT('',(139.95,-23.145,-4.6E-02));
#11107 = VECTOR('',#11108,1.);
#11108 = DIRECTION('',(0.,0.,1.));
#11109 = ORIENTED_EDGE('',*,*,#9954,.F.);
#11110 = ORIENTED_EDGE('',*,*,#11111,.F.);
#11111 = EDGE_CURVE('',#9117,#9955,#11112,.T.);
#11112 = LINE('',#11113,#11114);
#11113 = CARTESIAN_POINT('',(138.85,-23.145,-4.6E-02));
#11114 = VECTOR('',#11115,1.);
#11115 = DIRECTION('',(0.,0.,1.));
#11116 = CYLINDRICAL_SURFACE('',#11117,0.55);
#11117 = AXIS2_PLACEMENT_3D('',#11118,#11119,#11120);
#11118 = CARTESIAN_POINT('',(139.4,-23.145,-4.6E-02));
#11119 = DIRECTION('',(-0.,-0.,-1.));
#11120 = DIRECTION('',(1.,6.459479416001E-15,-0.));
#11121 = ADVANCED_FACE('',(#11122),#11133,.T.);
#11122 = FACE_BOUND('',#11123,.T.);
#11123 = EDGE_LOOP('',(#11124,#11125,#11126,#11127));
#11124 = ORIENTED_EDGE('',*,*,#9144,.T.);
#11125 = ORIENTED_EDGE('',*,*,#11111,.T.);
#11126 = ORIENTED_EDGE('',*,*,#9982,.F.);
#11127 = ORIENTED_EDGE('',*,*,#11128,.F.);
#11128 = EDGE_CURVE('',#9136,#9974,#11129,.T.);
#11129 = LINE('',#11130,#11131);
#11130 = CARTESIAN_POINT('',(138.85,-23.845,-4.6E-02));
#11131 = VECTOR('',#11132,1.);
#11132 = DIRECTION('',(0.,0.,1.));
#11133 = PLANE('',#11134);
#11134 = AXIS2_PLACEMENT_3D('',#11135,#11136,#11137);
#11135 = CARTESIAN_POINT('',(138.85,-23.145,-4.6E-02));
#11136 = DIRECTION('',(1.,0.,-0.));
#11137 = DIRECTION('',(0.,-1.,0.));
#11138 = ADVANCED_FACE('',(#11139),#11150,.F.);
#11139 = FACE_BOUND('',#11140,.T.);
#11140 = EDGE_LOOP('',(#11141,#11142,#11143,#11144));
#11141 = ORIENTED_EDGE('',*,*,#9135,.T.);
#11142 = ORIENTED_EDGE('',*,*,#11128,.T.);
#11143 = ORIENTED_EDGE('',*,*,#9973,.F.);
#11144 = ORIENTED_EDGE('',*,*,#11145,.F.);
#11145 = EDGE_CURVE('',#9128,#9966,#11146,.T.);
#11146 = LINE('',#11147,#11148);
#11147 = CARTESIAN_POINT('',(139.95,-23.845,-4.6E-02));
#11148 = VECTOR('',#11149,1.);
#11149 = DIRECTION('',(0.,0.,1.));
#11150 = CYLINDRICAL_SURFACE('',#11151,0.55);
#11151 = AXIS2_PLACEMENT_3D('',#11152,#11153,#11154);
#11152 = CARTESIAN_POINT('',(139.4,-23.845,-4.6E-02));
#11153 = DIRECTION('',(-0.,-0.,-1.));
#11154 = DIRECTION('',(-1.,-6.459479416001E-15,0.));
#11155 = ADVANCED_FACE('',(#11156),#11162,.T.);
#11156 = FACE_BOUND('',#11157,.T.);
#11157 = EDGE_LOOP('',(#11158,#11159,#11160,#11161));
#11158 = ORIENTED_EDGE('',*,*,#9127,.T.);
#11159 = ORIENTED_EDGE('',*,*,#11145,.T.);
#11160 = ORIENTED_EDGE('',*,*,#9965,.F.);
#11161 = ORIENTED_EDGE('',*,*,#11104,.F.);
#11162 = PLANE('',#11163);
#11163 = AXIS2_PLACEMENT_3D('',#11164,#11165,#11166);
#11164 = CARTESIAN_POINT('',(139.95,-23.845,-4.6E-02));
#11165 = DIRECTION('',(-1.,0.,0.));
#11166 = DIRECTION('',(0.,1.,0.));
#11167 = ADVANCED_FACE('',(#11168),#11179,.F.);
#11168 = FACE_BOUND('',#11169,.T.);
#11169 = EDGE_LOOP('',(#11170,#11171,#11177,#11178));
#11170 = ORIENTED_EDGE('',*,*,#9152,.T.);
#11171 = ORIENTED_EDGE('',*,*,#11172,.T.);
#11172 = EDGE_CURVE('',#9153,#9991,#11173,.T.);
#11173 = LINE('',#11174,#11175);
#11174 = CARTESIAN_POINT('',(149.58,-41.895,-4.6E-02));
#11175 = VECTOR('',#11176,1.);
#11176 = DIRECTION('',(0.,0.,1.));
#11177 = ORIENTED_EDGE('',*,*,#9990,.F.);
#11178 = ORIENTED_EDGE('',*,*,#11172,.F.);
#11179 = CYLINDRICAL_SURFACE('',#11180,0.4);
#11180 = AXIS2_PLACEMENT_3D('',#11181,#11182,#11183);
#11181 = CARTESIAN_POINT('',(149.58,-41.495,-4.6E-02));
#11182 = DIRECTION('',(-0.,0.,-1.));
#11183 = DIRECTION('',(7.105427357601E-14,-1.,-0.));
#11184 = ADVANCED_FACE('',(#11185),#11196,.F.);
#11185 = FACE_BOUND('',#11186,.T.);
#11186 = EDGE_LOOP('',(#11187,#11188,#11194,#11195));
#11187 = ORIENTED_EDGE('',*,*,#9163,.T.);
#11188 = ORIENTED_EDGE('',*,*,#11189,.T.);
#11189 = EDGE_CURVE('',#9164,#10002,#11190,.T.);
#11190 = LINE('',#11191,#11192);
#11191 = CARTESIAN_POINT('',(149.58,-35.895,-4.6E-02));
#11192 = VECTOR('',#11193,1.);
#11193 = DIRECTION('',(0.,0.,1.));
#11194 = ORIENTED_EDGE('',*,*,#10001,.F.);
#11195 = ORIENTED_EDGE('',*,*,#11189,.F.);
#11196 = CYLINDRICAL_SURFACE('',#11197,0.4);
#11197 = AXIS2_PLACEMENT_3D('',#11198,#11199,#11200);
#11198 = CARTESIAN_POINT('',(149.58,-35.495,-4.6E-02));
#11199 = DIRECTION('',(-0.,0.,-1.));
#11200 = DIRECTION('',(7.105427357601E-14,-1.,-0.));
#11201 = ADVANCED_FACE('',(#11202),#11213,.F.);
#11202 = FACE_BOUND('',#11203,.T.);
#11203 = EDGE_LOOP('',(#11204,#11205,#11211,#11212));
#11204 = ORIENTED_EDGE('',*,*,#9174,.T.);
#11205 = ORIENTED_EDGE('',*,*,#11206,.T.);
#11206 = EDGE_CURVE('',#9175,#10013,#11207,.T.);
#11207 = LINE('',#11208,#11209);
#11208 = CARTESIAN_POINT('',(144.2,-31.495,-4.6E-02));
#11209 = VECTOR('',#11210,1.);
#11210 = DIRECTION('',(0.,0.,1.));
#11211 = ORIENTED_EDGE('',*,*,#10012,.F.);
#11212 = ORIENTED_EDGE('',*,*,#11206,.F.);
#11213 = CYLINDRICAL_SURFACE('',#11214,0.5);
#11214 = AXIS2_PLACEMENT_3D('',#11215,#11216,#11217);
#11215 = CARTESIAN_POINT('',(144.2,-30.995,-4.6E-02));
#11216 = DIRECTION('',(-0.,-0.,-1.));
#11217 = DIRECTION('',(-0.,-1.,0.));
#11218 = ADVANCED_FACE('',(#11219),#11230,.F.);
#11219 = FACE_BOUND('',#11220,.T.);
#11220 = EDGE_LOOP('',(#11221,#11222,#11228,#11229));
#11221 = ORIENTED_EDGE('',*,*,#9185,.T.);
#11222 = ORIENTED_EDGE('',*,*,#11223,.T.);
#11223 = EDGE_CURVE('',#9186,#10024,#11224,.T.);
#11224 = LINE('',#11225,#11226);
#11225 = CARTESIAN_POINT('',(146.7,-31.495,-4.6E-02));
#11226 = VECTOR('',#11227,1.);
#11227 = DIRECTION('',(0.,0.,1.));
#11228 = ORIENTED_EDGE('',*,*,#10023,.F.);
#11229 = ORIENTED_EDGE('',*,*,#11223,.F.);
#11230 = CYLINDRICAL_SURFACE('',#11231,0.5);
#11231 = AXIS2_PLACEMENT_3D('',#11232,#11233,#11234);
#11232 = CARTESIAN_POINT('',(146.7,-30.995,-4.6E-02));
#11233 = DIRECTION('',(-0.,-0.,-1.));
#11234 = DIRECTION('',(-0.,-1.,0.));
#11235 = ADVANCED_FACE('',(#11236),#11247,.F.);
#11236 = FACE_BOUND('',#11237,.T.);
#11237 = EDGE_LOOP('',(#11238,#11239,#11245,#11246));
#11238 = ORIENTED_EDGE('',*,*,#9196,.T.);
#11239 = ORIENTED_EDGE('',*,*,#11240,.T.);
#11240 = EDGE_CURVE('',#9197,#10035,#11241,.T.);
#11241 = LINE('',#11242,#11243);
#11242 = CARTESIAN_POINT('',(155.57,-31.495,-4.6E-02));
#11243 = VECTOR('',#11244,1.);
#11244 = DIRECTION('',(0.,0.,1.));
#11245 = ORIENTED_EDGE('',*,*,#10034,.F.);
#11246 = ORIENTED_EDGE('',*,*,#11240,.F.);
#11247 = CYLINDRICAL_SURFACE('',#11248,0.5);
#11248 = AXIS2_PLACEMENT_3D('',#11249,#11250,#11251);
#11249 = CARTESIAN_POINT('',(155.57,-30.995,-4.6E-02));
#11250 = DIRECTION('',(-0.,-0.,-1.));
#11251 = DIRECTION('',(-0.,-1.,0.));
#11252 = ADVANCED_FACE('',(#11253),#11264,.F.);
#11253 = FACE_BOUND('',#11254,.T.);
#11254 = EDGE_LOOP('',(#11255,#11256,#11262,#11263));
#11255 = ORIENTED_EDGE('',*,*,#9207,.T.);
#11256 = ORIENTED_EDGE('',*,*,#11257,.T.);
#11257 = EDGE_CURVE('',#9208,#10046,#11258,.T.);
#11258 = LINE('',#11259,#11260);
#11259 = CARTESIAN_POINT('',(158.115,-42.925,-4.6E-02));
#11260 = VECTOR('',#11261,1.);
#11261 = DIRECTION('',(0.,0.,1.));
#11262 = ORIENTED_EDGE('',*,*,#10045,.F.);
#11263 = ORIENTED_EDGE('',*,*,#11257,.F.);
#11264 = CYLINDRICAL_SURFACE('',#11265,0.4);
#11265 = AXIS2_PLACEMENT_3D('',#11266,#11267,#11268);
#11266 = CARTESIAN_POINT('',(158.115,-42.525,-4.6E-02));
#11267 = DIRECTION('',(-0.,-0.,-1.));
#11268 = DIRECTION('',(-0.,-1.,0.));
#11269 = ADVANCED_FACE('',(#11270),#11281,.F.);
#11270 = FACE_BOUND('',#11271,.T.);
#11271 = EDGE_LOOP('',(#11272,#11273,#11279,#11280));
#11272 = ORIENTED_EDGE('',*,*,#9218,.T.);
#11273 = ORIENTED_EDGE('',*,*,#11274,.T.);
#11274 = EDGE_CURVE('',#9219,#10057,#11275,.T.);
#11275 = LINE('',#11276,#11277);
#11276 = CARTESIAN_POINT('',(158.115,-40.385,-4.6E-02));
#11277 = VECTOR('',#11278,1.);
#11278 = DIRECTION('',(0.,0.,1.));
#11279 = ORIENTED_EDGE('',*,*,#10056,.F.);
#11280 = ORIENTED_EDGE('',*,*,#11274,.F.);
#11281 = CYLINDRICAL_SURFACE('',#11282,0.4);
#11282 = AXIS2_PLACEMENT_3D('',#11283,#11284,#11285);
#11283 = CARTESIAN_POINT('',(158.115,-39.985,-4.6E-02));
#11284 = DIRECTION('',(-0.,-0.,-1.));
#11285 = DIRECTION('',(-0.,-1.,0.));
#11286 = ADVANCED_FACE('',(#11287),#11298,.F.);
#11287 = FACE_BOUND('',#11288,.T.);
#11288 = EDGE_LOOP('',(#11289,#11290,#11296,#11297));
#11289 = ORIENTED_EDGE('',*,*,#9229,.T.);
#11290 = ORIENTED_EDGE('',*,*,#11291,.T.);
#11291 = EDGE_CURVE('',#9230,#10068,#11292,.T.);
#11292 = LINE('',#11293,#11294);
#11293 = CARTESIAN_POINT('',(161.,-40.895,-4.6E-02));
#11294 = VECTOR('',#11295,1.);
#11295 = DIRECTION('',(0.,0.,1.));
#11296 = ORIENTED_EDGE('',*,*,#10067,.F.);
#11297 = ORIENTED_EDGE('',*,*,#11291,.F.);
#11298 = CYLINDRICAL_SURFACE('',#11299,0.4);
#11299 = AXIS2_PLACEMENT_3D('',#11300,#11301,#11302);
#11300 = CARTESIAN_POINT('',(161.,-40.495,-4.6E-02));
#11301 = DIRECTION('',(-0.,-0.,-1.));
#11302 = DIRECTION('',(-0.,-1.,0.));
#11303 = ADVANCED_FACE('',(#11304),#11315,.F.);
#11304 = FACE_BOUND('',#11305,.T.);
#11305 = EDGE_LOOP('',(#11306,#11307,#11313,#11314));
#11306 = ORIENTED_EDGE('',*,*,#9240,.T.);
#11307 = ORIENTED_EDGE('',*,*,#11308,.T.);
#11308 = EDGE_CURVE('',#9241,#10079,#11309,.T.);
#11309 = LINE('',#11310,#11311);
#11310 = CARTESIAN_POINT('',(163.5,-40.895,-4.6E-02));
#11311 = VECTOR('',#11312,1.);
#11312 = DIRECTION('',(0.,0.,1.));
#11313 = ORIENTED_EDGE('',*,*,#10078,.F.);
#11314 = ORIENTED_EDGE('',*,*,#11308,.F.);
#11315 = CYLINDRICAL_SURFACE('',#11316,0.4);
#11316 = AXIS2_PLACEMENT_3D('',#11317,#11318,#11319);
#11317 = CARTESIAN_POINT('',(163.5,-40.495,-4.6E-02));
#11318 = DIRECTION('',(-0.,-0.,-1.));
#11319 = DIRECTION('',(-0.,-1.,0.));
#11320 = ADVANCED_FACE('',(#11321),#11332,.F.);
#11321 = FACE_BOUND('',#11322,.T.);
#11322 = EDGE_LOOP('',(#11323,#11324,#11330,#11331));
#11323 = ORIENTED_EDGE('',*,*,#9251,.T.);
#11324 = ORIENTED_EDGE('',*,*,#11325,.T.);
#11325 = EDGE_CURVE('',#9252,#10090,#11326,.T.);
#11326 = LINE('',#11327,#11328);
#11327 = CARTESIAN_POINT('',(161.,-35.395,-4.6E-02));
#11328 = VECTOR('',#11329,1.);
#11329 = DIRECTION('',(0.,0.,1.));
#11330 = ORIENTED_EDGE('',*,*,#10089,.F.);
#11331 = ORIENTED_EDGE('',*,*,#11325,.F.);
#11332 = CYLINDRICAL_SURFACE('',#11333,0.4);
#11333 = AXIS2_PLACEMENT_3D('',#11334,#11335,#11336);
#11334 = CARTESIAN_POINT('',(161.,-34.995,-4.6E-02));
#11335 = DIRECTION('',(-0.,-0.,-1.));
#11336 = DIRECTION('',(-0.,-1.,0.));
#11337 = ADVANCED_FACE('',(#11338),#11349,.F.);
#11338 = FACE_BOUND('',#11339,.T.);
#11339 = EDGE_LOOP('',(#11340,#11341,#11347,#11348));
#11340 = ORIENTED_EDGE('',*,*,#9262,.T.);
#11341 = ORIENTED_EDGE('',*,*,#11342,.T.);
#11342 = EDGE_CURVE('',#9263,#10101,#11343,.T.);
#11343 = LINE('',#11344,#11345);
#11344 = CARTESIAN_POINT('',(158.07,-31.495,-4.6E-02));
#11345 = VECTOR('',#11346,1.);
#11346 = DIRECTION('',(0.,0.,1.));
#11347 = ORIENTED_EDGE('',*,*,#10100,.F.);
#11348 = ORIENTED_EDGE('',*,*,#11342,.F.);
#11349 = CYLINDRICAL_SURFACE('',#11350,0.5);
#11350 = AXIS2_PLACEMENT_3D('',#11351,#11352,#11353);
#11351 = CARTESIAN_POINT('',(158.07,-30.995,-4.6E-02));
#11352 = DIRECTION('',(-0.,-0.,-1.));
#11353 = DIRECTION('',(-0.,-1.,0.));
#11354 = ADVANCED_FACE('',(#11355),#11366,.F.);
#11355 = FACE_BOUND('',#11356,.T.);
#11356 = EDGE_LOOP('',(#11357,#11358,#11364,#11365));
#11357 = ORIENTED_EDGE('',*,*,#9273,.T.);
#11358 = ORIENTED_EDGE('',*,*,#11359,.T.);
#11359 = EDGE_CURVE('',#9274,#10112,#11360,.T.);
#11360 = LINE('',#11361,#11362);
#11361 = CARTESIAN_POINT('',(160.57,-31.495,-4.6E-02));
#11362 = VECTOR('',#11363,1.);
#11363 = DIRECTION('',(0.,0.,1.));
#11364 = ORIENTED_EDGE('',*,*,#10111,.F.);
#11365 = ORIENTED_EDGE('',*,*,#11359,.F.);
#11366 = CYLINDRICAL_SURFACE('',#11367,0.5);
#11367 = AXIS2_PLACEMENT_3D('',#11368,#11369,#11370);
#11368 = CARTESIAN_POINT('',(160.57,-30.995,-4.6E-02));
#11369 = DIRECTION('',(-0.,-0.,-1.));
#11370 = DIRECTION('',(-0.,-1.,0.));
#11371 = ADVANCED_FACE('',(#11372),#11383,.F.);
#11372 = FACE_BOUND('',#11373,.T.);
#11373 = EDGE_LOOP('',(#11374,#11375,#11381,#11382));
#11374 = ORIENTED_EDGE('',*,*,#9284,.T.);
#11375 = ORIENTED_EDGE('',*,*,#11376,.T.);
#11376 = EDGE_CURVE('',#9285,#10123,#11377,.T.);
#11377 = LINE('',#11378,#11379);
#11378 = CARTESIAN_POINT('',(163.5,-35.395,-4.6E-02));
#11379 = VECTOR('',#11380,1.);
#11380 = DIRECTION('',(0.,0.,1.));
#11381 = ORIENTED_EDGE('',*,*,#10122,.F.);
#11382 = ORIENTED_EDGE('',*,*,#11376,.F.);
#11383 = CYLINDRICAL_SURFACE('',#11384,0.4);
#11384 = AXIS2_PLACEMENT_3D('',#11385,#11386,#11387);
#11385 = CARTESIAN_POINT('',(163.5,-34.995,-4.6E-02));
#11386 = DIRECTION('',(-0.,-0.,-1.));
#11387 = DIRECTION('',(-0.,-1.,0.));
#11388 = ADVANCED_FACE('',(#11389),#11405,.F.);
#11389 = FACE_BOUND('',#11390,.T.);
#11390 = EDGE_LOOP('',(#11391,#11392,#11398,#11399));
#11391 = ORIENTED_EDGE('',*,*,#9295,.T.);
#11392 = ORIENTED_EDGE('',*,*,#11393,.T.);
#11393 = EDGE_CURVE('',#9298,#10136,#11394,.T.);
#11394 = LINE('',#11395,#11396);
#11395 = CARTESIAN_POINT('',(149.55,-23.145,-4.6E-02));
#11396 = VECTOR('',#11397,1.);
#11397 = DIRECTION('',(0.,0.,1.));
#11398 = ORIENTED_EDGE('',*,*,#10133,.F.);
#11399 = ORIENTED_EDGE('',*,*,#11400,.F.);
#11400 = EDGE_CURVE('',#9296,#10134,#11401,.T.);
#11401 = LINE('',#11402,#11403);
#11402 = CARTESIAN_POINT('',(148.45,-23.145,-4.6E-02));
#11403 = VECTOR('',#11404,1.);
#11404 = DIRECTION('',(0.,0.,1.));
#11405 = CYLINDRICAL_SURFACE('',#11406,0.55);
#11406 = AXIS2_PLACEMENT_3D('',#11407,#11408,#11409);
#11407 = CARTESIAN_POINT('',(149.,-23.145,-4.6E-02));
#11408 = DIRECTION('',(-0.,-0.,-1.));
#11409 = DIRECTION('',(1.,1.2918958832E-14,-0.));
#11410 = ADVANCED_FACE('',(#11411),#11422,.T.);
#11411 = FACE_BOUND('',#11412,.T.);
#11412 = EDGE_LOOP('',(#11413,#11414,#11415,#11416));
#11413 = ORIENTED_EDGE('',*,*,#9323,.T.);
#11414 = ORIENTED_EDGE('',*,*,#11400,.T.);
#11415 = ORIENTED_EDGE('',*,*,#10161,.F.);
#11416 = ORIENTED_EDGE('',*,*,#11417,.F.);
#11417 = EDGE_CURVE('',#9315,#10153,#11418,.T.);
#11418 = LINE('',#11419,#11420);
#11419 = CARTESIAN_POINT('',(148.45,-23.845,-4.6E-02));
#11420 = VECTOR('',#11421,1.);
#11421 = DIRECTION('',(0.,0.,1.));
#11422 = PLANE('',#11423);
#11423 = AXIS2_PLACEMENT_3D('',#11424,#11425,#11426);
#11424 = CARTESIAN_POINT('',(148.45,-23.145,-4.6E-02));
#11425 = DIRECTION('',(1.,0.,-0.));
#11426 = DIRECTION('',(0.,-1.,0.));
#11427 = ADVANCED_FACE('',(#11428),#11439,.F.);
#11428 = FACE_BOUND('',#11429,.T.);
#11429 = EDGE_LOOP('',(#11430,#11431,#11432,#11433));
#11430 = ORIENTED_EDGE('',*,*,#9314,.T.);
#11431 = ORIENTED_EDGE('',*,*,#11417,.T.);
#11432 = ORIENTED_EDGE('',*,*,#10152,.F.);
#11433 = ORIENTED_EDGE('',*,*,#11434,.F.);
#11434 = EDGE_CURVE('',#9307,#10145,#11435,.T.);
#11435 = LINE('',#11436,#11437);
#11436 = CARTESIAN_POINT('',(149.55,-23.845,-4.6E-02));
#11437 = VECTOR('',#11438,1.);
#11438 = DIRECTION('',(0.,0.,1.));
#11439 = CYLINDRICAL_SURFACE('',#11440,0.55);
#11440 = AXIS2_PLACEMENT_3D('',#11441,#11442,#11443);
#11441 = CARTESIAN_POINT('',(149.,-23.845,-4.6E-02));
#11442 = DIRECTION('',(-0.,-0.,-1.));
#11443 = DIRECTION('',(-1.,-1.9378438248E-14,0.));
#11444 = ADVANCED_FACE('',(#11445),#11451,.T.);
#11445 = FACE_BOUND('',#11446,.T.);
#11446 = EDGE_LOOP('',(#11447,#11448,#11449,#11450));
#11447 = ORIENTED_EDGE('',*,*,#9306,.T.);
#11448 = ORIENTED_EDGE('',*,*,#11434,.T.);
#11449 = ORIENTED_EDGE('',*,*,#10144,.F.);
#11450 = ORIENTED_EDGE('',*,*,#11393,.F.);
#11451 = PLANE('',#11452);
#11452 = AXIS2_PLACEMENT_3D('',#11453,#11454,#11455);
#11453 = CARTESIAN_POINT('',(149.55,-23.845,-4.6E-02));
#11454 = DIRECTION('',(-1.,0.,0.));
#11455 = DIRECTION('',(0.,1.,0.));
#11456 = ADVANCED_FACE('',(#11457),#11473,.F.);
#11457 = FACE_BOUND('',#11458,.T.);
#11458 = EDGE_LOOP('',(#11459,#11460,#11466,#11467));
#11459 = ORIENTED_EDGE('',*,*,#9331,.T.);
#11460 = ORIENTED_EDGE('',*,*,#11461,.T.);
#11461 = EDGE_CURVE('',#9334,#10172,#11462,.T.);
#11462 = LINE('',#11463,#11464);
#11463 = CARTESIAN_POINT('',(153.82,-23.145,-4.6E-02));
#11464 = VECTOR('',#11465,1.);
#11465 = DIRECTION('',(0.,0.,1.));
#11466 = ORIENTED_EDGE('',*,*,#10169,.F.);
#11467 = ORIENTED_EDGE('',*,*,#11468,.F.);
#11468 = EDGE_CURVE('',#9332,#10170,#11469,.T.);
#11469 = LINE('',#11470,#11471);
#11470 = CARTESIAN_POINT('',(152.72,-23.145,-4.6E-02));
#11471 = VECTOR('',#11472,1.);
#11472 = DIRECTION('',(0.,0.,1.));
#11473 = CYLINDRICAL_SURFACE('',#11474,0.55);
#11474 = AXIS2_PLACEMENT_3D('',#11475,#11476,#11477);
#11475 = CARTESIAN_POINT('',(153.27,-23.145,-4.6E-02));
#11476 = DIRECTION('',(-0.,-0.,-1.));
#11477 = DIRECTION('',(1.,6.459479416001E-15,-0.));
#11478 = ADVANCED_FACE('',(#11479),#11490,.T.);
#11479 = FACE_BOUND('',#11480,.T.);
#11480 = EDGE_LOOP('',(#11481,#11482,#11483,#11484));
#11481 = ORIENTED_EDGE('',*,*,#9359,.T.);
#11482 = ORIENTED_EDGE('',*,*,#11468,.T.);
#11483 = ORIENTED_EDGE('',*,*,#10197,.F.);
#11484 = ORIENTED_EDGE('',*,*,#11485,.F.);
#11485 = EDGE_CURVE('',#9351,#10189,#11486,.T.);
#11486 = LINE('',#11487,#11488);
#11487 = CARTESIAN_POINT('',(152.72,-23.845,-4.6E-02));
#11488 = VECTOR('',#11489,1.);
#11489 = DIRECTION('',(0.,0.,1.));
#11490 = PLANE('',#11491);
#11491 = AXIS2_PLACEMENT_3D('',#11492,#11493,#11494);
#11492 = CARTESIAN_POINT('',(152.72,-23.145,-4.6E-02));
#11493 = DIRECTION('',(1.,0.,-0.));
#11494 = DIRECTION('',(0.,-1.,0.));
#11495 = ADVANCED_FACE('',(#11496),#11507,.F.);
#11496 = FACE_BOUND('',#11497,.T.);
#11497 = EDGE_LOOP('',(#11498,#11499,#11500,#11501));
#11498 = ORIENTED_EDGE('',*,*,#9350,.T.);
#11499 = ORIENTED_EDGE('',*,*,#11485,.T.);
#11500 = ORIENTED_EDGE('',*,*,#10188,.F.);
#11501 = ORIENTED_EDGE('',*,*,#11502,.F.);
#11502 = EDGE_CURVE('',#9343,#10181,#11503,.T.);
#11503 = LINE('',#11504,#11505);
#11504 = CARTESIAN_POINT('',(153.82,-23.845,-4.6E-02));
#11505 = VECTOR('',#11506,1.);
#11506 = DIRECTION('',(0.,0.,1.));
#11507 = CYLINDRICAL_SURFACE('',#11508,0.55);
#11508 = AXIS2_PLACEMENT_3D('',#11509,#11510,#11511);
#11509 = CARTESIAN_POINT('',(153.27,-23.845,-4.6E-02));
#11510 = DIRECTION('',(-0.,-0.,-1.));
#11511 = DIRECTION('',(-1.,-6.459479416001E-15,0.));
#11512 = ADVANCED_FACE('',(#11513),#11519,.T.);
#11513 = FACE_BOUND('',#11514,.T.);
#11514 = EDGE_LOOP('',(#11515,#11516,#11517,#11518));
#11515 = ORIENTED_EDGE('',*,*,#9342,.T.);
#11516 = ORIENTED_EDGE('',*,*,#11502,.T.);
#11517 = ORIENTED_EDGE('',*,*,#10180,.F.);
#11518 = ORIENTED_EDGE('',*,*,#11461,.F.);
#11519 = PLANE('',#11520);
#11520 = AXIS2_PLACEMENT_3D('',#11521,#11522,#11523);
#11521 = CARTESIAN_POINT('',(153.82,-23.845,-4.6E-02));
#11522 = DIRECTION('',(-1.,0.,0.));
#11523 = DIRECTION('',(0.,1.,0.));
#11524 = ADVANCED_FACE('',(#11525),#11541,.F.);
#11525 = FACE_BOUND('',#11526,.T.);
#11526 = EDGE_LOOP('',(#11527,#11528,#11534,#11535));
#11527 = ORIENTED_EDGE('',*,*,#9367,.T.);
#11528 = ORIENTED_EDGE('',*,*,#11529,.T.);
#11529 = EDGE_CURVE('',#9370,#10208,#11530,.T.);
#11530 = LINE('',#11531,#11532);
#11531 = CARTESIAN_POINT('',(163.42,-23.145,-4.6E-02));
#11532 = VECTOR('',#11533,1.);
#11533 = DIRECTION('',(0.,0.,1.));
#11534 = ORIENTED_EDGE('',*,*,#10205,.F.);
#11535 = ORIENTED_EDGE('',*,*,#11536,.F.);
#11536 = EDGE_CURVE('',#9368,#10206,#11537,.T.);
#11537 = LINE('',#11538,#11539);
#11538 = CARTESIAN_POINT('',(162.32,-23.145,-4.6E-02));
#11539 = VECTOR('',#11540,1.);
#11540 = DIRECTION('',(0.,0.,1.));
#11541 = CYLINDRICAL_SURFACE('',#11542,0.55);
#11542 = AXIS2_PLACEMENT_3D('',#11543,#11544,#11545);
#11543 = CARTESIAN_POINT('',(162.87,-23.145,-4.6E-02));
#11544 = DIRECTION('',(-0.,-0.,-1.));
#11545 = DIRECTION('',(1.,-1.9378438248E-14,0.));
#11546 = ADVANCED_FACE('',(#11547),#11558,.T.);
#11547 = FACE_BOUND('',#11548,.T.);
#11548 = EDGE_LOOP('',(#11549,#11550,#11551,#11552));
#11549 = ORIENTED_EDGE('',*,*,#9395,.T.);
#11550 = ORIENTED_EDGE('',*,*,#11536,.T.);
#11551 = ORIENTED_EDGE('',*,*,#10233,.F.);
#11552 = ORIENTED_EDGE('',*,*,#11553,.F.);
#11553 = EDGE_CURVE('',#9387,#10225,#11554,.T.);
#11554 = LINE('',#11555,#11556);
#11555 = CARTESIAN_POINT('',(162.32,-23.845,-4.6E-02));
#11556 = VECTOR('',#11557,1.);
#11557 = DIRECTION('',(0.,0.,1.));
#11558 = PLANE('',#11559);
#11559 = AXIS2_PLACEMENT_3D('',#11560,#11561,#11562);
#11560 = CARTESIAN_POINT('',(162.32,-23.145,-4.6E-02));
#11561 = DIRECTION('',(1.,0.,-0.));
#11562 = DIRECTION('',(0.,-1.,0.));
#11563 = ADVANCED_FACE('',(#11564),#11575,.F.);
#11564 = FACE_BOUND('',#11565,.T.);
#11565 = EDGE_LOOP('',(#11566,#11567,#11568,#11569));
#11566 = ORIENTED_EDGE('',*,*,#9386,.T.);
#11567 = ORIENTED_EDGE('',*,*,#11553,.T.);
#11568 = ORIENTED_EDGE('',*,*,#10224,.F.);
#11569 = ORIENTED_EDGE('',*,*,#11570,.F.);
#11570 = EDGE_CURVE('',#9379,#10217,#11571,.T.);
#11571 = LINE('',#11572,#11573);
#11572 = CARTESIAN_POINT('',(163.42,-23.845,-4.6E-02));
#11573 = VECTOR('',#11574,1.);
#11574 = DIRECTION('',(0.,0.,1.));
#11575 = CYLINDRICAL_SURFACE('',#11576,0.55);
#11576 = AXIS2_PLACEMENT_3D('',#11577,#11578,#11579);
#11577 = CARTESIAN_POINT('',(162.87,-23.845,-4.6E-02));
#11578 = DIRECTION('',(-0.,-0.,-1.));
#11579 = DIRECTION('',(-1.,1.9378438248E-14,-0.));
#11580 = ADVANCED_FACE('',(#11581),#11587,.T.);
#11581 = FACE_BOUND('',#11582,.T.);
#11582 = EDGE_LOOP('',(#11583,#11584,#11585,#11586));
#11583 = ORIENTED_EDGE('',*,*,#9378,.T.);
#11584 = ORIENTED_EDGE('',*,*,#11570,.T.);
#11585 = ORIENTED_EDGE('',*,*,#10216,.F.);
#11586 = ORIENTED_EDGE('',*,*,#11529,.F.);
#11587 = PLANE('',#11588);
#11588 = AXIS2_PLACEMENT_3D('',#11589,#11590,#11591);
#11589 = CARTESIAN_POINT('',(163.42,-23.845,-4.6E-02));
#11590 = DIRECTION('',(-1.,0.,0.));
#11591 = DIRECTION('',(0.,1.,0.));
#11592 = ADVANCED_FACE('',(#11593),#11604,.F.);
#11593 = FACE_BOUND('',#11594,.T.);
#11594 = EDGE_LOOP('',(#11595,#11601,#11602,#11603));
#11595 = ORIENTED_EDGE('',*,*,#11596,.T.);
#11596 = EDGE_CURVE('',#9404,#10242,#11597,.T.);
#11597 = LINE('',#11598,#11599);
#11598 = CARTESIAN_POINT('',(167.268026,-19.05,0.));
#11599 = VECTOR('',#11600,1.);
#11600 = DIRECTION('',(0.,0.,1.));
#11601 = ORIENTED_EDGE('',*,*,#10241,.T.);
#11602 = ORIENTED_EDGE('',*,*,#11596,.F.);
#11603 = ORIENTED_EDGE('',*,*,#9403,.F.);
#11604 = CYLINDRICAL_SURFACE('',#11605,0.898026);
#11605 = AXIS2_PLACEMENT_3D('',#11606,#11607,#11608);
#11606 = CARTESIAN_POINT('',(166.37,-19.05,0.));
#11607 = DIRECTION('',(-0.,-0.,-1.));
#11608 = DIRECTION('',(1.,0.,-0.));
#11609 = ( GEOMETRIC_REPRESENTATION_CONTEXT(3) 
GLOBAL_UNCERTAINTY_ASSIGNED_CONTEXT((#11613)) 
GLOBAL_UNIT_ASSIGNED_CONTEXT((#11610,#11611,#11612)) 
REPRESENTATION_CONTEXT('Context #1',
  '3D Context with UNIT and UNCERTAINTY') );
#11610 = ( LENGTH_UNIT() NAMED_UNIT(*) SI_UNIT(.MILLI.,.METRE.) );
#11611 = ( NAMED_UNIT(*) PLANE_ANGLE_UNIT() SI_UNIT($,.RADIAN.) );
#11612 = ( NAMED_UNIT(*) SI_UNIT($,.STERADIAN.) SOLID_ANGLE_UNIT() );
#11613 = UNCERTAINTY_MEASURE_WITH_UNIT(LENGTH_MEASURE(1.E-07),#11610,
  'distance_accuracy_value','confusion accuracy');
#11614 = CONTEXT_DEPENDENT_SHAPE_REPRESENTATION(#11615,#11617);
#11615 = ( REPRESENTATION_RELATIONSHIP('','',#8473,#10) 
REPRESENTATION_RELATIONSHIP_WITH_TRANSFORMATION(#11616) 
SHAPE_REPRESENTATION_RELATIONSHIP() );
#11616 = ITEM_DEFINED_TRANSFORMATION('','',#11,#75);
#11617 = PRODUCT_DEFINITION_SHAPE('Placement','Placement of an item',
  #11618);
#11618 = NEXT_ASSEMBLY_USAGE_OCCURRENCE('21','=>[0:1:1:12]','',#5,#8468,
  $);
#11619 = PRODUCT_RELATED_PRODUCT_CATEGORY('part',$,(#8470));
#11620 = MECHANICAL_DESIGN_GEOMETRIC_PRESENTATION_REPRESENTATION('',(
    #11621,#11629,#11636,#11643,#11650,#11657,#11664,#11671,#11679,
    #11686,#11693,#11701,#11708,#11715,#11722,#11729),#8445);
#11621 = STYLED_ITEM('color',(#11622),#8097);
#11622 = PRESENTATION_STYLE_ASSIGNMENT((#11623));
#11623 = SURFACE_STYLE_USAGE(.BOTH.,#11624);
#11624 = SURFACE_SIDE_STYLE('',(#11625));
#11625 = SURFACE_STYLE_FILL_AREA(#11626);
#11626 = FILL_AREA_STYLE('',(#11627));
#11627 = FILL_AREA_STYLE_COLOUR('',#11628);
#11628 = COLOUR_RGB('',0.823999987314,0.819999987296,0.781000009244);
#11629 = STYLED_ITEM('color',(#11630),#8130);
#11630 = PRESENTATION_STYLE_ASSIGNMENT((#11631));
#11631 = SURFACE_STYLE_USAGE(.BOTH.,#11632);
#11632 = SURFACE_SIDE_STYLE('',(#11633));
#11633 = SURFACE_STYLE_FILL_AREA(#11634);
#11634 = FILL_AREA_STYLE('',(#11635));
#11635 = FILL_AREA_STYLE_COLOUR('',#11628);
#11636 = STYLED_ITEM('color',(#11637),#8156);
#11637 = PRESENTATION_STYLE_ASSIGNMENT((#11638));
#11638 = SURFACE_STYLE_USAGE(.BOTH.,#11639);
#11639 = SURFACE_SIDE_STYLE('',(#11640));
#11640 = SURFACE_STYLE_FILL_AREA(#11641);
#11641 = FILL_AREA_STYLE('',(#11642));
#11642 = FILL_AREA_STYLE_COLOUR('',#11628);
#11643 = STYLED_ITEM('color',(#11644),#8181);
#11644 = PRESENTATION_STYLE_ASSIGNMENT((#11645));
#11645 = SURFACE_STYLE_USAGE(.BOTH.,#11646);
#11646 = SURFACE_SIDE_STYLE('',(#11647));
#11647 = SURFACE_STYLE_FILL_AREA(#11648);
#11648 = FILL_AREA_STYLE('',(#11649));
#11649 = FILL_AREA_STYLE_COLOUR('',#11628);
#11650 = STYLED_ITEM('color',(#11651),#8207);
#11651 = PRESENTATION_STYLE_ASSIGNMENT((#11652));
#11652 = SURFACE_STYLE_USAGE(.BOTH.,#11653);
#11653 = SURFACE_SIDE_STYLE('',(#11654));
#11654 = SURFACE_STYLE_FILL_AREA(#11655);
#11655 = FILL_AREA_STYLE('',(#11656));
#11656 = FILL_AREA_STYLE_COLOUR('',#11628);
#11657 = STYLED_ITEM('color',(#11658),#8232);
#11658 = PRESENTATION_STYLE_ASSIGNMENT((#11659));
#11659 = SURFACE_STYLE_USAGE(.BOTH.,#11660);
#11660 = SURFACE_SIDE_STYLE('',(#11661));
#11661 = SURFACE_STYLE_FILL_AREA(#11662);
#11662 = FILL_AREA_STYLE('',(#11663));
#11663 = FILL_AREA_STYLE_COLOUR('',#11628);
#11664 = STYLED_ITEM('color',(#11665),#8241);
#11665 = PRESENTATION_STYLE_ASSIGNMENT((#11666));
#11666 = SURFACE_STYLE_USAGE(.BOTH.,#11667);
#11667 = SURFACE_SIDE_STYLE('',(#11668));
#11668 = SURFACE_STYLE_FILL_AREA(#11669);
#11669 = FILL_AREA_STYLE('',(#11670));
#11670 = FILL_AREA_STYLE_COLOUR('',#11628);
#11671 = STYLED_ITEM('color',(#11672),#8252);
#11672 = PRESENTATION_STYLE_ASSIGNMENT((#11673));
#11673 = SURFACE_STYLE_USAGE(.BOTH.,#11674);
#11674 = SURFACE_SIDE_STYLE('',(#11675));
#11675 = SURFACE_STYLE_FILL_AREA(#11676);
#11676 = FILL_AREA_STYLE('',(#11677));
#11677 = FILL_AREA_STYLE_COLOUR('',#11678);
#11678 = COLOUR_RGB('',0.699999984889,9.999999991362E-02,
  5.000000142576E-02);
#11679 = STYLED_ITEM('color',(#11680),#8285);
#11680 = PRESENTATION_STYLE_ASSIGNMENT((#11681));
#11681 = SURFACE_STYLE_USAGE(.BOTH.,#11682);
#11682 = SURFACE_SIDE_STYLE('',(#11683));
#11683 = SURFACE_STYLE_FILL_AREA(#11684);
#11684 = FILL_AREA_STYLE('',(#11685));
#11685 = FILL_AREA_STYLE_COLOUR('',#11678);
#11686 = STYLED_ITEM('color',(#11687),#8305);
#11687 = PRESENTATION_STYLE_ASSIGNMENT((#11688));
#11688 = SURFACE_STYLE_USAGE(.BOTH.,#11689);
#11689 = SURFACE_SIDE_STYLE('',(#11690));
#11690 = SURFACE_STYLE_FILL_AREA(#11691);
#11691 = FILL_AREA_STYLE('',(#11692));
#11692 = FILL_AREA_STYLE_COLOUR('',#11678);
#11693 = STYLED_ITEM('color',(#11694),#8325);
#11694 = PRESENTATION_STYLE_ASSIGNMENT((#11695));
#11695 = SURFACE_STYLE_USAGE(.BOTH.,#11696);
#11696 = SURFACE_SIDE_STYLE('',(#11697));
#11697 = SURFACE_STYLE_FILL_AREA(#11698);
#11698 = FILL_AREA_STYLE('',(#11699));
#11699 = FILL_AREA_STYLE_COLOUR('',#11700);
#11700 = COLOUR_RGB('',0.,0.631244006163,0.748016017657);
#11701 = STYLED_ITEM('color',(#11702),#8350);
#11702 = PRESENTATION_STYLE_ASSIGNMENT((#11703));
#11703 = SURFACE_STYLE_USAGE(.BOTH.,#11704);
#11704 = SURFACE_SIDE_STYLE('',(#11705));
#11705 = SURFACE_STYLE_FILL_AREA(#11706);
#11706 = FILL_AREA_STYLE('',(#11707));
#11707 = FILL_AREA_STYLE_COLOUR('',#11700);
#11708 = STYLED_ITEM('color',(#11709),#8375);
#11709 = PRESENTATION_STYLE_ASSIGNMENT((#11710));
#11710 = SURFACE_STYLE_USAGE(.BOTH.,#11711);
#11711 = SURFACE_SIDE_STYLE('',(#11712));
#11712 = SURFACE_STYLE_FILL_AREA(#11713);
#11713 = FILL_AREA_STYLE('',(#11714));
#11714 = FILL_AREA_STYLE_COLOUR('',#11700);
#11715 = STYLED_ITEM('color',(#11716),#8401);
#11716 = PRESENTATION_STYLE_ASSIGNMENT((#11717));
#11717 = SURFACE_STYLE_USAGE(.BOTH.,#11718);
#11718 = SURFACE_SIDE_STYLE('',(#11719));
#11719 = SURFACE_STYLE_FILL_AREA(#11720);
#11720 = FILL_AREA_STYLE('',(#11721));
#11721 = FILL_AREA_STYLE_COLOUR('',#11700);
#11722 = STYLED_ITEM('color',(#11723),#8427);
#11723 = PRESENTATION_STYLE_ASSIGNMENT((#11724));
#11724 = SURFACE_STYLE_USAGE(.BOTH.,#11725);
#11725 = SURFACE_SIDE_STYLE('',(#11726));
#11726 = SURFACE_STYLE_FILL_AREA(#11727);
#11727 = FILL_AREA_STYLE('',(#11728));
#11728 = FILL_AREA_STYLE_COLOUR('',#11700);
#11729 = STYLED_ITEM('color',(#11730),#8436);
#11730 = PRESENTATION_STYLE_ASSIGNMENT((#11731));
#11731 = SURFACE_STYLE_USAGE(.BOTH.,#11732);
#11732 = SURFACE_SIDE_STYLE('',(#11733));
#11733 = SURFACE_STYLE_FILL_AREA(#11734);
#11734 = FILL_AREA_STYLE('',(#11735));
#11735 = FILL_AREA_STYLE_COLOUR('',#11700);
#11736 = MECHANICAL_DESIGN_GEOMETRIC_PRESENTATION_REPRESENTATION('',(
    #11737,#11745,#11752,#11759,#11766,#11773,#11780,#11787,#11794,
    #11801,#11808,#11815,#11822,#11829,#11836,#11843,#11850,#11857,
    #11864,#11871,#11878,#11885,#11892,#11899,#11906,#11913,#11920,
    #11927,#11934,#11941,#11948,#11955,#11962,#11969,#11976,#11983,
    #11990,#11997,#12004,#12011,#12018,#12025,#12032,#12039,#12046,
    #12053,#12060,#12067,#12074,#12081,#12088,#12095,#12102,#12109,
    #12116,#12123,#12130,#12137,#12144,#12151,#12158,#12165,#12172,
    #12179,#12186,#12193,#12200,#12207,#12214,#12221,#12228,#12235,
    #12242,#12249,#12256,#12263,#12270,#12277,#12284,#12291,#12298,
    #12305,#12312,#12319,#12326,#12333,#12340,#12347,#12354,#12361,
    #12368,#12375,#12382,#12389,#12396,#12403,#12410,#12417,#12424,
    #12431,#12438,#12445,#12452,#12459,#12466,#12473,#12480,#12487,
    #12494,#12501,#12508,#12515,#12522,#12529,#12536,#12543,#12550,
    #12557,#12564,#12571,#12578,#12585,#12592,#12599,#12606,#12613,
    #12620,#12627,#12634,#12641,#12648,#12655,#12662,#12669,#12676,
    #12683,#12690,#12697,#12704,#12711,#12718,#12725,#12732,#12739,
    #12746,#12753,#12760,#12767),#4888);
#11737 = STYLED_ITEM('color',(#11738),#118);
#11738 = PRESENTATION_STYLE_ASSIGNMENT((#11739));
#11739 = SURFACE_STYLE_USAGE(.BOTH.,#11740);
#11740 = SURFACE_SIDE_STYLE('',(#11741));
#11741 = SURFACE_STYLE_FILL_AREA(#11742);
#11742 = FILL_AREA_STYLE('',(#11743));
#11743 = FILL_AREA_STYLE_COLOUR('',#11744);
#11744 = COLOUR_RGB('',0.147999998088,0.144999993226,0.144999993226);
#11745 = STYLED_ITEM('color',(#11746),#158);
#11746 = PRESENTATION_STYLE_ASSIGNMENT((#11747));
#11747 = SURFACE_STYLE_USAGE(.BOTH.,#11748);
#11748 = SURFACE_SIDE_STYLE('',(#11749));
#11749 = SURFACE_STYLE_FILL_AREA(#11750);
#11750 = FILL_AREA_STYLE('',(#11751));
#11751 = FILL_AREA_STYLE_COLOUR('',#11744);
#11752 = STYLED_ITEM('color',(#11753),#251);
#11753 = PRESENTATION_STYLE_ASSIGNMENT((#11754));
#11754 = SURFACE_STYLE_USAGE(.BOTH.,#11755);
#11755 = SURFACE_SIDE_STYLE('',(#11756));
#11756 = SURFACE_STYLE_FILL_AREA(#11757);
#11757 = FILL_AREA_STYLE('',(#11758));
#11758 = FILL_AREA_STYLE_COLOUR('',#11744);
#11759 = STYLED_ITEM('color',(#11760),#274);
#11760 = PRESENTATION_STYLE_ASSIGNMENT((#11761));
#11761 = SURFACE_STYLE_USAGE(.BOTH.,#11762);
#11762 = SURFACE_SIDE_STYLE('',(#11763));
#11763 = SURFACE_STYLE_FILL_AREA(#11764);
#11764 = FILL_AREA_STYLE('',(#11765));
#11765 = FILL_AREA_STYLE_COLOUR('',#11744);
#11766 = STYLED_ITEM('color',(#11767),#361);
#11767 = PRESENTATION_STYLE_ASSIGNMENT((#11768));
#11768 = SURFACE_STYLE_USAGE(.BOTH.,#11769);
#11769 = SURFACE_SIDE_STYLE('',(#11770));
#11770 = SURFACE_STYLE_FILL_AREA(#11771);
#11771 = FILL_AREA_STYLE('',(#11772));
#11772 = FILL_AREA_STYLE_COLOUR('',#11744);
#11773 = STYLED_ITEM('color',(#11774),#378);
#11774 = PRESENTATION_STYLE_ASSIGNMENT((#11775));
#11775 = SURFACE_STYLE_USAGE(.BOTH.,#11776);
#11776 = SURFACE_SIDE_STYLE('',(#11777));
#11777 = SURFACE_STYLE_FILL_AREA(#11778);
#11778 = FILL_AREA_STYLE('',(#11779));
#11779 = FILL_AREA_STYLE_COLOUR('',#11744);
#11780 = STYLED_ITEM('color',(#11781),#408);
#11781 = PRESENTATION_STYLE_ASSIGNMENT((#11782));
#11782 = SURFACE_STYLE_USAGE(.BOTH.,#11783);
#11783 = SURFACE_SIDE_STYLE('',(#11784));
#11784 = SURFACE_STYLE_FILL_AREA(#11785);
#11785 = FILL_AREA_STYLE('',(#11786));
#11786 = FILL_AREA_STYLE_COLOUR('',#11744);
#11787 = STYLED_ITEM('color',(#11788),#438);
#11788 = PRESENTATION_STYLE_ASSIGNMENT((#11789));
#11789 = SURFACE_STYLE_USAGE(.BOTH.,#11790);
#11790 = SURFACE_SIDE_STYLE('',(#11791));
#11791 = SURFACE_STYLE_FILL_AREA(#11792);
#11792 = FILL_AREA_STYLE('',(#11793));
#11793 = FILL_AREA_STYLE_COLOUR('',#11628);
#11794 = STYLED_ITEM('color',(#11795),#469);
#11795 = PRESENTATION_STYLE_ASSIGNMENT((#11796));
#11796 = SURFACE_STYLE_USAGE(.BOTH.,#11797);
#11797 = SURFACE_SIDE_STYLE('',(#11798));
#11798 = SURFACE_STYLE_FILL_AREA(#11799);
#11799 = FILL_AREA_STYLE('',(#11800));
#11800 = FILL_AREA_STYLE_COLOUR('',#11628);
#11801 = STYLED_ITEM('color',(#11802),#500);
#11802 = PRESENTATION_STYLE_ASSIGNMENT((#11803));
#11803 = SURFACE_STYLE_USAGE(.BOTH.,#11804);
#11804 = SURFACE_SIDE_STYLE('',(#11805));
#11805 = SURFACE_STYLE_FILL_AREA(#11806);
#11806 = FILL_AREA_STYLE('',(#11807));
#11807 = FILL_AREA_STYLE_COLOUR('',#11744);
#11808 = STYLED_ITEM('color',(#11809),#531);
#11809 = PRESENTATION_STYLE_ASSIGNMENT((#11810));
#11810 = SURFACE_STYLE_USAGE(.BOTH.,#11811);
#11811 = SURFACE_SIDE_STYLE('',(#11812));
#11812 = SURFACE_STYLE_FILL_AREA(#11813);
#11813 = FILL_AREA_STYLE('',(#11814));
#11814 = FILL_AREA_STYLE_COLOUR('',#11744);
#11815 = STYLED_ITEM('color',(#11816),#562);
#11816 = PRESENTATION_STYLE_ASSIGNMENT((#11817));
#11817 = SURFACE_STYLE_USAGE(.BOTH.,#11818);
#11818 = SURFACE_SIDE_STYLE('',(#11819));
#11819 = SURFACE_STYLE_FILL_AREA(#11820);
#11820 = FILL_AREA_STYLE('',(#11821));
#11821 = FILL_AREA_STYLE_COLOUR('',#11628);
#11822 = STYLED_ITEM('color',(#11823),#593);
#11823 = PRESENTATION_STYLE_ASSIGNMENT((#11824));
#11824 = SURFACE_STYLE_USAGE(.BOTH.,#11825);
#11825 = SURFACE_SIDE_STYLE('',(#11826));
#11826 = SURFACE_STYLE_FILL_AREA(#11827);
#11827 = FILL_AREA_STYLE('',(#11828));
#11828 = FILL_AREA_STYLE_COLOUR('',#11628);
#11829 = STYLED_ITEM('color',(#11830),#624);
#11830 = PRESENTATION_STYLE_ASSIGNMENT((#11831));
#11831 = SURFACE_STYLE_USAGE(.BOTH.,#11832);
#11832 = SURFACE_SIDE_STYLE('',(#11833));
#11833 = SURFACE_STYLE_FILL_AREA(#11834);
#11834 = FILL_AREA_STYLE('',(#11835));
#11835 = FILL_AREA_STYLE_COLOUR('',#11744);
#11836 = STYLED_ITEM('color',(#11837),#655);
#11837 = PRESENTATION_STYLE_ASSIGNMENT((#11838));
#11838 = SURFACE_STYLE_USAGE(.BOTH.,#11839);
#11839 = SURFACE_SIDE_STYLE('',(#11840));
#11840 = SURFACE_STYLE_FILL_AREA(#11841);
#11841 = FILL_AREA_STYLE('',(#11842));
#11842 = FILL_AREA_STYLE_COLOUR('',#11744);
#11843 = STYLED_ITEM('color',(#11844),#678);
#11844 = PRESENTATION_STYLE_ASSIGNMENT((#11845));
#11845 = SURFACE_STYLE_USAGE(.BOTH.,#11846);
#11846 = SURFACE_SIDE_STYLE('',(#11847));
#11847 = SURFACE_STYLE_FILL_AREA(#11848);
#11848 = FILL_AREA_STYLE('',(#11849));
#11849 = FILL_AREA_STYLE_COLOUR('',#11744);
#11850 = STYLED_ITEM('color',(#11851),#702);
#11851 = PRESENTATION_STYLE_ASSIGNMENT((#11852));
#11852 = SURFACE_STYLE_USAGE(.BOTH.,#11853);
#11853 = SURFACE_SIDE_STYLE('',(#11854));
#11854 = SURFACE_STYLE_FILL_AREA(#11855);
#11855 = FILL_AREA_STYLE('',(#11856));
#11856 = FILL_AREA_STYLE_COLOUR('',#11744);
#11857 = STYLED_ITEM('color',(#11858),#732);
#11858 = PRESENTATION_STYLE_ASSIGNMENT((#11859));
#11859 = SURFACE_STYLE_USAGE(.BOTH.,#11860);
#11860 = SURFACE_SIDE_STYLE('',(#11861));
#11861 = SURFACE_STYLE_FILL_AREA(#11862);
#11862 = FILL_AREA_STYLE('',(#11863));
#11863 = FILL_AREA_STYLE_COLOUR('',#11628);
#11864 = STYLED_ITEM('color',(#11865),#763);
#11865 = PRESENTATION_STYLE_ASSIGNMENT((#11866));
#11866 = SURFACE_STYLE_USAGE(.BOTH.,#11867);
#11867 = SURFACE_SIDE_STYLE('',(#11868));
#11868 = SURFACE_STYLE_FILL_AREA(#11869);
#11869 = FILL_AREA_STYLE('',(#11870));
#11870 = FILL_AREA_STYLE_COLOUR('',#11628);
#11871 = STYLED_ITEM('color',(#11872),#794);
#11872 = PRESENTATION_STYLE_ASSIGNMENT((#11873));
#11873 = SURFACE_STYLE_USAGE(.BOTH.,#11874);
#11874 = SURFACE_SIDE_STYLE('',(#11875));
#11875 = SURFACE_STYLE_FILL_AREA(#11876);
#11876 = FILL_AREA_STYLE('',(#11877));
#11877 = FILL_AREA_STYLE_COLOUR('',#11744);
#11878 = STYLED_ITEM('color',(#11879),#825);
#11879 = PRESENTATION_STYLE_ASSIGNMENT((#11880));
#11880 = SURFACE_STYLE_USAGE(.BOTH.,#11881);
#11881 = SURFACE_SIDE_STYLE('',(#11882));
#11882 = SURFACE_STYLE_FILL_AREA(#11883);
#11883 = FILL_AREA_STYLE('',(#11884));
#11884 = FILL_AREA_STYLE_COLOUR('',#11744);
#11885 = STYLED_ITEM('color',(#11886),#856);
#11886 = PRESENTATION_STYLE_ASSIGNMENT((#11887));
#11887 = SURFACE_STYLE_USAGE(.BOTH.,#11888);
#11888 = SURFACE_SIDE_STYLE('',(#11889));
#11889 = SURFACE_STYLE_FILL_AREA(#11890);
#11890 = FILL_AREA_STYLE('',(#11891));
#11891 = FILL_AREA_STYLE_COLOUR('',#11628);
#11892 = STYLED_ITEM('color',(#11893),#887);
#11893 = PRESENTATION_STYLE_ASSIGNMENT((#11894));
#11894 = SURFACE_STYLE_USAGE(.BOTH.,#11895);
#11895 = SURFACE_SIDE_STYLE('',(#11896));
#11896 = SURFACE_STYLE_FILL_AREA(#11897);
#11897 = FILL_AREA_STYLE('',(#11898));
#11898 = FILL_AREA_STYLE_COLOUR('',#11628);
#11899 = STYLED_ITEM('color',(#11900),#918);
#11900 = PRESENTATION_STYLE_ASSIGNMENT((#11901));
#11901 = SURFACE_STYLE_USAGE(.BOTH.,#11902);
#11902 = SURFACE_SIDE_STYLE('',(#11903));
#11903 = SURFACE_STYLE_FILL_AREA(#11904);
#11904 = FILL_AREA_STYLE('',(#11905));
#11905 = FILL_AREA_STYLE_COLOUR('',#11744);
#11906 = STYLED_ITEM('color',(#11907),#949);
#11907 = PRESENTATION_STYLE_ASSIGNMENT((#11908));
#11908 = SURFACE_STYLE_USAGE(.BOTH.,#11909);
#11909 = SURFACE_SIDE_STYLE('',(#11910));
#11910 = SURFACE_STYLE_FILL_AREA(#11911);
#11911 = FILL_AREA_STYLE('',(#11912));
#11912 = FILL_AREA_STYLE_COLOUR('',#11744);
#11913 = STYLED_ITEM('color',(#11914),#966);
#11914 = PRESENTATION_STYLE_ASSIGNMENT((#11915));
#11915 = SURFACE_STYLE_USAGE(.BOTH.,#11916);
#11916 = SURFACE_SIDE_STYLE('',(#11917));
#11917 = SURFACE_STYLE_FILL_AREA(#11918);
#11918 = FILL_AREA_STYLE('',(#11919));
#11919 = FILL_AREA_STYLE_COLOUR('',#11744);
#11920 = STYLED_ITEM('color',(#11921),#996);
#11921 = PRESENTATION_STYLE_ASSIGNMENT((#11922));
#11922 = SURFACE_STYLE_USAGE(.BOTH.,#11923);
#11923 = SURFACE_SIDE_STYLE('',(#11924));
#11924 = SURFACE_STYLE_FILL_AREA(#11925);
#11925 = FILL_AREA_STYLE('',(#11926));
#11926 = FILL_AREA_STYLE_COLOUR('',#11628);
#11927 = STYLED_ITEM('color',(#11928),#1054);
#11928 = PRESENTATION_STYLE_ASSIGNMENT((#11929));
#11929 = SURFACE_STYLE_USAGE(.BOTH.,#11930);
#11930 = SURFACE_SIDE_STYLE('',(#11931));
#11931 = SURFACE_STYLE_FILL_AREA(#11932);
#11932 = FILL_AREA_STYLE('',(#11933));
#11933 = FILL_AREA_STYLE_COLOUR('',#11628);
#11934 = STYLED_ITEM('color',(#11935),#1112);
#11935 = PRESENTATION_STYLE_ASSIGNMENT((#11936));
#11936 = SURFACE_STYLE_USAGE(.BOTH.,#11937);
#11937 = SURFACE_SIDE_STYLE('',(#11938));
#11938 = SURFACE_STYLE_FILL_AREA(#11939);
#11939 = FILL_AREA_STYLE('',(#11940));
#11940 = FILL_AREA_STYLE_COLOUR('',#11744);
#11941 = STYLED_ITEM('color',(#11942),#1142);
#11942 = PRESENTATION_STYLE_ASSIGNMENT((#11943));
#11943 = SURFACE_STYLE_USAGE(.BOTH.,#11944);
#11944 = SURFACE_SIDE_STYLE('',(#11945));
#11945 = SURFACE_STYLE_FILL_AREA(#11946);
#11946 = FILL_AREA_STYLE('',(#11947));
#11947 = FILL_AREA_STYLE_COLOUR('',#11628);
#11948 = STYLED_ITEM('color',(#11949),#1200);
#11949 = PRESENTATION_STYLE_ASSIGNMENT((#11950));
#11950 = SURFACE_STYLE_USAGE(.BOTH.,#11951);
#11951 = SURFACE_SIDE_STYLE('',(#11952));
#11952 = SURFACE_STYLE_FILL_AREA(#11953);
#11953 = FILL_AREA_STYLE('',(#11954));
#11954 = FILL_AREA_STYLE_COLOUR('',#11628);
#11955 = STYLED_ITEM('color',(#11956),#1217);
#11956 = PRESENTATION_STYLE_ASSIGNMENT((#11957));
#11957 = SURFACE_STYLE_USAGE(.BOTH.,#11958);
#11958 = SURFACE_SIDE_STYLE('',(#11959));
#11959 = SURFACE_STYLE_FILL_AREA(#11960);
#11960 = FILL_AREA_STYLE('',(#11961));
#11961 = FILL_AREA_STYLE_COLOUR('',#11628);
#11962 = STYLED_ITEM('color',(#11963),#1242);
#11963 = PRESENTATION_STYLE_ASSIGNMENT((#11964));
#11964 = SURFACE_STYLE_USAGE(.BOTH.,#11965);
#11965 = SURFACE_SIDE_STYLE('',(#11966));
#11966 = SURFACE_STYLE_FILL_AREA(#11967);
#11967 = FILL_AREA_STYLE('',(#11968));
#11968 = FILL_AREA_STYLE_COLOUR('',#11628);
#11969 = STYLED_ITEM('color',(#11970),#1292);
#11970 = PRESENTATION_STYLE_ASSIGNMENT((#11971));
#11971 = SURFACE_STYLE_USAGE(.BOTH.,#11972);
#11972 = SURFACE_SIDE_STYLE('',(#11973));
#11973 = SURFACE_STYLE_FILL_AREA(#11974);
#11974 = FILL_AREA_STYLE('',(#11975));
#11975 = FILL_AREA_STYLE_COLOUR('',#11744);
#11976 = STYLED_ITEM('color',(#11977),#1323);
#11977 = PRESENTATION_STYLE_ASSIGNMENT((#11978));
#11978 = SURFACE_STYLE_USAGE(.BOTH.,#11979);
#11979 = SURFACE_SIDE_STYLE('',(#11980));
#11980 = SURFACE_STYLE_FILL_AREA(#11981);
#11981 = FILL_AREA_STYLE('',(#11982));
#11982 = FILL_AREA_STYLE_COLOUR('',#11628);
#11983 = STYLED_ITEM('color',(#11984),#1381);
#11984 = PRESENTATION_STYLE_ASSIGNMENT((#11985));
#11985 = SURFACE_STYLE_USAGE(.BOTH.,#11986);
#11986 = SURFACE_SIDE_STYLE('',(#11987));
#11987 = SURFACE_STYLE_FILL_AREA(#11988);
#11988 = FILL_AREA_STYLE('',(#11989));
#11989 = FILL_AREA_STYLE_COLOUR('',#11628);
#11990 = STYLED_ITEM('color',(#11991),#1439);
#11991 = PRESENTATION_STYLE_ASSIGNMENT((#11992));
#11992 = SURFACE_STYLE_USAGE(.BOTH.,#11993);
#11993 = SURFACE_SIDE_STYLE('',(#11994));
#11994 = SURFACE_STYLE_FILL_AREA(#11995);
#11995 = FILL_AREA_STYLE('',(#11996));
#11996 = FILL_AREA_STYLE_COLOUR('',#11744);
#11997 = STYLED_ITEM('color',(#11998),#1470);
#11998 = PRESENTATION_STYLE_ASSIGNMENT((#11999));
#11999 = SURFACE_STYLE_USAGE(.BOTH.,#12000);
#12000 = SURFACE_SIDE_STYLE('',(#12001));
#12001 = SURFACE_STYLE_FILL_AREA(#12002);
#12002 = FILL_AREA_STYLE('',(#12003));
#12003 = FILL_AREA_STYLE_COLOUR('',#11628);
#12004 = STYLED_ITEM('color',(#12005),#1528);
#12005 = PRESENTATION_STYLE_ASSIGNMENT((#12006));
#12006 = SURFACE_STYLE_USAGE(.BOTH.,#12007);
#12007 = SURFACE_SIDE_STYLE('',(#12008));
#12008 = SURFACE_STYLE_FILL_AREA(#12009);
#12009 = FILL_AREA_STYLE('',(#12010));
#12010 = FILL_AREA_STYLE_COLOUR('',#11628);
#12011 = STYLED_ITEM('color',(#12012),#1545);
#12012 = PRESENTATION_STYLE_ASSIGNMENT((#12013));
#12013 = SURFACE_STYLE_USAGE(.BOTH.,#12014);
#12014 = SURFACE_SIDE_STYLE('',(#12015));
#12015 = SURFACE_STYLE_FILL_AREA(#12016);
#12016 = FILL_AREA_STYLE('',(#12017));
#12017 = FILL_AREA_STYLE_COLOUR('',#11628);
#12018 = STYLED_ITEM('color',(#12019),#1570);
#12019 = PRESENTATION_STYLE_ASSIGNMENT((#12020));
#12020 = SURFACE_STYLE_USAGE(.BOTH.,#12021);
#12021 = SURFACE_SIDE_STYLE('',(#12022));
#12022 = SURFACE_STYLE_FILL_AREA(#12023);
#12023 = FILL_AREA_STYLE('',(#12024));
#12024 = FILL_AREA_STYLE_COLOUR('',#11628);
#12025 = STYLED_ITEM('color',(#12026),#1620);
#12026 = PRESENTATION_STYLE_ASSIGNMENT((#12027));
#12027 = SURFACE_STYLE_USAGE(.BOTH.,#12028);
#12028 = SURFACE_SIDE_STYLE('',(#12029));
#12029 = SURFACE_STYLE_FILL_AREA(#12030);
#12030 = FILL_AREA_STYLE('',(#12031));
#12031 = FILL_AREA_STYLE_COLOUR('',#11744);
#12032 = STYLED_ITEM('color',(#12033),#1651);
#12033 = PRESENTATION_STYLE_ASSIGNMENT((#12034));
#12034 = SURFACE_STYLE_USAGE(.BOTH.,#12035);
#12035 = SURFACE_SIDE_STYLE('',(#12036));
#12036 = SURFACE_STYLE_FILL_AREA(#12037);
#12037 = FILL_AREA_STYLE('',(#12038));
#12038 = FILL_AREA_STYLE_COLOUR('',#11744);
#12039 = STYLED_ITEM('color',(#12040),#1674);
#12040 = PRESENTATION_STYLE_ASSIGNMENT((#12041));
#12041 = SURFACE_STYLE_USAGE(.BOTH.,#12042);
#12042 = SURFACE_SIDE_STYLE('',(#12043));
#12043 = SURFACE_STYLE_FILL_AREA(#12044);
#12044 = FILL_AREA_STYLE('',(#12045));
#12045 = FILL_AREA_STYLE_COLOUR('',#11744);
#12046 = STYLED_ITEM('color',(#12047),#1698);
#12047 = PRESENTATION_STYLE_ASSIGNMENT((#12048));
#12048 = SURFACE_STYLE_USAGE(.BOTH.,#12049);
#12049 = SURFACE_SIDE_STYLE('',(#12050));
#12050 = SURFACE_STYLE_FILL_AREA(#12051);
#12051 = FILL_AREA_STYLE('',(#12052));
#12052 = FILL_AREA_STYLE_COLOUR('',#11628);
#12053 = STYLED_ITEM('color',(#12054),#1756);
#12054 = PRESENTATION_STYLE_ASSIGNMENT((#12055));
#12055 = SURFACE_STYLE_USAGE(.BOTH.,#12056);
#12056 = SURFACE_SIDE_STYLE('',(#12057));
#12057 = SURFACE_STYLE_FILL_AREA(#12058);
#12058 = FILL_AREA_STYLE('',(#12059));
#12059 = FILL_AREA_STYLE_COLOUR('',#11628);
#12060 = STYLED_ITEM('color',(#12061),#1814);
#12061 = PRESENTATION_STYLE_ASSIGNMENT((#12062));
#12062 = SURFACE_STYLE_USAGE(.BOTH.,#12063);
#12063 = SURFACE_SIDE_STYLE('',(#12064));
#12064 = SURFACE_STYLE_FILL_AREA(#12065);
#12065 = FILL_AREA_STYLE('',(#12066));
#12066 = FILL_AREA_STYLE_COLOUR('',#11744);
#12067 = STYLED_ITEM('color',(#12068),#1844);
#12068 = PRESENTATION_STYLE_ASSIGNMENT((#12069));
#12069 = SURFACE_STYLE_USAGE(.BOTH.,#12070);
#12070 = SURFACE_SIDE_STYLE('',(#12071));
#12071 = SURFACE_STYLE_FILL_AREA(#12072);
#12072 = FILL_AREA_STYLE('',(#12073));
#12073 = FILL_AREA_STYLE_COLOUR('',#11628);
#12074 = STYLED_ITEM('color',(#12075),#1902);
#12075 = PRESENTATION_STYLE_ASSIGNMENT((#12076));
#12076 = SURFACE_STYLE_USAGE(.BOTH.,#12077);
#12077 = SURFACE_SIDE_STYLE('',(#12078));
#12078 = SURFACE_STYLE_FILL_AREA(#12079);
#12079 = FILL_AREA_STYLE('',(#12080));
#12080 = FILL_AREA_STYLE_COLOUR('',#11628);
#12081 = STYLED_ITEM('color',(#12082),#1919);
#12082 = PRESENTATION_STYLE_ASSIGNMENT((#12083));
#12083 = SURFACE_STYLE_USAGE(.BOTH.,#12084);
#12084 = SURFACE_SIDE_STYLE('',(#12085));
#12085 = SURFACE_STYLE_FILL_AREA(#12086);
#12086 = FILL_AREA_STYLE('',(#12087));
#12087 = FILL_AREA_STYLE_COLOUR('',#11628);
#12088 = STYLED_ITEM('color',(#12089),#1977);
#12089 = PRESENTATION_STYLE_ASSIGNMENT((#12090));
#12090 = SURFACE_STYLE_USAGE(.BOTH.,#12091);
#12091 = SURFACE_SIDE_STYLE('',(#12092));
#12092 = SURFACE_STYLE_FILL_AREA(#12093);
#12093 = FILL_AREA_STYLE('',(#12094));
#12094 = FILL_AREA_STYLE_COLOUR('',#11628);
#12095 = STYLED_ITEM('color',(#12096),#1994);
#12096 = PRESENTATION_STYLE_ASSIGNMENT((#12097));
#12097 = SURFACE_STYLE_USAGE(.BOTH.,#12098);
#12098 = SURFACE_SIDE_STYLE('',(#12099));
#12099 = SURFACE_STYLE_FILL_AREA(#12100);
#12100 = FILL_AREA_STYLE('',(#12101));
#12101 = FILL_AREA_STYLE_COLOUR('',#11744);
#12102 = STYLED_ITEM('color',(#12103),#2025);
#12103 = PRESENTATION_STYLE_ASSIGNMENT((#12104));
#12104 = SURFACE_STYLE_USAGE(.BOTH.,#12105);
#12105 = SURFACE_SIDE_STYLE('',(#12106));
#12106 = SURFACE_STYLE_FILL_AREA(#12107);
#12107 = FILL_AREA_STYLE('',(#12108));
#12108 = FILL_AREA_STYLE_COLOUR('',#11628);
#12109 = STYLED_ITEM('color',(#12110),#2083);
#12110 = PRESENTATION_STYLE_ASSIGNMENT((#12111));
#12111 = SURFACE_STYLE_USAGE(.BOTH.,#12112);
#12112 = SURFACE_SIDE_STYLE('',(#12113));
#12113 = SURFACE_STYLE_FILL_AREA(#12114);
#12114 = FILL_AREA_STYLE('',(#12115));
#12115 = FILL_AREA_STYLE_COLOUR('',#11628);
#12116 = STYLED_ITEM('color',(#12117),#2141);
#12117 = PRESENTATION_STYLE_ASSIGNMENT((#12118));
#12118 = SURFACE_STYLE_USAGE(.BOTH.,#12119);
#12119 = SURFACE_SIDE_STYLE('',(#12120));
#12120 = SURFACE_STYLE_FILL_AREA(#12121);
#12121 = FILL_AREA_STYLE('',(#12122));
#12122 = FILL_AREA_STYLE_COLOUR('',#11744);
#12123 = STYLED_ITEM('color',(#12124),#2172);
#12124 = PRESENTATION_STYLE_ASSIGNMENT((#12125));
#12125 = SURFACE_STYLE_USAGE(.BOTH.,#12126);
#12126 = SURFACE_SIDE_STYLE('',(#12127));
#12127 = SURFACE_STYLE_FILL_AREA(#12128);
#12128 = FILL_AREA_STYLE('',(#12129));
#12129 = FILL_AREA_STYLE_COLOUR('',#11628);
#12130 = STYLED_ITEM('color',(#12131),#2230);
#12131 = PRESENTATION_STYLE_ASSIGNMENT((#12132));
#12132 = SURFACE_STYLE_USAGE(.BOTH.,#12133);
#12133 = SURFACE_SIDE_STYLE('',(#12134));
#12134 = SURFACE_STYLE_FILL_AREA(#12135);
#12135 = FILL_AREA_STYLE('',(#12136));
#12136 = FILL_AREA_STYLE_COLOUR('',#11628);
#12137 = STYLED_ITEM('color',(#12138),#2247);
#12138 = PRESENTATION_STYLE_ASSIGNMENT((#12139));
#12139 = SURFACE_STYLE_USAGE(.BOTH.,#12140);
#12140 = SURFACE_SIDE_STYLE('',(#12141));
#12141 = SURFACE_STYLE_FILL_AREA(#12142);
#12142 = FILL_AREA_STYLE('',(#12143));
#12143 = FILL_AREA_STYLE_COLOUR('',#11628);
#12144 = STYLED_ITEM('color',(#12145),#2305);
#12145 = PRESENTATION_STYLE_ASSIGNMENT((#12146));
#12146 = SURFACE_STYLE_USAGE(.BOTH.,#12147);
#12147 = SURFACE_SIDE_STYLE('',(#12148));
#12148 = SURFACE_STYLE_FILL_AREA(#12149);
#12149 = FILL_AREA_STYLE('',(#12150));
#12150 = FILL_AREA_STYLE_COLOUR('',#11628);
#12151 = STYLED_ITEM('color',(#12152),#2322);
#12152 = PRESENTATION_STYLE_ASSIGNMENT((#12153));
#12153 = SURFACE_STYLE_USAGE(.BOTH.,#12154);
#12154 = SURFACE_SIDE_STYLE('',(#12155));
#12155 = SURFACE_STYLE_FILL_AREA(#12156);
#12156 = FILL_AREA_STYLE('',(#12157));
#12157 = FILL_AREA_STYLE_COLOUR('',#11744);
#12158 = STYLED_ITEM('color',(#12159),#2353);
#12159 = PRESENTATION_STYLE_ASSIGNMENT((#12160));
#12160 = SURFACE_STYLE_USAGE(.BOTH.,#12161);
#12161 = SURFACE_SIDE_STYLE('',(#12162));
#12162 = SURFACE_STYLE_FILL_AREA(#12163);
#12163 = FILL_AREA_STYLE('',(#12164));
#12164 = FILL_AREA_STYLE_COLOUR('',#11744);
#12165 = STYLED_ITEM('color',(#12166),#2370);
#12166 = PRESENTATION_STYLE_ASSIGNMENT((#12167));
#12167 = SURFACE_STYLE_USAGE(.BOTH.,#12168);
#12168 = SURFACE_SIDE_STYLE('',(#12169));
#12169 = SURFACE_STYLE_FILL_AREA(#12170);
#12170 = FILL_AREA_STYLE('',(#12171));
#12171 = FILL_AREA_STYLE_COLOUR('',#11744);
#12172 = STYLED_ITEM('color',(#12173),#2427);
#12173 = PRESENTATION_STYLE_ASSIGNMENT((#12174));
#12174 = SURFACE_STYLE_USAGE(.BOTH.,#12175);
#12175 = SURFACE_SIDE_STYLE('',(#12176));
#12176 = SURFACE_STYLE_FILL_AREA(#12177);
#12177 = FILL_AREA_STYLE('',(#12178));
#12178 = FILL_AREA_STYLE_COLOUR('',#11628);
#12179 = STYLED_ITEM('color',(#12180),#2446);
#12180 = PRESENTATION_STYLE_ASSIGNMENT((#12181));
#12181 = SURFACE_STYLE_USAGE(.BOTH.,#12182);
#12182 = SURFACE_SIDE_STYLE('',(#12183));
#12183 = SURFACE_STYLE_FILL_AREA(#12184);
#12184 = FILL_AREA_STYLE('',(#12185));
#12185 = FILL_AREA_STYLE_COLOUR('',#11628);
#12186 = STYLED_ITEM('color',(#12187),#2495);
#12187 = PRESENTATION_STYLE_ASSIGNMENT((#12188));
#12188 = SURFACE_STYLE_USAGE(.BOTH.,#12189);
#12189 = SURFACE_SIDE_STYLE('',(#12190));
#12190 = SURFACE_STYLE_FILL_AREA(#12191);
#12191 = FILL_AREA_STYLE('',(#12192));
#12192 = FILL_AREA_STYLE_COLOUR('',#11628);
#12193 = STYLED_ITEM('color',(#12194),#2519);
#12194 = PRESENTATION_STYLE_ASSIGNMENT((#12195));
#12195 = SURFACE_STYLE_USAGE(.BOTH.,#12196);
#12196 = SURFACE_SIDE_STYLE('',(#12197));
#12197 = SURFACE_STYLE_FILL_AREA(#12198);
#12198 = FILL_AREA_STYLE('',(#12199));
#12199 = FILL_AREA_STYLE_COLOUR('',#11628);
#12200 = STYLED_ITEM('color',(#12201),#2566);
#12201 = PRESENTATION_STYLE_ASSIGNMENT((#12202));
#12202 = SURFACE_STYLE_USAGE(.BOTH.,#12203);
#12203 = SURFACE_SIDE_STYLE('',(#12204));
#12204 = SURFACE_STYLE_FILL_AREA(#12205);
#12205 = FILL_AREA_STYLE('',(#12206));
#12206 = FILL_AREA_STYLE_COLOUR('',#11628);
#12207 = STYLED_ITEM('color',(#12208),#2578);
#12208 = PRESENTATION_STYLE_ASSIGNMENT((#12209));
#12209 = SURFACE_STYLE_USAGE(.BOTH.,#12210);
#12210 = SURFACE_SIDE_STYLE('',(#12211));
#12211 = SURFACE_STYLE_FILL_AREA(#12212);
#12212 = FILL_AREA_STYLE('',(#12213));
#12213 = FILL_AREA_STYLE_COLOUR('',#11628);
#12214 = STYLED_ITEM('color',(#12215),#2597);
#12215 = PRESENTATION_STYLE_ASSIGNMENT((#12216));
#12216 = SURFACE_STYLE_USAGE(.BOTH.,#12217);
#12217 = SURFACE_SIDE_STYLE('',(#12218));
#12218 = SURFACE_STYLE_FILL_AREA(#12219);
#12219 = FILL_AREA_STYLE('',(#12220));
#12220 = FILL_AREA_STYLE_COLOUR('',#11628);
#12221 = STYLED_ITEM('color',(#12222),#2614);
#12222 = PRESENTATION_STYLE_ASSIGNMENT((#12223));
#12223 = SURFACE_STYLE_USAGE(.BOTH.,#12224);
#12224 = SURFACE_SIDE_STYLE('',(#12225));
#12225 = SURFACE_STYLE_FILL_AREA(#12226);
#12226 = FILL_AREA_STYLE('',(#12227));
#12227 = FILL_AREA_STYLE_COLOUR('',#11628);
#12228 = STYLED_ITEM('color',(#12229),#2663);
#12229 = PRESENTATION_STYLE_ASSIGNMENT((#12230));
#12230 = SURFACE_STYLE_USAGE(.BOTH.,#12231);
#12231 = SURFACE_SIDE_STYLE('',(#12232));
#12232 = SURFACE_STYLE_FILL_AREA(#12233);
#12233 = FILL_AREA_STYLE('',(#12234));
#12234 = FILL_AREA_STYLE_COLOUR('',#11628);
#12235 = STYLED_ITEM('color',(#12236),#2687);
#12236 = PRESENTATION_STYLE_ASSIGNMENT((#12237));
#12237 = SURFACE_STYLE_USAGE(.BOTH.,#12238);
#12238 = SURFACE_SIDE_STYLE('',(#12239));
#12239 = SURFACE_STYLE_FILL_AREA(#12240);
#12240 = FILL_AREA_STYLE('',(#12241));
#12241 = FILL_AREA_STYLE_COLOUR('',#11628);
#12242 = STYLED_ITEM('color',(#12243),#2729);
#12243 = PRESENTATION_STYLE_ASSIGNMENT((#12244));
#12244 = SURFACE_STYLE_USAGE(.BOTH.,#12245);
#12245 = SURFACE_SIDE_STYLE('',(#12246));
#12246 = SURFACE_STYLE_FILL_AREA(#12247);
#12247 = FILL_AREA_STYLE('',(#12248));
#12248 = FILL_AREA_STYLE_COLOUR('',#11628);
#12249 = STYLED_ITEM('color',(#12250),#2746);
#12250 = PRESENTATION_STYLE_ASSIGNMENT((#12251));
#12251 = SURFACE_STYLE_USAGE(.BOTH.,#12252);
#12252 = SURFACE_SIDE_STYLE('',(#12253));
#12253 = SURFACE_STYLE_FILL_AREA(#12254);
#12254 = FILL_AREA_STYLE('',(#12255));
#12255 = FILL_AREA_STYLE_COLOUR('',#11628);
#12256 = STYLED_ITEM('color',(#12257),#2763);
#12257 = PRESENTATION_STYLE_ASSIGNMENT((#12258));
#12258 = SURFACE_STYLE_USAGE(.BOTH.,#12259);
#12259 = SURFACE_SIDE_STYLE('',(#12260));
#12260 = SURFACE_STYLE_FILL_AREA(#12261);
#12261 = FILL_AREA_STYLE('',(#12262));
#12262 = FILL_AREA_STYLE_COLOUR('',#11628);
#12263 = STYLED_ITEM('color',(#12264),#2782);
#12264 = PRESENTATION_STYLE_ASSIGNMENT((#12265));
#12265 = SURFACE_STYLE_USAGE(.BOTH.,#12266);
#12266 = SURFACE_SIDE_STYLE('',(#12267));
#12267 = SURFACE_STYLE_FILL_AREA(#12268);
#12268 = FILL_AREA_STYLE('',(#12269));
#12269 = FILL_AREA_STYLE_COLOUR('',#11628);
#12270 = STYLED_ITEM('color',(#12271),#2847);
#12271 = PRESENTATION_STYLE_ASSIGNMENT((#12272));
#12272 = SURFACE_STYLE_USAGE(.BOTH.,#12273);
#12273 = SURFACE_SIDE_STYLE('',(#12274));
#12274 = SURFACE_STYLE_FILL_AREA(#12275);
#12275 = FILL_AREA_STYLE('',(#12276));
#12276 = FILL_AREA_STYLE_COLOUR('',#11628);
#12277 = STYLED_ITEM('color',(#12278),#2871);
#12278 = PRESENTATION_STYLE_ASSIGNMENT((#12279));
#12279 = SURFACE_STYLE_USAGE(.BOTH.,#12280);
#12280 = SURFACE_SIDE_STYLE('',(#12281));
#12281 = SURFACE_STYLE_FILL_AREA(#12282);
#12282 = FILL_AREA_STYLE('',(#12283));
#12283 = FILL_AREA_STYLE_COLOUR('',#11628);
#12284 = STYLED_ITEM('color',(#12285),#2934);
#12285 = PRESENTATION_STYLE_ASSIGNMENT((#12286));
#12286 = SURFACE_STYLE_USAGE(.BOTH.,#12287);
#12287 = SURFACE_SIDE_STYLE('',(#12288));
#12288 = SURFACE_STYLE_FILL_AREA(#12289);
#12289 = FILL_AREA_STYLE('',(#12290));
#12290 = FILL_AREA_STYLE_COLOUR('',#11628);
#12291 = STYLED_ITEM('color',(#12292),#2946);
#12292 = PRESENTATION_STYLE_ASSIGNMENT((#12293));
#12293 = SURFACE_STYLE_USAGE(.BOTH.,#12294);
#12294 = SURFACE_SIDE_STYLE('',(#12295));
#12295 = SURFACE_STYLE_FILL_AREA(#12296);
#12296 = FILL_AREA_STYLE('',(#12297));
#12297 = FILL_AREA_STYLE_COLOUR('',#11628);
#12298 = STYLED_ITEM('color',(#12299),#3011);
#12299 = PRESENTATION_STYLE_ASSIGNMENT((#12300));
#12300 = SURFACE_STYLE_USAGE(.BOTH.,#12301);
#12301 = SURFACE_SIDE_STYLE('',(#12302));
#12302 = SURFACE_STYLE_FILL_AREA(#12303);
#12303 = FILL_AREA_STYLE('',(#12304));
#12304 = FILL_AREA_STYLE_COLOUR('',#11628);
#12305 = STYLED_ITEM('color',(#12306),#3035);
#12306 = PRESENTATION_STYLE_ASSIGNMENT((#12307));
#12307 = SURFACE_STYLE_USAGE(.BOTH.,#12308);
#12308 = SURFACE_SIDE_STYLE('',(#12309));
#12309 = SURFACE_STYLE_FILL_AREA(#12310);
#12310 = FILL_AREA_STYLE('',(#12311));
#12311 = FILL_AREA_STYLE_COLOUR('',#11628);
#12312 = STYLED_ITEM('color',(#12313),#3098);
#12313 = PRESENTATION_STYLE_ASSIGNMENT((#12314));
#12314 = SURFACE_STYLE_USAGE(.BOTH.,#12315);
#12315 = SURFACE_SIDE_STYLE('',(#12316));
#12316 = SURFACE_STYLE_FILL_AREA(#12317);
#12317 = FILL_AREA_STYLE('',(#12318));
#12318 = FILL_AREA_STYLE_COLOUR('',#11628);
#12319 = STYLED_ITEM('color',(#12320),#3115);
#12320 = PRESENTATION_STYLE_ASSIGNMENT((#12321));
#12321 = SURFACE_STYLE_USAGE(.BOTH.,#12322);
#12322 = SURFACE_SIDE_STYLE('',(#12323));
#12323 = SURFACE_STYLE_FILL_AREA(#12324);
#12324 = FILL_AREA_STYLE('',(#12325));
#12325 = FILL_AREA_STYLE_COLOUR('',#11628);
#12326 = STYLED_ITEM('color',(#12327),#3129);
#12327 = PRESENTATION_STYLE_ASSIGNMENT((#12328));
#12328 = SURFACE_STYLE_USAGE(.BOTH.,#12329);
#12329 = SURFACE_SIDE_STYLE('',(#12330));
#12330 = SURFACE_STYLE_FILL_AREA(#12331);
#12331 = FILL_AREA_STYLE('',(#12332));
#12332 = FILL_AREA_STYLE_COLOUR('',#11628);
#12333 = STYLED_ITEM('color',(#12334),#3146);
#12334 = PRESENTATION_STYLE_ASSIGNMENT((#12335));
#12335 = SURFACE_STYLE_USAGE(.BOTH.,#12336);
#12336 = SURFACE_SIDE_STYLE('',(#12337));
#12337 = SURFACE_STYLE_FILL_AREA(#12338);
#12338 = FILL_AREA_STYLE('',(#12339));
#12339 = FILL_AREA_STYLE_COLOUR('',#11628);
#12340 = STYLED_ITEM('color',(#12341),#3163);
#12341 = PRESENTATION_STYLE_ASSIGNMENT((#12342));
#12342 = SURFACE_STYLE_USAGE(.BOTH.,#12343);
#12343 = SURFACE_SIDE_STYLE('',(#12344));
#12344 = SURFACE_STYLE_FILL_AREA(#12345);
#12345 = FILL_AREA_STYLE('',(#12346));
#12346 = FILL_AREA_STYLE_COLOUR('',#11744);
#12347 = STYLED_ITEM('color',(#12348),#3512);
#12348 = PRESENTATION_STYLE_ASSIGNMENT((#12349));
#12349 = SURFACE_STYLE_USAGE(.BOTH.,#12350);
#12350 = SURFACE_SIDE_STYLE('',(#12351));
#12351 = SURFACE_STYLE_FILL_AREA(#12352);
#12352 = FILL_AREA_STYLE('',(#12353));
#12353 = FILL_AREA_STYLE_COLOUR('',#11744);
#12354 = STYLED_ITEM('color',(#12355),#3563);
#12355 = PRESENTATION_STYLE_ASSIGNMENT((#12356));
#12356 = SURFACE_STYLE_USAGE(.BOTH.,#12357);
#12357 = SURFACE_SIDE_STYLE('',(#12358));
#12358 = SURFACE_STYLE_FILL_AREA(#12359);
#12359 = FILL_AREA_STYLE('',(#12360));
#12360 = FILL_AREA_STYLE_COLOUR('',#11628);
#12361 = STYLED_ITEM('color',(#12362),#3582);
#12362 = PRESENTATION_STYLE_ASSIGNMENT((#12363));
#12363 = SURFACE_STYLE_USAGE(.BOTH.,#12364);
#12364 = SURFACE_SIDE_STYLE('',(#12365));
#12365 = SURFACE_STYLE_FILL_AREA(#12366);
#12366 = FILL_AREA_STYLE('',(#12367));
#12367 = FILL_AREA_STYLE_COLOUR('',#11628);
#12368 = STYLED_ITEM('color',(#12369),#3631);
#12369 = PRESENTATION_STYLE_ASSIGNMENT((#12370));
#12370 = SURFACE_STYLE_USAGE(.BOTH.,#12371);
#12371 = SURFACE_SIDE_STYLE('',(#12372));
#12372 = SURFACE_STYLE_FILL_AREA(#12373);
#12373 = FILL_AREA_STYLE('',(#12374));
#12374 = FILL_AREA_STYLE_COLOUR('',#11628);
#12375 = STYLED_ITEM('color',(#12376),#3655);
#12376 = PRESENTATION_STYLE_ASSIGNMENT((#12377));
#12377 = SURFACE_STYLE_USAGE(.BOTH.,#12378);
#12378 = SURFACE_SIDE_STYLE('',(#12379));
#12379 = SURFACE_STYLE_FILL_AREA(#12380);
#12380 = FILL_AREA_STYLE('',(#12381));
#12381 = FILL_AREA_STYLE_COLOUR('',#11628);
#12382 = STYLED_ITEM('color',(#12383),#3702);
#12383 = PRESENTATION_STYLE_ASSIGNMENT((#12384));
#12384 = SURFACE_STYLE_USAGE(.BOTH.,#12385);
#12385 = SURFACE_SIDE_STYLE('',(#12386));
#12386 = SURFACE_STYLE_FILL_AREA(#12387);
#12387 = FILL_AREA_STYLE('',(#12388));
#12388 = FILL_AREA_STYLE_COLOUR('',#11628);
#12389 = STYLED_ITEM('color',(#12390),#3714);
#12390 = PRESENTATION_STYLE_ASSIGNMENT((#12391));
#12391 = SURFACE_STYLE_USAGE(.BOTH.,#12392);
#12392 = SURFACE_SIDE_STYLE('',(#12393));
#12393 = SURFACE_STYLE_FILL_AREA(#12394);
#12394 = FILL_AREA_STYLE('',(#12395));
#12395 = FILL_AREA_STYLE_COLOUR('',#11628);
#12396 = STYLED_ITEM('color',(#12397),#3768);
#12397 = PRESENTATION_STYLE_ASSIGNMENT((#12398));
#12398 = SURFACE_STYLE_USAGE(.BOTH.,#12399);
#12399 = SURFACE_SIDE_STYLE('',(#12400));
#12400 = SURFACE_STYLE_FILL_AREA(#12401);
#12401 = FILL_AREA_STYLE('',(#12402));
#12402 = FILL_AREA_STYLE_COLOUR('',#11628);
#12403 = STYLED_ITEM('color',(#12404),#3792);
#12404 = PRESENTATION_STYLE_ASSIGNMENT((#12405));
#12405 = SURFACE_STYLE_USAGE(.BOTH.,#12406);
#12406 = SURFACE_SIDE_STYLE('',(#12407));
#12407 = SURFACE_STYLE_FILL_AREA(#12408);
#12408 = FILL_AREA_STYLE('',(#12409));
#12409 = FILL_AREA_STYLE_COLOUR('',#11628);
#12410 = STYLED_ITEM('color',(#12411),#3834);
#12411 = PRESENTATION_STYLE_ASSIGNMENT((#12412));
#12412 = SURFACE_STYLE_USAGE(.BOTH.,#12413);
#12413 = SURFACE_SIDE_STYLE('',(#12414));
#12414 = SURFACE_STYLE_FILL_AREA(#12415);
#12415 = FILL_AREA_STYLE('',(#12416));
#12416 = FILL_AREA_STYLE_COLOUR('',#11628);
#12417 = STYLED_ITEM('color',(#12418),#3853);
#12418 = PRESENTATION_STYLE_ASSIGNMENT((#12419));
#12419 = SURFACE_STYLE_USAGE(.BOTH.,#12420);
#12420 = SURFACE_SIDE_STYLE('',(#12421));
#12421 = SURFACE_STYLE_FILL_AREA(#12422);
#12422 = FILL_AREA_STYLE('',(#12423));
#12423 = FILL_AREA_STYLE_COLOUR('',#11628);
#12424 = STYLED_ITEM('color',(#12425),#3865);
#12425 = PRESENTATION_STYLE_ASSIGNMENT((#12426));
#12426 = SURFACE_STYLE_USAGE(.BOTH.,#12427);
#12427 = SURFACE_SIDE_STYLE('',(#12428));
#12428 = SURFACE_STYLE_FILL_AREA(#12429);
#12429 = FILL_AREA_STYLE('',(#12430));
#12430 = FILL_AREA_STYLE_COLOUR('',#11628);
#12431 = STYLED_ITEM('color',(#12432),#3882);
#12432 = PRESENTATION_STYLE_ASSIGNMENT((#12433));
#12433 = SURFACE_STYLE_USAGE(.BOTH.,#12434);
#12434 = SURFACE_SIDE_STYLE('',(#12435));
#12435 = SURFACE_STYLE_FILL_AREA(#12436);
#12436 = FILL_AREA_STYLE('',(#12437));
#12437 = FILL_AREA_STYLE_COLOUR('',#11628);
#12438 = STYLED_ITEM('color',(#12439),#3899);
#12439 = PRESENTATION_STYLE_ASSIGNMENT((#12440));
#12440 = SURFACE_STYLE_USAGE(.BOTH.,#12441);
#12441 = SURFACE_SIDE_STYLE('',(#12442));
#12442 = SURFACE_STYLE_FILL_AREA(#12443);
#12443 = FILL_AREA_STYLE('',(#12444));
#12444 = FILL_AREA_STYLE_COLOUR('',#11628);
#12445 = STYLED_ITEM('color',(#12446),#3918);
#12446 = PRESENTATION_STYLE_ASSIGNMENT((#12447));
#12447 = SURFACE_STYLE_USAGE(.BOTH.,#12448);
#12448 = SURFACE_SIDE_STYLE('',(#12449));
#12449 = SURFACE_STYLE_FILL_AREA(#12450);
#12450 = FILL_AREA_STYLE('',(#12451));
#12451 = FILL_AREA_STYLE_COLOUR('',#11628);
#12452 = STYLED_ITEM('color',(#12453),#3935);
#12453 = PRESENTATION_STYLE_ASSIGNMENT((#12454));
#12454 = SURFACE_STYLE_USAGE(.BOTH.,#12455);
#12455 = SURFACE_SIDE_STYLE('',(#12456));
#12456 = SURFACE_STYLE_FILL_AREA(#12457);
#12457 = FILL_AREA_STYLE('',(#12458));
#12458 = FILL_AREA_STYLE_COLOUR('',#11628);
#12459 = STYLED_ITEM('color',(#12460),#4000);
#12460 = PRESENTATION_STYLE_ASSIGNMENT((#12461));
#12461 = SURFACE_STYLE_USAGE(.BOTH.,#12462);
#12462 = SURFACE_SIDE_STYLE('',(#12463));
#12463 = SURFACE_STYLE_FILL_AREA(#12464);
#12464 = FILL_AREA_STYLE('',(#12465));
#12465 = FILL_AREA_STYLE_COLOUR('',#11628);
#12466 = STYLED_ITEM('color',(#12467),#4024);
#12467 = PRESENTATION_STYLE_ASSIGNMENT((#12468));
#12468 = SURFACE_STYLE_USAGE(.BOTH.,#12469);
#12469 = SURFACE_SIDE_STYLE('',(#12470));
#12470 = SURFACE_STYLE_FILL_AREA(#12471);
#12471 = FILL_AREA_STYLE('',(#12472));
#12472 = FILL_AREA_STYLE_COLOUR('',#11628);
#12473 = STYLED_ITEM('color',(#12474),#4082);
#12474 = PRESENTATION_STYLE_ASSIGNMENT((#12475));
#12475 = SURFACE_STYLE_USAGE(.BOTH.,#12476);
#12476 = SURFACE_SIDE_STYLE('',(#12477));
#12477 = SURFACE_STYLE_FILL_AREA(#12478);
#12478 = FILL_AREA_STYLE('',(#12479));
#12479 = FILL_AREA_STYLE_COLOUR('',#11628);
#12480 = STYLED_ITEM('color',(#12481),#4104);
#12481 = PRESENTATION_STYLE_ASSIGNMENT((#12482));
#12482 = SURFACE_STYLE_USAGE(.BOTH.,#12483);
#12483 = SURFACE_SIDE_STYLE('',(#12484));
#12484 = SURFACE_STYLE_FILL_AREA(#12485);
#12485 = FILL_AREA_STYLE('',(#12486));
#12486 = FILL_AREA_STYLE_COLOUR('',#11628);
#12487 = STYLED_ITEM('color',(#12488),#4169);
#12488 = PRESENTATION_STYLE_ASSIGNMENT((#12489));
#12489 = SURFACE_STYLE_USAGE(.BOTH.,#12490);
#12490 = SURFACE_SIDE_STYLE('',(#12491));
#12491 = SURFACE_STYLE_FILL_AREA(#12492);
#12492 = FILL_AREA_STYLE('',(#12493));
#12493 = FILL_AREA_STYLE_COLOUR('',#11628);
#12494 = STYLED_ITEM('color',(#12495),#4193);
#12495 = PRESENTATION_STYLE_ASSIGNMENT((#12496));
#12496 = SURFACE_STYLE_USAGE(.BOTH.,#12497);
#12497 = SURFACE_SIDE_STYLE('',(#12498));
#12498 = SURFACE_STYLE_FILL_AREA(#12499);
#12499 = FILL_AREA_STYLE('',(#12500));
#12500 = FILL_AREA_STYLE_COLOUR('',#11628);
#12501 = STYLED_ITEM('color',(#12502),#4251);
#12502 = PRESENTATION_STYLE_ASSIGNMENT((#12503));
#12503 = SURFACE_STYLE_USAGE(.BOTH.,#12504);
#12504 = SURFACE_SIDE_STYLE('',(#12505));
#12505 = SURFACE_STYLE_FILL_AREA(#12506);
#12506 = FILL_AREA_STYLE('',(#12507));
#12507 = FILL_AREA_STYLE_COLOUR('',#11628);
#12508 = STYLED_ITEM('color',(#12509),#4265);
#12509 = PRESENTATION_STYLE_ASSIGNMENT((#12510));
#12510 = SURFACE_STYLE_USAGE(.BOTH.,#12511);
#12511 = SURFACE_SIDE_STYLE('',(#12512));
#12512 = SURFACE_STYLE_FILL_AREA(#12513);
#12513 = FILL_AREA_STYLE('',(#12514));
#12514 = FILL_AREA_STYLE_COLOUR('',#11628);
#12515 = STYLED_ITEM('color',(#12516),#4282);
#12516 = PRESENTATION_STYLE_ASSIGNMENT((#12517));
#12517 = SURFACE_STYLE_USAGE(.BOTH.,#12518);
#12518 = SURFACE_SIDE_STYLE('',(#12519));
#12519 = SURFACE_STYLE_FILL_AREA(#12520);
#12520 = FILL_AREA_STYLE('',(#12521));
#12521 = FILL_AREA_STYLE_COLOUR('',#11628);
#12522 = STYLED_ITEM('color',(#12523),#4299);
#12523 = PRESENTATION_STYLE_ASSIGNMENT((#12524));
#12524 = SURFACE_STYLE_USAGE(.BOTH.,#12525);
#12525 = SURFACE_SIDE_STYLE('',(#12526));
#12526 = SURFACE_STYLE_FILL_AREA(#12527);
#12527 = FILL_AREA_STYLE('',(#12528));
#12528 = FILL_AREA_STYLE_COLOUR('',#11744);
#12529 = STYLED_ITEM('color',(#12530),#4316);
#12530 = PRESENTATION_STYLE_ASSIGNMENT((#12531));
#12531 = SURFACE_STYLE_USAGE(.BOTH.,#12532);
#12532 = SURFACE_SIDE_STYLE('',(#12533));
#12533 = SURFACE_STYLE_FILL_AREA(#12534);
#12534 = FILL_AREA_STYLE('',(#12535));
#12535 = FILL_AREA_STYLE_COLOUR('',#11744);
#12536 = STYLED_ITEM('color',(#12537),#4345);
#12537 = PRESENTATION_STYLE_ASSIGNMENT((#12538));
#12538 = SURFACE_STYLE_USAGE(.BOTH.,#12539);
#12539 = SURFACE_SIDE_STYLE('',(#12540));
#12540 = SURFACE_STYLE_FILL_AREA(#12541);
#12541 = FILL_AREA_STYLE('',(#12542));
#12542 = FILL_AREA_STYLE_COLOUR('',#11628);
#12543 = STYLED_ITEM('color',(#12544),#4362);
#12544 = PRESENTATION_STYLE_ASSIGNMENT((#12545));
#12545 = SURFACE_STYLE_USAGE(.BOTH.,#12546);
#12546 = SURFACE_SIDE_STYLE('',(#12547));
#12547 = SURFACE_STYLE_FILL_AREA(#12548);
#12548 = FILL_AREA_STYLE('',(#12549));
#12549 = FILL_AREA_STYLE_COLOUR('',#11628);
#12550 = STYLED_ITEM('color',(#12551),#4379);
#12551 = PRESENTATION_STYLE_ASSIGNMENT((#12552));
#12552 = SURFACE_STYLE_USAGE(.BOTH.,#12553);
#12553 = SURFACE_SIDE_STYLE('',(#12554));
#12554 = SURFACE_STYLE_FILL_AREA(#12555);
#12555 = FILL_AREA_STYLE('',(#12556));
#12556 = FILL_AREA_STYLE_COLOUR('',#11628);
#12557 = STYLED_ITEM('color',(#12558),#4391);
#12558 = PRESENTATION_STYLE_ASSIGNMENT((#12559));
#12559 = SURFACE_STYLE_USAGE(.BOTH.,#12560);
#12560 = SURFACE_SIDE_STYLE('',(#12561));
#12561 = SURFACE_STYLE_FILL_AREA(#12562);
#12562 = FILL_AREA_STYLE('',(#12563));
#12563 = FILL_AREA_STYLE_COLOUR('',#11628);
#12564 = STYLED_ITEM('color',(#12565),#4408);
#12565 = PRESENTATION_STYLE_ASSIGNMENT((#12566));
#12566 = SURFACE_STYLE_USAGE(.BOTH.,#12567);
#12567 = SURFACE_SIDE_STYLE('',(#12568));
#12568 = SURFACE_STYLE_FILL_AREA(#12569);
#12569 = FILL_AREA_STYLE('',(#12570));
#12570 = FILL_AREA_STYLE_COLOUR('',#11628);
#12571 = STYLED_ITEM('color',(#12572),#4425);
#12572 = PRESENTATION_STYLE_ASSIGNMENT((#12573));
#12573 = SURFACE_STYLE_USAGE(.BOTH.,#12574);
#12574 = SURFACE_SIDE_STYLE('',(#12575));
#12575 = SURFACE_STYLE_FILL_AREA(#12576);
#12576 = FILL_AREA_STYLE('',(#12577));
#12577 = FILL_AREA_STYLE_COLOUR('',#11628);
#12578 = STYLED_ITEM('color',(#12579),#4437);
#12579 = PRESENTATION_STYLE_ASSIGNMENT((#12580));
#12580 = SURFACE_STYLE_USAGE(.BOTH.,#12581);
#12581 = SURFACE_SIDE_STYLE('',(#12582));
#12582 = SURFACE_STYLE_FILL_AREA(#12583);
#12583 = FILL_AREA_STYLE('',(#12584));
#12584 = FILL_AREA_STYLE_COLOUR('',#11628);
#12585 = STYLED_ITEM('color',(#12586),#4454);
#12586 = PRESENTATION_STYLE_ASSIGNMENT((#12587));
#12587 = SURFACE_STYLE_USAGE(.BOTH.,#12588);
#12588 = SURFACE_SIDE_STYLE('',(#12589));
#12589 = SURFACE_STYLE_FILL_AREA(#12590);
#12590 = FILL_AREA_STYLE('',(#12591));
#12591 = FILL_AREA_STYLE_COLOUR('',#11628);
#12592 = STYLED_ITEM('color',(#12593),#4471);
#12593 = PRESENTATION_STYLE_ASSIGNMENT((#12594));
#12594 = SURFACE_STYLE_USAGE(.BOTH.,#12595);
#12595 = SURFACE_SIDE_STYLE('',(#12596));
#12596 = SURFACE_STYLE_FILL_AREA(#12597);
#12597 = FILL_AREA_STYLE('',(#12598));
#12598 = FILL_AREA_STYLE_COLOUR('',#11628);
#12599 = STYLED_ITEM('color',(#12600),#4488);
#12600 = PRESENTATION_STYLE_ASSIGNMENT((#12601));
#12601 = SURFACE_STYLE_USAGE(.BOTH.,#12602);
#12602 = SURFACE_SIDE_STYLE('',(#12603));
#12603 = SURFACE_STYLE_FILL_AREA(#12604);
#12604 = FILL_AREA_STYLE('',(#12605));
#12605 = FILL_AREA_STYLE_COLOUR('',#11628);
#12606 = STYLED_ITEM('color',(#12607),#4505);
#12607 = PRESENTATION_STYLE_ASSIGNMENT((#12608));
#12608 = SURFACE_STYLE_USAGE(.BOTH.,#12609);
#12609 = SURFACE_SIDE_STYLE('',(#12610));
#12610 = SURFACE_STYLE_FILL_AREA(#12611);
#12611 = FILL_AREA_STYLE('',(#12612));
#12612 = FILL_AREA_STYLE_COLOUR('',#11628);
#12613 = STYLED_ITEM('color',(#12614),#4517);
#12614 = PRESENTATION_STYLE_ASSIGNMENT((#12615));
#12615 = SURFACE_STYLE_USAGE(.BOTH.,#12616);
#12616 = SURFACE_SIDE_STYLE('',(#12617));
#12617 = SURFACE_STYLE_FILL_AREA(#12618);
#12618 = FILL_AREA_STYLE('',(#12619));
#12619 = FILL_AREA_STYLE_COLOUR('',#11628);
#12620 = STYLED_ITEM('color',(#12621),#4534);
#12621 = PRESENTATION_STYLE_ASSIGNMENT((#12622));
#12622 = SURFACE_STYLE_USAGE(.BOTH.,#12623);
#12623 = SURFACE_SIDE_STYLE('',(#12624));
#12624 = SURFACE_STYLE_FILL_AREA(#12625);
#12625 = FILL_AREA_STYLE('',(#12626));
#12626 = FILL_AREA_STYLE_COLOUR('',#11628);
#12627 = STYLED_ITEM('color',(#12628),#4551);
#12628 = PRESENTATION_STYLE_ASSIGNMENT((#12629));
#12629 = SURFACE_STYLE_USAGE(.BOTH.,#12630);
#12630 = SURFACE_SIDE_STYLE('',(#12631));
#12631 = SURFACE_STYLE_FILL_AREA(#12632);
#12632 = FILL_AREA_STYLE('',(#12633));
#12633 = FILL_AREA_STYLE_COLOUR('',#11628);
#12634 = STYLED_ITEM('color',(#12635),#4568);
#12635 = PRESENTATION_STYLE_ASSIGNMENT((#12636));
#12636 = SURFACE_STYLE_USAGE(.BOTH.,#12637);
#12637 = SURFACE_SIDE_STYLE('',(#12638));
#12638 = SURFACE_STYLE_FILL_AREA(#12639);
#12639 = FILL_AREA_STYLE('',(#12640));
#12640 = FILL_AREA_STYLE_COLOUR('',#11628);
#12641 = STYLED_ITEM('color',(#12642),#4585);
#12642 = PRESENTATION_STYLE_ASSIGNMENT((#12643));
#12643 = SURFACE_STYLE_USAGE(.BOTH.,#12644);
#12644 = SURFACE_SIDE_STYLE('',(#12645));
#12645 = SURFACE_STYLE_FILL_AREA(#12646);
#12646 = FILL_AREA_STYLE('',(#12647));
#12647 = FILL_AREA_STYLE_COLOUR('',#11628);
#12648 = STYLED_ITEM('color',(#12649),#4597);
#12649 = PRESENTATION_STYLE_ASSIGNMENT((#12650));
#12650 = SURFACE_STYLE_USAGE(.BOTH.,#12651);
#12651 = SURFACE_SIDE_STYLE('',(#12652));
#12652 = SURFACE_STYLE_FILL_AREA(#12653);
#12653 = FILL_AREA_STYLE('',(#12654));
#12654 = FILL_AREA_STYLE_COLOUR('',#11744);
#12655 = STYLED_ITEM('color',(#12656),#4625);
#12656 = PRESENTATION_STYLE_ASSIGNMENT((#12657));
#12657 = SURFACE_STYLE_USAGE(.BOTH.,#12658);
#12658 = SURFACE_SIDE_STYLE('',(#12659));
#12659 = SURFACE_STYLE_FILL_AREA(#12660);
#12660 = FILL_AREA_STYLE('',(#12661));
#12661 = FILL_AREA_STYLE_COLOUR('',#11744);
#12662 = STYLED_ITEM('color',(#12663),#4636);
#12663 = PRESENTATION_STYLE_ASSIGNMENT((#12664));
#12664 = SURFACE_STYLE_USAGE(.BOTH.,#12665);
#12665 = SURFACE_SIDE_STYLE('',(#12666));
#12666 = SURFACE_STYLE_FILL_AREA(#12667);
#12667 = FILL_AREA_STYLE('',(#12668));
#12668 = FILL_AREA_STYLE_COLOUR('',#11628);
#12669 = STYLED_ITEM('color',(#12670),#4653);
#12670 = PRESENTATION_STYLE_ASSIGNMENT((#12671));
#12671 = SURFACE_STYLE_USAGE(.BOTH.,#12672);
#12672 = SURFACE_SIDE_STYLE('',(#12673));
#12673 = SURFACE_STYLE_FILL_AREA(#12674);
#12674 = FILL_AREA_STYLE('',(#12675));
#12675 = FILL_AREA_STYLE_COLOUR('',#11628);
#12676 = STYLED_ITEM('color',(#12677),#4670);
#12677 = PRESENTATION_STYLE_ASSIGNMENT((#12678));
#12678 = SURFACE_STYLE_USAGE(.BOTH.,#12679);
#12679 = SURFACE_SIDE_STYLE('',(#12680));
#12680 = SURFACE_STYLE_FILL_AREA(#12681);
#12681 = FILL_AREA_STYLE('',(#12682));
#12682 = FILL_AREA_STYLE_COLOUR('',#11628);
#12683 = STYLED_ITEM('color',(#12684),#4682);
#12684 = PRESENTATION_STYLE_ASSIGNMENT((#12685));
#12685 = SURFACE_STYLE_USAGE(.BOTH.,#12686);
#12686 = SURFACE_SIDE_STYLE('',(#12687));
#12687 = SURFACE_STYLE_FILL_AREA(#12688);
#12688 = FILL_AREA_STYLE('',(#12689));
#12689 = FILL_AREA_STYLE_COLOUR('',#11628);
#12690 = STYLED_ITEM('color',(#12691),#4699);
#12691 = PRESENTATION_STYLE_ASSIGNMENT((#12692));
#12692 = SURFACE_STYLE_USAGE(.BOTH.,#12693);
#12693 = SURFACE_SIDE_STYLE('',(#12694));
#12694 = SURFACE_STYLE_FILL_AREA(#12695);
#12695 = FILL_AREA_STYLE('',(#12696));
#12696 = FILL_AREA_STYLE_COLOUR('',#11628);
#12697 = STYLED_ITEM('color',(#12698),#4716);
#12698 = PRESENTATION_STYLE_ASSIGNMENT((#12699));
#12699 = SURFACE_STYLE_USAGE(.BOTH.,#12700);
#12700 = SURFACE_SIDE_STYLE('',(#12701));
#12701 = SURFACE_STYLE_FILL_AREA(#12702);
#12702 = FILL_AREA_STYLE('',(#12703));
#12703 = FILL_AREA_STYLE_COLOUR('',#11628);
#12704 = STYLED_ITEM('color',(#12705),#4728);
#12705 = PRESENTATION_STYLE_ASSIGNMENT((#12706));
#12706 = SURFACE_STYLE_USAGE(.BOTH.,#12707);
#12707 = SURFACE_SIDE_STYLE('',(#12708));
#12708 = SURFACE_STYLE_FILL_AREA(#12709);
#12709 = FILL_AREA_STYLE('',(#12710));
#12710 = FILL_AREA_STYLE_COLOUR('',#11628);
#12711 = STYLED_ITEM('color',(#12712),#4745);
#12712 = PRESENTATION_STYLE_ASSIGNMENT((#12713));
#12713 = SURFACE_STYLE_USAGE(.BOTH.,#12714);
#12714 = SURFACE_SIDE_STYLE('',(#12715));
#12715 = SURFACE_STYLE_FILL_AREA(#12716);
#12716 = FILL_AREA_STYLE('',(#12717));
#12717 = FILL_AREA_STYLE_COLOUR('',#11628);
#12718 = STYLED_ITEM('color',(#12719),#4762);
#12719 = PRESENTATION_STYLE_ASSIGNMENT((#12720));
#12720 = SURFACE_STYLE_USAGE(.BOTH.,#12721);
#12721 = SURFACE_SIDE_STYLE('',(#12722));
#12722 = SURFACE_STYLE_FILL_AREA(#12723);
#12723 = FILL_AREA_STYLE('',(#12724));
#12724 = FILL_AREA_STYLE_COLOUR('',#11628);
#12725 = STYLED_ITEM('color',(#12726),#4779);
#12726 = PRESENTATION_STYLE_ASSIGNMENT((#12727));
#12727 = SURFACE_STYLE_USAGE(.BOTH.,#12728);
#12728 = SURFACE_SIDE_STYLE('',(#12729));
#12729 = SURFACE_STYLE_FILL_AREA(#12730);
#12730 = FILL_AREA_STYLE('',(#12731));
#12731 = FILL_AREA_STYLE_COLOUR('',#11628);
#12732 = STYLED_ITEM('color',(#12733),#4796);
#12733 = PRESENTATION_STYLE_ASSIGNMENT((#12734));
#12734 = SURFACE_STYLE_USAGE(.BOTH.,#12735);
#12735 = SURFACE_SIDE_STYLE('',(#12736));
#12736 = SURFACE_STYLE_FILL_AREA(#12737);
#12737 = FILL_AREA_STYLE('',(#12738));
#12738 = FILL_AREA_STYLE_COLOUR('',#11628);
#12739 = STYLED_ITEM('color',(#12740),#4808);
#12740 = PRESENTATION_STYLE_ASSIGNMENT((#12741));
#12741 = SURFACE_STYLE_USAGE(.BOTH.,#12742);
#12742 = SURFACE_SIDE_STYLE('',(#12743));
#12743 = SURFACE_STYLE_FILL_AREA(#12744);
#12744 = FILL_AREA_STYLE('',(#12745));
#12745 = FILL_AREA_STYLE_COLOUR('',#11628);
#12746 = STYLED_ITEM('color',(#12747),#4825);
#12747 = PRESENTATION_STYLE_ASSIGNMENT((#12748));
#12748 = SURFACE_STYLE_USAGE(.BOTH.,#12749);
#12749 = SURFACE_SIDE_STYLE('',(#12750));
#12750 = SURFACE_STYLE_FILL_AREA(#12751);
#12751 = FILL_AREA_STYLE('',(#12752));
#12752 = FILL_AREA_STYLE_COLOUR('',#11628);
#12753 = STYLED_ITEM('color',(#12754),#4842);
#12754 = PRESENTATION_STYLE_ASSIGNMENT((#12755));
#12755 = SURFACE_STYLE_USAGE(.BOTH.,#12756);
#12756 = SURFACE_SIDE_STYLE('',(#12757));
#12757 = SURFACE_STYLE_FILL_AREA(#12758);
#12758 = FILL_AREA_STYLE('',(#12759));
#12759 = FILL_AREA_STYLE_COLOUR('',#11628);
#12760 = STYLED_ITEM('color',(#12761),#4859);
#12761 = PRESENTATION_STYLE_ASSIGNMENT((#12762));
#12762 = SURFACE_STYLE_USAGE(.BOTH.,#12763);
#12763 = SURFACE_SIDE_STYLE('',(#12764));
#12764 = SURFACE_STYLE_FILL_AREA(#12765);
#12765 = FILL_AREA_STYLE('',(#12766));
#12766 = FILL_AREA_STYLE_COLOUR('',#11628);
#12767 = STYLED_ITEM('color',(#12768),#4876);
#12768 = PRESENTATION_STYLE_ASSIGNMENT((#12769));
#12769 = SURFACE_STYLE_USAGE(.BOTH.,#12770);
#12770 = SURFACE_SIDE_STYLE('',(#12771));
#12771 = SURFACE_STYLE_FILL_AREA(#12772);
#12772 = FILL_AREA_STYLE('',(#12773));
#12773 = FILL_AREA_STYLE_COLOUR('',#11628);
#12774 = MECHANICAL_DESIGN_GEOMETRIC_PRESENTATION_REPRESENTATION('',(
    #12775,#12782,#12789,#12796,#12803,#12811,#12818,#12825,#12832,
    #12839,#12846,#12853),#8023);
#12775 = STYLED_ITEM('color',(#12776),#7453);
#12776 = PRESENTATION_STYLE_ASSIGNMENT((#12777));
#12777 = SURFACE_STYLE_USAGE(.BOTH.,#12778);
#12778 = SURFACE_SIDE_STYLE('',(#12779));
#12779 = SURFACE_STYLE_FILL_AREA(#12780);
#12780 = FILL_AREA_STYLE('',(#12781));
#12781 = FILL_AREA_STYLE_COLOUR('',#11628);
#12782 = STYLED_ITEM('color',(#12783),#7470);
#12783 = PRESENTATION_STYLE_ASSIGNMENT((#12784));
#12784 = SURFACE_STYLE_USAGE(.BOTH.,#12785);
#12785 = SURFACE_SIDE_STYLE('',(#12786));
#12786 = SURFACE_STYLE_FILL_AREA(#12787);
#12787 = FILL_AREA_STYLE('',(#12788));
#12788 = FILL_AREA_STYLE_COLOUR('',#11628);
#12789 = STYLED_ITEM('color',(#12790),#7495);
#12790 = PRESENTATION_STYLE_ASSIGNMENT((#12791));
#12791 = SURFACE_STYLE_USAGE(.BOTH.,#12792);
#12792 = SURFACE_SIDE_STYLE('',(#12793));
#12793 = SURFACE_STYLE_FILL_AREA(#12794);
#12794 = FILL_AREA_STYLE('',(#12795));
#12795 = FILL_AREA_STYLE_COLOUR('',#11628);
#12796 = STYLED_ITEM('color',(#12797),#7572);
#12797 = PRESENTATION_STYLE_ASSIGNMENT((#12798));
#12798 = SURFACE_STYLE_USAGE(.BOTH.,#12799);
#12799 = SURFACE_SIDE_STYLE('',(#12800));
#12800 = SURFACE_STYLE_FILL_AREA(#12801);
#12801 = FILL_AREA_STYLE('',(#12802));
#12802 = FILL_AREA_STYLE_COLOUR('',#11628);
#12803 = STYLED_ITEM('color',(#12804),#7673);
#12804 = PRESENTATION_STYLE_ASSIGNMENT((#12805));
#12805 = SURFACE_STYLE_USAGE(.BOTH.,#12806);
#12806 = SURFACE_SIDE_STYLE('',(#12807));
#12807 = SURFACE_STYLE_FILL_AREA(#12808);
#12808 = FILL_AREA_STYLE('',(#12809));
#12809 = FILL_AREA_STYLE_COLOUR('',#12810);
#12810 = COLOUR_RGB('',0.809000013735,0.426000008053,0.147999998088);
#12811 = STYLED_ITEM('color',(#12812),#7795);
#12812 = PRESENTATION_STYLE_ASSIGNMENT((#12813));
#12813 = SURFACE_STYLE_USAGE(.BOTH.,#12814);
#12814 = SURFACE_SIDE_STYLE('',(#12815));
#12815 = SURFACE_STYLE_FILL_AREA(#12816);
#12816 = FILL_AREA_STYLE('',(#12817));
#12817 = FILL_AREA_STYLE_COLOUR('',#12810);
#12818 = STYLED_ITEM('color',(#12819),#7903);
#12819 = PRESENTATION_STYLE_ASSIGNMENT((#12820));
#12820 = SURFACE_STYLE_USAGE(.BOTH.,#12821);
#12821 = SURFACE_SIDE_STYLE('',(#12822));
#12822 = SURFACE_STYLE_FILL_AREA(#12823);
#12823 = FILL_AREA_STYLE('',(#12824));
#12824 = FILL_AREA_STYLE_COLOUR('',#11628);
#12825 = STYLED_ITEM('color',(#12826),#7914);
#12826 = PRESENTATION_STYLE_ASSIGNMENT((#12827));
#12827 = SURFACE_STYLE_USAGE(.BOTH.,#12828);
#12828 = SURFACE_SIDE_STYLE('',(#12829));
#12829 = SURFACE_STYLE_FILL_AREA(#12830);
#12830 = FILL_AREA_STYLE('',(#12831));
#12831 = FILL_AREA_STYLE_COLOUR('',#11628);
#12832 = STYLED_ITEM('color',(#12833),#7961);
#12833 = PRESENTATION_STYLE_ASSIGNMENT((#12834));
#12834 = SURFACE_STYLE_USAGE(.BOTH.,#12835);
#12835 = SURFACE_SIDE_STYLE('',(#12836));
#12836 = SURFACE_STYLE_FILL_AREA(#12837);
#12837 = FILL_AREA_STYLE('',(#12838));
#12838 = FILL_AREA_STYLE_COLOUR('',#11628);
#12839 = STYLED_ITEM('color',(#12840),#7977);
#12840 = PRESENTATION_STYLE_ASSIGNMENT((#12841));
#12841 = SURFACE_STYLE_USAGE(.BOTH.,#12842);
#12842 = SURFACE_SIDE_STYLE('',(#12843));
#12843 = SURFACE_STYLE_FILL_AREA(#12844);
#12844 = FILL_AREA_STYLE('',(#12845));
#12845 = FILL_AREA_STYLE_COLOUR('',#11628);
#12846 = STYLED_ITEM('color',(#12847),#7989);
#12847 = PRESENTATION_STYLE_ASSIGNMENT((#12848));
#12848 = SURFACE_STYLE_USAGE(.BOTH.,#12849);
#12849 = SURFACE_SIDE_STYLE('',(#12850));
#12850 = SURFACE_STYLE_FILL_AREA(#12851);
#12851 = FILL_AREA_STYLE('',(#12852));
#12852 = FILL_AREA_STYLE_COLOUR('',#11628);
#12853 = STYLED_ITEM('color',(#12854),#8014);
#12854 = PRESENTATION_STYLE_ASSIGNMENT((#12855));
#12855 = SURFACE_STYLE_USAGE(.BOTH.,#12856);
#12856 = SURFACE_SIDE_STYLE('',(#12857));
#12857 = SURFACE_STYLE_FILL_AREA(#12858);
#12858 = FILL_AREA_STYLE('',(#12859));
#12859 = FILL_AREA_STYLE_COLOUR('',#11628);
#12860 = MECHANICAL_DESIGN_GEOMETRIC_PRESENTATION_REPRESENTATION('',(
    #12861),#11609);
#12861 = STYLED_ITEM('color',(#12862),#8474);
#12862 = PRESENTATION_STYLE_ASSIGNMENT((#12863));
#12863 = SURFACE_STYLE_USAGE(.BOTH.,#12864);
#12864 = SURFACE_SIDE_STYLE('',(#12865));
#12865 = SURFACE_STYLE_FILL_AREA(#12866);
#12866 = FILL_AREA_STYLE('',(#12867));
#12867 = FILL_AREA_STYLE_COLOUR('',#12868);
#12868 = COLOUR_RGB('',0.313304153717,0.484529207832,0.410020903123);
#12869 = MECHANICAL_DESIGN_GEOMETRIC_PRESENTATION_REPRESENTATION('',(
    #12870,#12878,#12885,#12892,#12899,#12906,#12913,#12920,#12927,
    #12934,#12941,#12948,#12955,#12962,#12969,#12976,#12983),#5317);
#12870 = STYLED_ITEM('color',(#12871),#4932);
#12871 = PRESENTATION_STYLE_ASSIGNMENT((#12872));
#12872 = SURFACE_STYLE_USAGE(.BOTH.,#12873);
#12873 = SURFACE_SIDE_STYLE('',(#12874));
#12874 = SURFACE_STYLE_FILL_AREA(#12875);
#12875 = FILL_AREA_STYLE('',(#12876));
#12876 = FILL_AREA_STYLE_COLOUR('',#12877);
#12877 = COLOUR_RGB('',0.883000012551,0.711000022565,0.492000011028);
#12878 = STYLED_ITEM('color',(#12879),#4965);
#12879 = PRESENTATION_STYLE_ASSIGNMENT((#12880));
#12880 = SURFACE_STYLE_USAGE(.BOTH.,#12881);
#12881 = SURFACE_SIDE_STYLE('',(#12882));
#12882 = SURFACE_STYLE_FILL_AREA(#12883);
#12883 = FILL_AREA_STYLE('',(#12884));
#12884 = FILL_AREA_STYLE_COLOUR('',#12877);
#12885 = STYLED_ITEM('color',(#12886),#4991);
#12886 = PRESENTATION_STYLE_ASSIGNMENT((#12887));
#12887 = SURFACE_STYLE_USAGE(.BOTH.,#12888);
#12888 = SURFACE_SIDE_STYLE('',(#12889));
#12889 = SURFACE_STYLE_FILL_AREA(#12890);
#12890 = FILL_AREA_STYLE('',(#12891));
#12891 = FILL_AREA_STYLE_COLOUR('',#12877);
#12892 = STYLED_ITEM('color',(#12893),#5011);
#12893 = PRESENTATION_STYLE_ASSIGNMENT((#12894));
#12894 = SURFACE_STYLE_USAGE(.BOTH.,#12895);
#12895 = SURFACE_SIDE_STYLE('',(#12896));
#12896 = SURFACE_STYLE_FILL_AREA(#12897);
#12897 = FILL_AREA_STYLE('',(#12898));
#12898 = FILL_AREA_STYLE_COLOUR('',#12877);
#12899 = STYLED_ITEM('color',(#12900),#5031);
#12900 = PRESENTATION_STYLE_ASSIGNMENT((#12901));
#12901 = SURFACE_STYLE_USAGE(.BOTH.,#12902);
#12902 = SURFACE_SIDE_STYLE('',(#12903));
#12903 = SURFACE_STYLE_FILL_AREA(#12904);
#12904 = FILL_AREA_STYLE('',(#12905));
#12905 = FILL_AREA_STYLE_COLOUR('',#12877);
#12906 = STYLED_ITEM('color',(#12907),#5056);
#12907 = PRESENTATION_STYLE_ASSIGNMENT((#12908));
#12908 = SURFACE_STYLE_USAGE(.BOTH.,#12909);
#12909 = SURFACE_SIDE_STYLE('',(#12910));
#12910 = SURFACE_STYLE_FILL_AREA(#12911);
#12911 = FILL_AREA_STYLE('',(#12912));
#12912 = FILL_AREA_STYLE_COLOUR('',#11628);
#12913 = STYLED_ITEM('color',(#12914),#5081);
#12914 = PRESENTATION_STYLE_ASSIGNMENT((#12915));
#12915 = SURFACE_STYLE_USAGE(.BOTH.,#12916);
#12916 = SURFACE_SIDE_STYLE('',(#12917));
#12917 = SURFACE_STYLE_FILL_AREA(#12918);
#12918 = FILL_AREA_STYLE('',(#12919));
#12919 = FILL_AREA_STYLE_COLOUR('',#12877);
#12920 = STYLED_ITEM('color',(#12921),#5101);
#12921 = PRESENTATION_STYLE_ASSIGNMENT((#12922));
#12922 = SURFACE_STYLE_USAGE(.BOTH.,#12923);
#12923 = SURFACE_SIDE_STYLE('',(#12924));
#12924 = SURFACE_STYLE_FILL_AREA(#12925);
#12925 = FILL_AREA_STYLE('',(#12926));
#12926 = FILL_AREA_STYLE_COLOUR('',#11628);
#12927 = STYLED_ITEM('color',(#12928),#5127);
#12928 = PRESENTATION_STYLE_ASSIGNMENT((#12929));
#12929 = SURFACE_STYLE_USAGE(.BOTH.,#12930);
#12930 = SURFACE_SIDE_STYLE('',(#12931));
#12931 = SURFACE_STYLE_FILL_AREA(#12932);
#12932 = FILL_AREA_STYLE('',(#12933));
#12933 = FILL_AREA_STYLE_COLOUR('',#12877);
#12934 = STYLED_ITEM('color',(#12935),#5152);
#12935 = PRESENTATION_STYLE_ASSIGNMENT((#12936));
#12936 = SURFACE_STYLE_USAGE(.BOTH.,#12937);
#12937 = SURFACE_SIDE_STYLE('',(#12938));
#12938 = SURFACE_STYLE_FILL_AREA(#12939);
#12939 = FILL_AREA_STYLE('',(#12940));
#12940 = FILL_AREA_STYLE_COLOUR('',#11628);
#12941 = STYLED_ITEM('color',(#12942),#5177);
#12942 = PRESENTATION_STYLE_ASSIGNMENT((#12943));
#12943 = SURFACE_STYLE_USAGE(.BOTH.,#12944);
#12944 = SURFACE_SIDE_STYLE('',(#12945));
#12945 = SURFACE_STYLE_FILL_AREA(#12946);
#12946 = FILL_AREA_STYLE('',(#12947));
#12947 = FILL_AREA_STYLE_COLOUR('',#12877);
#12948 = STYLED_ITEM('color',(#12949),#5203);
#12949 = PRESENTATION_STYLE_ASSIGNMENT((#12950));
#12950 = SURFACE_STYLE_USAGE(.BOTH.,#12951);
#12951 = SURFACE_SIDE_STYLE('',(#12952));
#12952 = SURFACE_STYLE_FILL_AREA(#12953);
#12953 = FILL_AREA_STYLE('',(#12954));
#12954 = FILL_AREA_STYLE_COLOUR('',#11628);
#12955 = STYLED_ITEM('color',(#12956),#5212);
#12956 = PRESENTATION_STYLE_ASSIGNMENT((#12957));
#12957 = SURFACE_STYLE_USAGE(.BOTH.,#12958);
#12958 = SURFACE_SIDE_STYLE('',(#12959));
#12959 = SURFACE_STYLE_FILL_AREA(#12960);
#12960 = FILL_AREA_STYLE('',(#12961));
#12961 = FILL_AREA_STYLE_COLOUR('',#12877);
#12962 = STYLED_ITEM('color',(#12963),#5232);
#12963 = PRESENTATION_STYLE_ASSIGNMENT((#12964));
#12964 = SURFACE_STYLE_USAGE(.BOTH.,#12965);
#12965 = SURFACE_SIDE_STYLE('',(#12966));
#12966 = SURFACE_STYLE_FILL_AREA(#12967);
#12967 = FILL_AREA_STYLE('',(#12968));
#12968 = FILL_AREA_STYLE_COLOUR('',#11628);
#12969 = STYLED_ITEM('color',(#12970),#5257);
#12970 = PRESENTATION_STYLE_ASSIGNMENT((#12971));
#12971 = SURFACE_STYLE_USAGE(.BOTH.,#12972);
#12972 = SURFACE_SIDE_STYLE('',(#12973));
#12973 = SURFACE_STYLE_FILL_AREA(#12974);
#12974 = FILL_AREA_STYLE('',(#12975));
#12975 = FILL_AREA_STYLE_COLOUR('',#11628);
#12976 = STYLED_ITEM('color',(#12977),#5283);
#12977 = PRESENTATION_STYLE_ASSIGNMENT((#12978));
#12978 = SURFACE_STYLE_USAGE(.BOTH.,#12979);
#12979 = SURFACE_SIDE_STYLE('',(#12980));
#12980 = SURFACE_STYLE_FILL_AREA(#12981);
#12981 = FILL_AREA_STYLE('',(#12982));
#12982 = FILL_AREA_STYLE_COLOUR('',#11628);
#12983 = STYLED_ITEM('color',(#12984),#5308);
#12984 = PRESENTATION_STYLE_ASSIGNMENT((#12985));
#12985 = SURFACE_STYLE_USAGE(.BOTH.,#12986);
#12986 = SURFACE_SIDE_STYLE('',(#12987));
#12987 = SURFACE_STYLE_FILL_AREA(#12988);
#12988 = FILL_AREA_STYLE('',(#12989));
#12989 = FILL_AREA_STYLE_COLOUR('',#11628);
#12990 = MECHANICAL_DESIGN_GEOMETRIC_PRESENTATION_REPRESENTATION('',(
    #12991,#12998,#13005,#13013,#13020,#13028,#13035,#13042,#13049,
    #13056,#13063,#13070,#13077,#13084,#13091,#13098,#13105,#13112,
    #13119,#13126,#13133,#13140,#13147,#13154,#13161,#13168,#13175,
    #13182,#13189,#13196,#13203,#13210,#13217,#13224,#13231,#13238,
    #13245,#13252,#13259,#13266,#13273,#13280,#13287,#13294,#13301,
    #13308,#13315,#13322,#13329),#7404);
#12991 = STYLED_ITEM('color',(#12992),#5366);
#12992 = PRESENTATION_STYLE_ASSIGNMENT((#12993));
#12993 = SURFACE_STYLE_USAGE(.BOTH.,#12994);
#12994 = SURFACE_SIDE_STYLE('',(#12995));
#12995 = SURFACE_STYLE_FILL_AREA(#12996);
#12996 = FILL_AREA_STYLE('',(#12997));
#12997 = FILL_AREA_STYLE_COLOUR('',#11628);
#12998 = STYLED_ITEM('color',(#12999),#5383);
#12999 = PRESENTATION_STYLE_ASSIGNMENT((#13000));
#13000 = SURFACE_STYLE_USAGE(.BOTH.,#13001);
#13001 = SURFACE_SIDE_STYLE('',(#13002));
#13002 = SURFACE_STYLE_FILL_AREA(#13003);
#13003 = FILL_AREA_STYLE('',(#13004));
#13004 = FILL_AREA_STYLE_COLOUR('',#11628);
#13005 = STYLED_ITEM('color',(#13006),#5408);
#13006 = PRESENTATION_STYLE_ASSIGNMENT((#13007));
#13007 = SURFACE_STYLE_USAGE(.BOTH.,#13008);
#13008 = SURFACE_SIDE_STYLE('',(#13009));
#13009 = SURFACE_STYLE_FILL_AREA(#13010);
#13010 = FILL_AREA_STYLE('',(#13011));
#13011 = FILL_AREA_STYLE_COLOUR('',#13012);
#13012 = COLOUR_RGB('',0.136999991899,0.40200001271,0.726999997272);
#13013 = STYLED_ITEM('color',(#13014),#5457);
#13014 = PRESENTATION_STYLE_ASSIGNMENT((#13015));
#13015 = SURFACE_STYLE_USAGE(.BOTH.,#13016);
#13016 = SURFACE_SIDE_STYLE('',(#13017));
#13017 = SURFACE_STYLE_FILL_AREA(#13018);
#13018 = FILL_AREA_STYLE('',(#13019));
#13019 = FILL_AREA_STYLE_COLOUR('',#13012);
#13020 = STYLED_ITEM('color',(#13021),#5490);
#13021 = PRESENTATION_STYLE_ASSIGNMENT((#13022));
#13022 = SURFACE_STYLE_USAGE(.BOTH.,#13023);
#13023 = SURFACE_SIDE_STYLE('',(#13024));
#13024 = SURFACE_STYLE_FILL_AREA(#13025);
#13025 = FILL_AREA_STYLE('',(#13026));
#13026 = FILL_AREA_STYLE_COLOUR('',#13027);
#13027 = COLOUR_RGB('',0.690999977303,0.663999984767,0.597999987832);
#13028 = STYLED_ITEM('color',(#13029),#5508);
#13029 = PRESENTATION_STYLE_ASSIGNMENT((#13030));
#13030 = SURFACE_STYLE_USAGE(.BOTH.,#13031);
#13031 = SURFACE_SIDE_STYLE('',(#13032));
#13032 = SURFACE_STYLE_FILL_AREA(#13033);
#13033 = FILL_AREA_STYLE('',(#13034));
#13034 = FILL_AREA_STYLE_COLOUR('',#11628);
#13035 = STYLED_ITEM('color',(#13036),#5533);
#13036 = PRESENTATION_STYLE_ASSIGNMENT((#13037));
#13037 = SURFACE_STYLE_USAGE(.BOTH.,#13038);
#13038 = SURFACE_SIDE_STYLE('',(#13039));
#13039 = SURFACE_STYLE_FILL_AREA(#13040);
#13040 = FILL_AREA_STYLE('',(#13041));
#13041 = FILL_AREA_STYLE_COLOUR('',#13012);
#13042 = STYLED_ITEM('color',(#13043),#5565);
#13043 = PRESENTATION_STYLE_ASSIGNMENT((#13044));
#13044 = SURFACE_STYLE_USAGE(.BOTH.,#13045);
#13045 = SURFACE_SIDE_STYLE('',(#13046));
#13046 = SURFACE_STYLE_FILL_AREA(#13047);
#13047 = FILL_AREA_STYLE('',(#13048));
#13048 = FILL_AREA_STYLE_COLOUR('',#13027);
#13049 = STYLED_ITEM('color',(#13050),#5583);
#13050 = PRESENTATION_STYLE_ASSIGNMENT((#13051));
#13051 = SURFACE_STYLE_USAGE(.BOTH.,#13052);
#13052 = SURFACE_SIDE_STYLE('',(#13053));
#13053 = SURFACE_STYLE_FILL_AREA(#13054);
#13054 = FILL_AREA_STYLE('',(#13055));
#13055 = FILL_AREA_STYLE_COLOUR('',#11628);
#13056 = STYLED_ITEM('color',(#13057),#5592);
#13057 = PRESENTATION_STYLE_ASSIGNMENT((#13058));
#13058 = SURFACE_STYLE_USAGE(.BOTH.,#13059);
#13059 = SURFACE_SIDE_STYLE('',(#13060));
#13060 = SURFACE_STYLE_FILL_AREA(#13061);
#13061 = FILL_AREA_STYLE('',(#13062));
#13062 = FILL_AREA_STYLE_COLOUR('',#13012);
#13063 = STYLED_ITEM('color',(#13064),#5630);
#13064 = PRESENTATION_STYLE_ASSIGNMENT((#13065));
#13065 = SURFACE_STYLE_USAGE(.BOTH.,#13066);
#13066 = SURFACE_SIDE_STYLE('',(#13067));
#13067 = SURFACE_STYLE_FILL_AREA(#13068);
#13068 = FILL_AREA_STYLE('',(#13069));
#13069 = FILL_AREA_STYLE_COLOUR('',#13027);
#13070 = STYLED_ITEM('color',(#13071),#5652);
#13071 = PRESENTATION_STYLE_ASSIGNMENT((#13072));
#13072 = SURFACE_STYLE_USAGE(.BOTH.,#13073);
#13073 = SURFACE_SIDE_STYLE('',(#13074));
#13074 = SURFACE_STYLE_FILL_AREA(#13075);
#13075 = FILL_AREA_STYLE('',(#13076));
#13076 = FILL_AREA_STYLE_COLOUR('',#13012);
#13077 = STYLED_ITEM('color',(#13078),#5712);
#13078 = PRESENTATION_STYLE_ASSIGNMENT((#13079));
#13079 = SURFACE_STYLE_USAGE(.BOTH.,#13080);
#13080 = SURFACE_SIDE_STYLE('',(#13081));
#13081 = SURFACE_STYLE_FILL_AREA(#13082);
#13082 = FILL_AREA_STYLE('',(#13083));
#13083 = FILL_AREA_STYLE_COLOUR('',#13027);
#13084 = STYLED_ITEM('color',(#13085),#5740);
#13085 = PRESENTATION_STYLE_ASSIGNMENT((#13086));
#13086 = SURFACE_STYLE_USAGE(.BOTH.,#13087);
#13087 = SURFACE_SIDE_STYLE('',(#13088));
#13088 = SURFACE_STYLE_FILL_AREA(#13089);
#13089 = FILL_AREA_STYLE('',(#13090));
#13090 = FILL_AREA_STYLE_COLOUR('',#13012);
#13091 = STYLED_ITEM('color',(#13092),#5906);
#13092 = PRESENTATION_STYLE_ASSIGNMENT((#13093));
#13093 = SURFACE_STYLE_USAGE(.BOTH.,#13094);
#13094 = SURFACE_SIDE_STYLE('',(#13095));
#13095 = SURFACE_STYLE_FILL_AREA(#13096);
#13096 = FILL_AREA_STYLE('',(#13097));
#13097 = FILL_AREA_STYLE_COLOUR('',#13027);
#13098 = STYLED_ITEM('color',(#13099),#5972);
#13099 = PRESENTATION_STYLE_ASSIGNMENT((#13100));
#13100 = SURFACE_STYLE_USAGE(.BOTH.,#13101);
#13101 = SURFACE_SIDE_STYLE('',(#13102));
#13102 = SURFACE_STYLE_FILL_AREA(#13103);
#13103 = FILL_AREA_STYLE('',(#13104));
#13104 = FILL_AREA_STYLE_COLOUR('',#13012);
#13105 = STYLED_ITEM('color',(#13106),#6038);
#13106 = PRESENTATION_STYLE_ASSIGNMENT((#13107));
#13107 = SURFACE_STYLE_USAGE(.BOTH.,#13108);
#13108 = SURFACE_SIDE_STYLE('',(#13109));
#13109 = SURFACE_STYLE_FILL_AREA(#13110);
#13110 = FILL_AREA_STYLE('',(#13111));
#13111 = FILL_AREA_STYLE_COLOUR('',#13027);
#13112 = STYLED_ITEM('color',(#13113),#6156);
#13113 = PRESENTATION_STYLE_ASSIGNMENT((#13114));
#13114 = SURFACE_STYLE_USAGE(.BOTH.,#13115);
#13115 = SURFACE_SIDE_STYLE('',(#13116));
#13116 = SURFACE_STYLE_FILL_AREA(#13117);
#13117 = FILL_AREA_STYLE('',(#13118));
#13118 = FILL_AREA_STYLE_COLOUR('',#13012);
#13119 = STYLED_ITEM('color',(#13120),#6322);
#13120 = PRESENTATION_STYLE_ASSIGNMENT((#13121));
#13121 = SURFACE_STYLE_USAGE(.BOTH.,#13122);
#13122 = SURFACE_SIDE_STYLE('',(#13123));
#13123 = SURFACE_STYLE_FILL_AREA(#13124);
#13124 = FILL_AREA_STYLE('',(#13125));
#13125 = FILL_AREA_STYLE_COLOUR('',#13027);
#13126 = STYLED_ITEM('color',(#13127),#6402);
#13127 = PRESENTATION_STYLE_ASSIGNMENT((#13128));
#13128 = SURFACE_STYLE_USAGE(.BOTH.,#13129);
#13129 = SURFACE_SIDE_STYLE('',(#13130));
#13130 = SURFACE_STYLE_FILL_AREA(#13131);
#13131 = FILL_AREA_STYLE('',(#13132));
#13132 = FILL_AREA_STYLE_COLOUR('',#11744);
#13133 = STYLED_ITEM('color',(#13134),#6436);
#13134 = PRESENTATION_STYLE_ASSIGNMENT((#13135));
#13135 = SURFACE_STYLE_USAGE(.BOTH.,#13136);
#13136 = SURFACE_SIDE_STYLE('',(#13137));
#13137 = SURFACE_STYLE_FILL_AREA(#13138);
#13138 = FILL_AREA_STYLE('',(#13139));
#13139 = FILL_AREA_STYLE_COLOUR('',#13027);
#13140 = STYLED_ITEM('color',(#13141),#6516);
#13141 = PRESENTATION_STYLE_ASSIGNMENT((#13142));
#13142 = SURFACE_STYLE_USAGE(.BOTH.,#13143);
#13143 = SURFACE_SIDE_STYLE('',(#13144));
#13144 = SURFACE_STYLE_FILL_AREA(#13145);
#13145 = FILL_AREA_STYLE('',(#13146));
#13146 = FILL_AREA_STYLE_COLOUR('',#13012);
#13147 = STYLED_ITEM('color',(#13148),#6548);
#13148 = PRESENTATION_STYLE_ASSIGNMENT((#13149));
#13149 = SURFACE_STYLE_USAGE(.BOTH.,#13150);
#13150 = SURFACE_SIDE_STYLE('',(#13151));
#13151 = SURFACE_STYLE_FILL_AREA(#13152);
#13152 = FILL_AREA_STYLE('',(#13153));
#13153 = FILL_AREA_STYLE_COLOUR('',#11744);
#13154 = STYLED_ITEM('color',(#13155),#6614);
#13155 = PRESENTATION_STYLE_ASSIGNMENT((#13156));
#13156 = SURFACE_STYLE_USAGE(.BOTH.,#13157);
#13157 = SURFACE_SIDE_STYLE('',(#13158));
#13158 = SURFACE_STYLE_FILL_AREA(#13159);
#13159 = FILL_AREA_STYLE('',(#13160));
#13160 = FILL_AREA_STYLE_COLOUR('',#13027);
#13161 = STYLED_ITEM('color',(#13162),#6691);
#13162 = PRESENTATION_STYLE_ASSIGNMENT((#13163));
#13163 = SURFACE_STYLE_USAGE(.BOTH.,#13164);
#13164 = SURFACE_SIDE_STYLE('',(#13165));
#13165 = SURFACE_STYLE_FILL_AREA(#13166);
#13166 = FILL_AREA_STYLE('',(#13167));
#13167 = FILL_AREA_STYLE_COLOUR('',#13012);
#13168 = STYLED_ITEM('color',(#13169),#6725);
#13169 = PRESENTATION_STYLE_ASSIGNMENT((#13170));
#13170 = SURFACE_STYLE_USAGE(.BOTH.,#13171);
#13171 = SURFACE_SIDE_STYLE('',(#13172));
#13172 = SURFACE_STYLE_FILL_AREA(#13173);
#13173 = FILL_AREA_STYLE('',(#13174));
#13174 = FILL_AREA_STYLE_COLOUR('',#11744);
#13175 = STYLED_ITEM('color',(#13176),#6740);
#13176 = PRESENTATION_STYLE_ASSIGNMENT((#13177));
#13177 = SURFACE_STYLE_USAGE(.BOTH.,#13178);
#13178 = SURFACE_SIDE_STYLE('',(#13179));
#13179 = SURFACE_STYLE_FILL_AREA(#13180);
#13180 = FILL_AREA_STYLE('',(#13181));
#13181 = FILL_AREA_STYLE_COLOUR('',#13027);
#13182 = STYLED_ITEM('color',(#13183),#6758);
#13183 = PRESENTATION_STYLE_ASSIGNMENT((#13184));
#13184 = SURFACE_STYLE_USAGE(.BOTH.,#13185);
#13185 = SURFACE_SIDE_STYLE('',(#13186));
#13186 = SURFACE_STYLE_FILL_AREA(#13187);
#13187 = FILL_AREA_STYLE('',(#13188));
#13188 = FILL_AREA_STYLE_COLOUR('',#13012);
#13189 = STYLED_ITEM('color',(#13190),#6790);
#13190 = PRESENTATION_STYLE_ASSIGNMENT((#13191));
#13191 = SURFACE_STYLE_USAGE(.BOTH.,#13192);
#13192 = SURFACE_SIDE_STYLE('',(#13193));
#13193 = SURFACE_STYLE_FILL_AREA(#13194);
#13194 = FILL_AREA_STYLE('',(#13195));
#13195 = FILL_AREA_STYLE_COLOUR('',#13027);
#13196 = STYLED_ITEM('color',(#13197),#6808);
#13197 = PRESENTATION_STYLE_ASSIGNMENT((#13198));
#13198 = SURFACE_STYLE_USAGE(.BOTH.,#13199);
#13199 = SURFACE_SIDE_STYLE('',(#13200));
#13200 = SURFACE_STYLE_FILL_AREA(#13201);
#13201 = FILL_AREA_STYLE('',(#13202));
#13202 = FILL_AREA_STYLE_COLOUR('',#13012);
#13203 = STYLED_ITEM('color',(#13204),#6951);
#13204 = PRESENTATION_STYLE_ASSIGNMENT((#13205));
#13205 = SURFACE_STYLE_USAGE(.BOTH.,#13206);
#13206 = SURFACE_SIDE_STYLE('',(#13207));
#13207 = SURFACE_STYLE_FILL_AREA(#13208);
#13208 = FILL_AREA_STYLE('',(#13209));
#13209 = FILL_AREA_STYLE_COLOUR('',#13027);
#13210 = STYLED_ITEM('color',(#13211),#7003);
#13211 = PRESENTATION_STYLE_ASSIGNMENT((#13212));
#13212 = SURFACE_STYLE_USAGE(.BOTH.,#13213);
#13213 = SURFACE_SIDE_STYLE('',(#13214));
#13214 = SURFACE_STYLE_FILL_AREA(#13215);
#13215 = FILL_AREA_STYLE('',(#13216));
#13216 = FILL_AREA_STYLE_COLOUR('',#11628);
#13217 = STYLED_ITEM('color',(#13218),#7027);
#13218 = PRESENTATION_STYLE_ASSIGNMENT((#13219));
#13219 = SURFACE_STYLE_USAGE(.BOTH.,#13220);
#13220 = SURFACE_SIDE_STYLE('',(#13221));
#13221 = SURFACE_STYLE_FILL_AREA(#13222);
#13222 = FILL_AREA_STYLE('',(#13223));
#13223 = FILL_AREA_STYLE_COLOUR('',#11628);
#13224 = STYLED_ITEM('color',(#13225),#7051);
#13225 = PRESENTATION_STYLE_ASSIGNMENT((#13226));
#13226 = SURFACE_STYLE_USAGE(.BOTH.,#13227);
#13227 = SURFACE_SIDE_STYLE('',(#13228));
#13228 = SURFACE_STYLE_FILL_AREA(#13229);
#13229 = FILL_AREA_STYLE('',(#13230));
#13230 = FILL_AREA_STYLE_COLOUR('',#11628);
#13231 = STYLED_ITEM('color',(#13232),#7075);
#13232 = PRESENTATION_STYLE_ASSIGNMENT((#13233));
#13233 = SURFACE_STYLE_USAGE(.BOTH.,#13234);
#13234 = SURFACE_SIDE_STYLE('',(#13235));
#13235 = SURFACE_STYLE_FILL_AREA(#13236);
#13236 = FILL_AREA_STYLE('',(#13237));
#13237 = FILL_AREA_STYLE_COLOUR('',#11628);
#13238 = STYLED_ITEM('color',(#13239),#7137);
#13239 = PRESENTATION_STYLE_ASSIGNMENT((#13240));
#13240 = SURFACE_STYLE_USAGE(.BOTH.,#13241);
#13241 = SURFACE_SIDE_STYLE('',(#13242));
#13242 = SURFACE_STYLE_FILL_AREA(#13243);
#13243 = FILL_AREA_STYLE('',(#13244));
#13244 = FILL_AREA_STYLE_COLOUR('',#11628);
#13245 = STYLED_ITEM('color',(#13246),#7154);
#13246 = PRESENTATION_STYLE_ASSIGNMENT((#13247));
#13247 = SURFACE_STYLE_USAGE(.BOTH.,#13248);
#13248 = SURFACE_SIDE_STYLE('',(#13249));
#13249 = SURFACE_STYLE_FILL_AREA(#13250);
#13250 = FILL_AREA_STYLE('',(#13251));
#13251 = FILL_AREA_STYLE_COLOUR('',#11628);
#13252 = STYLED_ITEM('color',(#13253),#7178);
#13253 = PRESENTATION_STYLE_ASSIGNMENT((#13254));
#13254 = SURFACE_STYLE_USAGE(.BOTH.,#13255);
#13255 = SURFACE_SIDE_STYLE('',(#13256));
#13256 = SURFACE_STYLE_FILL_AREA(#13257);
#13257 = FILL_AREA_STYLE('',(#13258));
#13258 = FILL_AREA_STYLE_COLOUR('',#11628);
#13259 = STYLED_ITEM('color',(#13260),#7194);
#13260 = PRESENTATION_STYLE_ASSIGNMENT((#13261));
#13261 = SURFACE_STYLE_USAGE(.BOTH.,#13262);
#13262 = SURFACE_SIDE_STYLE('',(#13263));
#13263 = SURFACE_STYLE_FILL_AREA(#13264);
#13264 = FILL_AREA_STYLE('',(#13265));
#13265 = FILL_AREA_STYLE_COLOUR('',#11628);
#13266 = STYLED_ITEM('color',(#13267),#7218);
#13267 = PRESENTATION_STYLE_ASSIGNMENT((#13268));
#13268 = SURFACE_STYLE_USAGE(.BOTH.,#13269);
#13269 = SURFACE_SIDE_STYLE('',(#13270));
#13270 = SURFACE_STYLE_FILL_AREA(#13271);
#13271 = FILL_AREA_STYLE('',(#13272));
#13272 = FILL_AREA_STYLE_COLOUR('',#11628);
#13273 = STYLED_ITEM('color',(#13274),#7230);
#13274 = PRESENTATION_STYLE_ASSIGNMENT((#13275));
#13275 = SURFACE_STYLE_USAGE(.BOTH.,#13276);
#13276 = SURFACE_SIDE_STYLE('',(#13277));
#13277 = SURFACE_STYLE_FILL_AREA(#13278);
#13278 = FILL_AREA_STYLE('',(#13279));
#13279 = FILL_AREA_STYLE_COLOUR('',#11628);
#13280 = STYLED_ITEM('color',(#13281),#7246);
#13281 = PRESENTATION_STYLE_ASSIGNMENT((#13282));
#13282 = SURFACE_STYLE_USAGE(.BOTH.,#13283);
#13283 = SURFACE_SIDE_STYLE('',(#13284));
#13284 = SURFACE_STYLE_FILL_AREA(#13285);
#13285 = FILL_AREA_STYLE('',(#13286));
#13286 = FILL_AREA_STYLE_COLOUR('',#11628);
#13287 = STYLED_ITEM('color',(#13288),#7258);
#13288 = PRESENTATION_STYLE_ASSIGNMENT((#13289));
#13289 = SURFACE_STYLE_USAGE(.BOTH.,#13290);
#13290 = SURFACE_SIDE_STYLE('',(#13291));
#13291 = SURFACE_STYLE_FILL_AREA(#13292);
#13292 = FILL_AREA_STYLE('',(#13293));
#13293 = FILL_AREA_STYLE_COLOUR('',#11628);
#13294 = STYLED_ITEM('color',(#13295),#7270);
#13295 = PRESENTATION_STYLE_ASSIGNMENT((#13296));
#13296 = SURFACE_STYLE_USAGE(.BOTH.,#13297);
#13297 = SURFACE_SIDE_STYLE('',(#13298));
#13298 = SURFACE_STYLE_FILL_AREA(#13299);
#13299 = FILL_AREA_STYLE('',(#13300));
#13300 = FILL_AREA_STYLE_COLOUR('',#11628);
#13301 = STYLED_ITEM('color',(#13302),#7284);
#13302 = PRESENTATION_STYLE_ASSIGNMENT((#13303));
#13303 = SURFACE_STYLE_USAGE(.BOTH.,#13304);
#13304 = SURFACE_SIDE_STYLE('',(#13305));
#13305 = SURFACE_STYLE_FILL_AREA(#13306);
#13306 = FILL_AREA_STYLE('',(#13307));
#13307 = FILL_AREA_STYLE_COLOUR('',#13027);
#13308 = STYLED_ITEM('color',(#13309),#7317);
#13309 = PRESENTATION_STYLE_ASSIGNMENT((#13310));
#13310 = SURFACE_STYLE_USAGE(.BOTH.,#13311);
#13311 = SURFACE_SIDE_STYLE('',(#13312));
#13312 = SURFACE_STYLE_FILL_AREA(#13313);
#13313 = FILL_AREA_STYLE('',(#13314));
#13314 = FILL_AREA_STYLE_COLOUR('',#13027);
#13315 = STYLED_ITEM('color',(#13316),#7349);
#13316 = PRESENTATION_STYLE_ASSIGNMENT((#13317));
#13317 = SURFACE_STYLE_USAGE(.BOTH.,#13318);
#13318 = SURFACE_SIDE_STYLE('',(#13319));
#13319 = SURFACE_STYLE_FILL_AREA(#13320);
#13320 = FILL_AREA_STYLE('',(#13321));
#13321 = FILL_AREA_STYLE_COLOUR('',#13012);
#13322 = STYLED_ITEM('color',(#13323),#7366);
#13323 = PRESENTATION_STYLE_ASSIGNMENT((#13324));
#13324 = SURFACE_STYLE_USAGE(.BOTH.,#13325);
#13325 = SURFACE_SIDE_STYLE('',(#13326));
#13326 = SURFACE_STYLE_FILL_AREA(#13327);
#13327 = FILL_AREA_STYLE('',(#13328));
#13328 = FILL_AREA_STYLE_COLOUR('',#13012);
#13329 = STYLED_ITEM('color',(#13330),#7393);
#13330 = PRESENTATION_STYLE_ASSIGNMENT((#13331));
#13331 = SURFACE_STYLE_USAGE(.BOTH.,#13332);
#13332 = SURFACE_SIDE_STYLE('',(#13333));
#13333 = SURFACE_STYLE_FILL_AREA(#13334);
#13334 = FILL_AREA_STYLE('',(#13335));
#13335 = FILL_AREA_STYLE_COLOUR('',#11628);
ENDSEC;
END-ISO-10303-21;
